Key,Page,Section,English,Arabic,Notes
home.title,homepage,META & SEO,Review My Emails | Email List Cleaning That Tells You What to Do,Review My Emails | تدقيق وتنظيف قوائم البريد الإلكتروني,DNT "Review My Emails"
home.meta_desc,homepage,META & SEO,"Validation tools see addresses. We see patterns, context, and risk. Then we tell you exactly what to do. Clear labels: Keep, Monitor, Suppress. With the reasoning behind each one.","أدوات التحقق ترى العناوين فقط. نحن نرى الأنماط والسياق والمخاطر. ثم نخبرك بالضبط بما يجب عليك فعله. تصنيفات واضحة: احتفاظ (Keep)، مراقبة (Monitor)، حجب (Suppress). مع توضيح السبب وراء كل منها.",DNT Keep/Monitor/Suppress
home.og_title,homepage,META & SEO,Review My Emails | Email List Cleaning That Tells You What to Do,Review My Emails | تدقيق وتنظيف قوائم البريد الإلكتروني,Same as title, for social sharing
home.og_desc,homepage,META & SEO,"Validation tools see addresses. We see patterns, context, and risk. Then we tell you exactly what to do.","أدوات التحقق ترى العناوين فقط. نحن نرى الأنماط. نحدد المخاطر ونخبرك بالضبط بالخطوة التالية.",For social sharing
home.hero_badge,homepage,HERO,By Yanna-Torry Aspraki,بواسطة يانا-توري أسبراكي,DNT name
home.hero_headline_1,homepage,HERO,Stop guessing what is wrong with your list.,توقف عن التخمين بشأن مشاكل قائمتك.,First line of headline
home.hero_headline_2,homepage,HERO,We find the problems tools miss.,نكتشف المشاكل التي تفوتها الأدوات.,Second line, highlighted
home.hero_subhead,homepage,HERO,"Validation tools see addresses. We see patterns, context, and risk. Then we tell you exactly what to do.","أدوات التحقق ترى العناوين فقط. نحن نرى الأنماط والمخاطر، ونخبرك بالضبط بما يجب فعله.",
home.cta_primary,homepage,HERO,Get My List Cleaned,تنظيف قائمتي,Main CTA button
home.hero_bridge,homepage,HERO,Most email inboxing and deliverability problems trace back to list quality.,معظم مشاكل الوصول للبريد الوارد (Inboxing) والتسليم تعود إلى جودة القائمة.,
home.hero_quiz_prefix,homepage,HERO,Not sure yet?,لست متأكداً بعد؟,
home.hero_quiz_link,homepage,HERO,Take the 2-minute risk check,قم بإجراء فحص المخاطر في دقيقتين,
dfy.hero_title,done-for-you,HERO,Validators check addresses. I read risk.,المدققون يفحصون العناوين. أنا أقرأ المخاطر.,
dfy.hero_subtitle,done-for-you,HERO,"Your list isn't broken. The assumptions behind it are. I read lists the way experience taught me, not the way software defaults to.","قائمتك ليست معطلة. الافتراضات التي بنيت عليها هي المشكلة. أقرأ القوائم كما علمتني الخبرة، وليس كما تفترض البرمجيات.",
dfy.hero_cta,done-for-you,HERO,Get My List Cleaned,تنظيف قائمتي,
dfy.hero_cta_secondary,done-for-you,HERO,Contact Us First,اتصل بنا أولاً,
dfy.output_title,done-for-you,OUTPUT,What You Get Back,ما الذي ستحصل عليه,
dfy.output_subtitle,done-for-you,OUTPUT,"Your list sorted into three buckets, with the labels and reasoning behind each decision.","قائمتك مصنفة إلى ثلاث مجموعات، مع التسميات والأسباب وراء كل قرار.",
dfy.output_safe,done-for-you,OUTPUT,Safe to Mail,آمن للإرسال (Safe),
dfy.output_safe_desc,done-for-you,OUTPUT,"No flags found. Domain checks out, validation passed, no risk signals. These are clear to send.","لم يتم العثور على أي علامات خطر. النطاق سليم، التحقق ناجح، ولا توجد إشارات خطر. هذه العناوين جاهزة للإرسال.",
dfy.output_yellow,done-for-you,OUTPUT,Yellow Flags,علامات صفراء (Yellow Flags),
dfy.output_yellow_desc,done-for-you,OUTPUT,Each address comes with specific labels explaining why it landed here. Context matters. How you segment and send to these decides the outcome.,كل عنوان يأتي مع تسميات محددة تشرح سبب وجوده هنا. السياق مهم. كيفية تقسيمك وإرسالك لهذه العناوين تحدد النتيجة.,
dfy.output_donotmail,done-for-you,OUTPUT,Do Not Mail,لا ترسل (Do Not Mail),
dfy.output_donotmail_desc,done-for-you,OUTPUT,"Each address comes with specific labels explaining why. Invalid, trap-likely, disposable, or other risk signals. Don't send here.","كل عنوان يأتي مع تسميات محددة تشرح السبب. غير صالح (Invalid)، محتمل أن يكون فخاً (Trap)، مؤقت (Disposable)، أو إشارات خطر أخرى. لا ترسل لهذه العناوين.",
dfy.output_note,done-for-you,OUTPUT,You also get the validation and DNS data that informed each decision. Not just buckets. The full picture.,ستحصل أيضاً على بيانات التحقق وDNS التي بني عليها كل قرار. ليس مجرد تصنيفات، بل الصورة الكاملة.,
dfy.howread_title,done-for-you,HOW I READ,How I Read Your List,كيف أقرأ قائمتك,
dfy.howread_beyond,done-for-you,HOW I READ,I Look Beyond the Address,أنظر إلى ما وراء العنوان,
dfy.howread_beyond_desc,done-for-you,HOW I READ,"Domain behavior, history, and patterns across your entire list. Context, not just existence. An address that ""works"" can still be dangerous.","سلوك النطاق، التاريخ، والأنماط عبر قائمتك بالكامل. السياق، وليس مجرد الوجود. العنوان الذي ""يعمل"" قد لا يزال خطيراً.",
dfy.howread_miss,done-for-you,HOW I READ,I Check What Others Miss,أتحقق مما يفوته الآخرون,
dfy.howread_miss_desc,done-for-you,HOW I READ,"Traps, role accounts, toxic domains, disposable patterns. The things that don't bounce but still hurt you. I've learned what to look for.","الفخاخ، حسابات الأدوار (Role Accounts)، النطاقات السامة، الأنماط المؤقتة. الأشياء التي لا ترتد ولكنها تضرك. لقد تعلمت ما يجب البحث عنه.",
dfy.howread_reasoning,done-for-you,HOW I READ,I Explain My Reasoning,أشرح أسبابي,
dfy.howread_reasoning_desc,done-for-you,HOW I READ,"Not just labels. You get the thinking behind each decision so you understand why, and can make smarter calls next time.","ليس مجرد تسميات. تحصل على التفكير وراء كل قرار لتفهم السبب، وتتمكن من اتخاذ قرارات أذكى في المرة القادمة.",
sos.badge,sos-hotline,HERO,Free Service,خدمة مجانية,
sos.title,sos-hotline,HERO,Email SOS Hotline,خط المساعدة الطارئ للبريد الإلكتروني (SOS Hotline),DNT SOS Hotline
sos.subtitle,sos-hotline,HERO,"Free expert guidance for anyone with an email question. No sales pitch. No catch. Just honest answers from a deliverability specialist who gets emails into inboxes for a living.","توجيه مجاني من الخبراء لأي شخص لديه سؤال حول البريد الإلكتروني. لا مبيعات. لا شروط مخفية. فقط إجابات صادقة من متخصص في تسليم البريد الإلكتروني يوصل الرسائل للوارد يومياً.",
sos.cta,sos-hotline,HERO,Contact the SOS Hotline,اتصل بـ SOS Hotline,DNT SOS Hotline
sos.note,sos-hotline,HERO,"Within 48 hours. Often sooner.","خلال 48 ساعة. وغالباً أسرع.",
sos.how_title,sos-hotline,HOW IT WORKS,How It Works,كيف يعمل الأمر,
sos.testimonials_title,sos-hotline,TESTIMONIALS,What People Say,ماذا يقول الناس,
sos.why_title,sos-hotline,WHY FREE,Why Is This Free?,لماذا هذه الخدمة مجانية؟,
sos.why_free_p1,sos-hotline,WHY FREE,"We offer real help without charging because it is the right thing to do.","نقدم مساعدة حقيقية مجاناً ببساطة لأن هذا هو الشيء الصحيح الذي ينبغي فعله.",
sos.final_cta_subtext,sos-hotline,FINAL CTA,"Email us. Within 48 hours. Often sooner.","راسلنا عبر البريد الإلكتروني. الرد خلال 48 ساعة. وغالباً قبل ذلك.",
sos.how_step1,sos-hotline,HOW IT WORKS,You send an email to the SOS Hotline,ترسل بريداً إلكترونياً إلى SOS Hotline,DNT SOS Hotline
sos.how_step2,sos-hotline,HOW IT WORKS,You receive an automatic reply confirming we got it,تتلقى رداً تلقائياً يؤكد استلامنا لرسالتك,
sos.how_step3,sos-hotline,HOW IT WORKS,YT personally reads and responds within 48 hours,تقرأ يانا-توري الرسائل شخصياً وترد خلال 48 ساعة,DNT YT
pricing.sos_desc,pricing,SOS,Free expert support for deliverability questions. No data touched. No list processed. Just honest answers.,دعم خبراء مجاني لأسئلة التسليم (Deliverability). لا نلمس بياناتك. لا نعالج قائمتك. فقط إجابات صادقة.,
pricing.sos_card_desc,pricing,SOS,"Ask any email question. Get a real answer from a real expert. No sales pitch, no strings attached.","اسأل أي سؤال حول البريد الإلكتروني. احصل على إجابة حقيقية من خبير حقيقي. لا محاولات بيع، لا قيود.",
pricing.sos_status,pricing,SOS,"Use it before, during, or after cleaning to understand your situation.","استخدمه قبل أو أثناء أو بعد التدقيق لفهم موقفك.",
sos.modal_subtitle,sos-hotline,MODAL,Tell us what's going on and we'll get back to you within 24-48 hours.,أخبرنا بما يحدث وسنعود إليك خلال 24-48 ساعة.,
sos.topics_headline,sos-hotline,TOPICS,If it touches email, we can help.,إذا كان الأمر يتعلق بالبريد الإلكتروني، يمكننا المساعدة.,
sos.more_expert_cta,sos-hotline,BRIDGE,See the Process,شاهد العملية,
Key,Page,Section,English,Arabic,Notes
pricing.hero_title,pricing,HERO,Beyond Validation. We Tell You What Your List Means.,أبعد من مجرد التحقق. نحن نخبرك بما تعنيه قائمتك حقاً.,
pricing.hero_subtitle,pricing,HERO,"Not just pass/fail. Every address comes with reasoning so you know what to keep, what to monitor, and what to suppress.","ليس مجرد نجاح/فشل. كل عنوان يأتي مع سبب لتعرف ما يجب الاحتفاظ به، وما يجب مراقبته، وما يجب حجبه.",
pricing.output_title,pricing,OUTPUT,What You Get,ما ستحصل عليه,
pricing.output_cleared,pricing,OUTPUT,Cleared After Full Review,تمت الموافقة بعد المراجعة الكاملة,
pricing.output_patterns,pricing,OUTPUT,Patterns Worth Watching,أنماط تستحق المراقبة,
pricing.output_risk,pricing,OUTPUT,"Clear Risk, Clear Reasoning",مخاطر واضحة، أسباب واضحة,
pricing.whofor_title,pricing,WHO FOR,Who This Is For,لمن هذه الخدمة,
pricing.problem_title,pricing,PROBLEM,The Problem,المشكلة,
pricing.value_title,pricing,VALUE,What You Are Actually Paying For,ما الذي تدفع مقابله بالفعل,
pricing.options_title,pricing,OPTIONS,Service Options,خيارات الخدمة,
pricing.sos_title,pricing,OPTIONS,SOS Hotline,SOS Hotline,DNT SOS Hotline
pricing.dfy_title,pricing,OPTIONS,Done-For-You,خدمة متكاملة (Done-For-You),
pricing.selfserve_title,pricing,OPTIONS,Self-Serve,خدمة ذاتية (Self-Serve),
pricing.coming_soon,pricing,OPTIONS,Coming Soon,قريباً,
pricing.calculator_title,pricing,CALCULATOR,Pricing Calculator,حاسبة الأسعار,
pricing.calculate_price,pricing,CALCULATOR,Calculate Your Price,احسب سعرك,
pricing.get_started,pricing,CALCULATOR,Get Started,ابدأ الآن,
pricing.sos_section_title,pricing,SOS SECTION,SOS Email Hotline,خط المساعدة الطارئ للبريد الإلكتروني,DNT SOS
pricing.sos_free_help,pricing,SOS SECTION,Free Email Help,مساعدة مجانية في البريد الإلكتروني,
pricing.sos_learn_more,pricing,SOS SECTION,Learn More About SOS Hotline,تعرف أكثر على SOS Hotline,DNT SOS Hotline
pricing.cta_title,pricing,CTA,Ready to Clean Your List?,جاهز لتنظيف قائمتك؟,
pricing.cta_getstarted,pricing,CTA,Get My List Cleaned,تنظيف قائمتي,
pricing.cta_waitlist,pricing,CTA,Join the Waitlist,انضم لقائمة الانتظار,
pricing.cta_freehelp,pricing,CTA,Get Free Help,احصل على مساعدة مجانية,
pricing.faq_title,pricing,FAQ,Questions?,أسئلة؟,
pricing.output_subtitle,pricing,OUTPUT,A cleaned list with clear recommendations.,قائمة نظيفة مع توصيات واضحة.,
pricing.output_cleared_desc,pricing,OUTPUT,No risk patterns surfaced during review. Domain behavior and historical signals support continued sending.,لم تظهر أنماط مخاطر أثناء المراجعة. سلوك النطاق والإشارات التاريخية تدعم استمرار الإرسال.,
pricing.output_patterns_desc,pricing,OUTPUT,These require judgment. We surface historical patterns and relationship context. You decide how to segment based on your tolerance and goals.,هذه تتطلب حكماً تقديرياً. نكشف الأنماط التاريخية وسياق العلاقة. أنت تقرر كيفية التقسيم بناءً على أهدافك وقدرتك على تحمل المخاطر.,
pricing.output_risk_desc,pricing,OUTPUT,Clear risk signals: known problem domains, disposable patterns, historical trap indicators. Each address includes the specific flags that earned suppression. You will know exactly why.,إشارات خطر واضحة: نطاقات معروفة بالمشاكل، أنماط بريد مؤقت، مؤشرات فخاخ تاريخية. كل عنوان يتضمن العلامات المحددة التي أدت لحجبه. ستعرف السبب بالضبط.,
pricing.output_note,pricing,OUTPUT,Every decision comes with the reasoning behind it. This is not a pass/fail list. It is a decision-making tool built on historical domain behavior and pattern recognition.,كل قرار يأتي مع السبب وراءه. هذه ليست قائمة نجاح/فشل. إنها أداة لاتخاذ القرار مبنية على سلوك النطاق التاريخي والتعرف على الأنماط.,
pricing.whofor_subtitle,pricing,WHO FOR,Marketers who already send email and want to protect their sender reputation.,المسوقون الذين يرسلون رسائل بريد إلكتروني بالفعل ويريدون حماية سمعة المرسل الخاصة بهم.,
pricing.whofor_note,pricing,WHO FOR,"If you care about long-term reputation, not just short-term volume, this is for you.","إذا كنت تهتم بالسمعة طويلة المدى، وليس فقط الحجم قصير المدى، فهذا لك.",
pricing.whofor_item1,pricing,WHO FOR,Running campaigns but seeing declining engagement,تدير حملات ولكن ترى تراجعاً في التفاعل,
pricing.whofor_item2,pricing,WHO FOR,"Worried about bounces, complaints, or blocklists",قلق بشأن الارتدادات (Bounces)، الشكاوى، أو القوائم المحظورة (Blocklists),
pricing.whofor_item3,pricing,WHO FOR,Inheriting a list you did not build,ورثت قائمة لم تقم ببنائها بنفسك,
pricing.whofor_item4,pricing,WHO FOR,"Under pressure to ""just send"" but sensing risk","تحت ضغط ""فقط أرسل"" لكنك تشعر بوجود خطر",
pricing.whofor_item5,pricing,WHO FOR,Trying to explain deliverability to a boss who does not get it,تحاول شرح قابلية التسليم (Deliverability) لمدير لا يفهمها,
pricing.badge_deliverable,pricing,PROBLEM,Deliverable,قابل للتسليم,
pricing.badge_undeliverable,pricing,PROBLEM,Undeliverable,غير قابل للتسليم,
pricing.badge_risky,pricing,PROBLEM,Risky,خطر,
pricing.badge_unknown,pricing,PROBLEM,Unknown,غير معروف,
pricing.problem_intro,pricing,PROBLEM,Most list cleaning tools give you a status and leave you guessing. That tells you what to remove. It does not tell you what is actually wrong.,معظم أدوات تنظيف القوائم تعطيك حالة وتتركك لتخمن. تخبرك بما يجب حذفه، لكنها لا تخبرك بالخطأ الفعلي.,
pricing.problem_q1,pricing,PROBLEM,Why is engagement dropping?,لماذا ينخفض التفاعل؟,
pricing.problem_q2,pricing,PROBLEM,Why are complaints rising?,لماذا تتزايد الشكاوى؟,
pricing.problem_q3,pricing,PROBLEM,"Is it the list, the sending, or both?","هل السبب القائمة، أم الإرسال، أم كلاهما؟",
pricing.problem_q4,pricing,PROBLEM,Which addresses are actually hurting me?,أي العناوين تضرني فعلاً؟,
pricing.problem_q5,pricing,PROBLEM,What patterns should I watch for?,ما الأنماط التي يجب أن أراقبها؟,
pricing.problem_q6,pricing,PROBLEM,What should I do about the ""risky"" ones?,ماذا يجب أن أفعل بشأن العناوين ""الخطرة""؟,
pricing.problem_footer,pricing,PROBLEM,We give you the context to answer those questions.,نحن نعطيك السياق للإجابة على تلك الأسئلة.,
pricing.value_subtitle,pricing,VALUE,The difference between checking and interpreting.,الفرق بين الفحص والتفسير.,
pricing.comp_them1,pricing,VALUE,Validators check if an inbox exists.,المدققون يفحصون ما إذا كان صندوق البريد موجوداً.,
pricing.comp_us1,pricing,VALUE,We assess whether sending there is safe.,نحن نقيم ما إذا كان الإرسال إلى هناك آمناً.,
pricing.comp_them2,pricing,VALUE,Validators give you a status.,المدققون يعطونك حالة.,
pricing.comp_us2,pricing,VALUE,We give you the reasoning behind a decision.,نحن نعطيك السبب وراء القرار.,
pricing.comp_them3,pricing,VALUE,Validators flag what bounces.,المدققون يضعون علامة على ما يرتد.,
pricing.comp_us3,pricing,VALUE,We flag what damages your reputation without bouncing.,نحن نضع علامة على ما يضر سمعتك دون أن يرتد.,
pricing.comp_them4,pricing,VALUE,Validators process volume.,المدققون يعالجون الحجم.,
pricing.comp_us4,pricing,VALUE,We interpret patterns across your entire list.,نحن نفسر الأنماط عبر قائمتك بالكامل.,
pricing.comp_them5,pricing,VALUE,Validators leave you guessing.,المدققون يتركونك تخمن.,
pricing.comp_us5,pricing,VALUE,We tell you what to do and why.,نحن نخبرك بما يجب فعله ولماذا.,
pricing.badge_guidance,pricing,OPTIONS,Guidance,توجيه,
pricing.badge_execution,pricing,OPTIONS,Execution,تنفيذ,
pricing.badge_automation,pricing,OPTIONS,Automation,أتمتة,
pricing.sos_desc,pricing,OPTIONS,Free expert support for deliverability questions. No data touched. No list processed. Just honest answers.,دعم خبراء مجاني لأسئلة التسليم. لا نلمس بياناتك. لا نعالج قائمتك. فقط إجابات صادقة.,
pricing.sos_status,pricing,OPTIONS,Use it before, during, or after cleaning to understand your situation.,استخدمه قبل، أو أثناء، أو بعد التنظيف لفهم موقفك.,
pricing.learn_more,pricing,OPTIONS,Learn more →,اعرف المزيد ←,
pricing.dfy_desc,pricing,OPTIONS,"Send us your list. We process it, label every address, and return results with clear reasoning.","أرسل لنا قائمتك. نعالجها، نصنف كل عنوان، ونعيد النتائج مع أسباب واضحة.",
pricing.dfy_status,pricing,OPTIONS,You get the decisions made for you. Available now.,نحن نتخذ القرارات نيابة عنك. متاح الآن.,
pricing.get_started_arrow,pricing,OPTIONS,Get started →,ابدأ الآن ←,
pricing.selfserve_desc,pricing,OPTIONS,"Upload your list. Download results. Same methodology as done-for-you, but you run it yourself.","ارفع قائمتك. حمل النتائج. نفس منهجية الخدمة المتكاملة، لكنك تديرها بنفسك.",
pricing.selfserve_status,pricing,OPTIONS,Coming soon. Join the waitlist to get notified.,قريباً. انضم لقائمة الانتظار ليتم إعلامك.,
pricing.join_waitlist,pricing,OPTIONS,Join Waitlist,انضم لقائمة الانتظار,
pricing.newsletter_checkbox,pricing,OPTIONS,"Monthly deliverability insights (no spam, just signal)","رؤى شهرية حول التسليم (لا رسائل مزعجة، فقط معلومات مفيدة)",
pricing.free_credits,pricing,OPTIONS,+1,500 free credits,+1,500 رصيد مجاني,
pricing.waitlist_success,pricing,OPTIONS,You're on the list! We'll notify you when self-serve launches.,أنت في القائمة! سنخطرك عند إطلاق الخدمة الذاتية.,
pricing.options_note,pricing,OPTIONS,SOS tells you what to think about. Done-for-you does the thinking for you. Self-serve lets you do the thinking yourself.,SOS يخبرك بما يجب أن تفكر فيه. الخدمة المتكاملة تفكر نيابة عنك. الخدمة الذاتية تتيح لك التفكير بنفسك.,
pricing.calculator_subtitle,pricing,CALCULATOR,Pay only for what you need. Credits never expire.,ادفع فقط مقابل ما تحتاجه. الرصيد لا ينتهي أبداً.,
pricing.calculator_intro,pricing,CALCULATOR,Simple. More volume, lower rate.,بسيط. حجم أكبر، سعر أقل.,
pricing.how_many_emails,pricing,CALCULATOR,How many emails?,كم عدد رسائل البريد الإلكتروني؟,
pricing.emails_unit,pricing,CALCULATOR,emails,بريد إلكتروني,
pricing.price_per_email,pricing,CALCULATOR,Price per email,السعر لكل بريد,
pricing.total,pricing,CALCULATOR,Total,الإجمالي,
pricing.calculator_note,pricing,CALCULATOR,Need more than 1 million?,تحتاج أكثر من مليون؟,
pricing.contact_us,pricing,CALCULATOR,Contact us,اتصل بنا,
pricing.custom_pricing,pricing,CALCULATOR,for custom pricing.,للحصول على تسعير مخصص.,
pricing.volume_pricing,pricing,CALCULATOR,Volume Pricing,تسعير الحجم,
pricing.list_size,pricing,CALCULATOR,List Size,حجم القائمة,
pricing.per_email,pricing,CALCULATOR,Per Email,لكل بريد,
pricing.sos_section_intro,pricing,SOS SECTION,Free email support for any email-related question.,دعم بريد إلكتروني مجاني لأي سؤال متعلق بالبريد الإلكتروني.,
pricing.sos_card_desc,pricing,SOS SECTION,Ask any email question. Get a real answer from a real expert. No sales pitch, no strings attached.,اسأل أي سؤال بريدي. احصل على إجابة حقيقية من خبير حقيقي. لا مبيعات، لا قيود.,
pricing.sos_duration,pricing,SOS SECTION,Response within 48 hours. Usually faster.,الرد خلال 48 ساعة. وغالباً أسرع.,
pricing.cta_subtitle,pricing,CTA,Choose what works for you.,اختر ما يناسبك.,
pricing.cta_getstarted_desc,pricing,CTA,Done-for-you service. Send your list, get results.,خدمة متكاملة. أرسل قائمتك، احصل على النتائج.,
pricing.cta_waitlist_desc,pricing,CTA,Be first to access self-serve when it launches.,كن أول من يصل للخدمة الذاتية عند إطلاقها.,
pricing.cta_freehelp_desc,pricing,CTA,Email our SOS hotline with your questions.,راسل خط SOS للطوارئ بأسئلتك.,
pricing.learn_more_btn,pricing,CTA,Learn More,اعرف المزيد,
pricing.send_message,pricing,FAQ,Send us a message,أرسل لنا رسالة,
pricing.response_time,pricing,FAQ,We respond within 48 hours. Usually faster.,نرد خلال 48 ساعة. وغالباً أسرع.,
quiz.title,quiz,INTRO,Is Your List Safe?,هل قائمتك آمنة؟,
quiz.result_noconsent_headline,quiz,RESULTS,We can absolutely help clean your list.,يمكننا بالتأكيد المساعدة في تنظيف قائمتك.,
quiz.result_crisis_headline,quiz,RESULTS,You need triage, not just cleaning.,أنت بحاجة إلى فرز طارئ، وليس مجرد تنظيف.,
quiz.result_toolfailure_headline,quiz,RESULTS,Your validation tool missed something.,أداة التحقق الخاصة بك فاتها شيء ما.,
quiz.result_directlink,quiz,RESULTS,Ready to go?,جاهز للانطلاق؟,
quiz.result_directlink_cta,quiz,RESULTS,Get My List Cleaned →,تنظيف قائمتي ←,
quiz.capture_title,quiz,CAPTURE,Save your diagnosis,احفظ تشخيصك,
quiz.capture_subtitle,quiz,CAPTURE,Get your results emailed and optionally join our waitlist for self-serve tools.,احصل على نتائجك عبر البريد وانضم اختيارياً لقائمة انتظار أدوات الخدمة الذاتية.,
quiz.capture_newsletter,quiz,CAPTURE,"Monthly deliverability insights (no spam, just signal)","رؤى شهرية حول التسليم (لا رسائل مزعجة، فقط معلومات مفيدة)",
quiz.capture_bonus,quiz,CAPTURE,1,500 credits when we launch,1,500 رصيد عند الإطلاق,
quiz.capture_submit,quiz,CAPTURE,Send My Results,أرسل نتائجي,
quiz.capture_skip,quiz,CAPTURE,Skip,تخطي,
quiz.capture_waitlist,quiz,CAPTURE,Notify me when self-serve launches,أعلمني عند إطلاق الخدمة الذاتية,
quiz.capture_contact,quiz,CAPTURE,Have someone reach out to discuss my situation (no sales pitch),اجعل شخصاً يتواصل معي لمناقشة وضعي (بدون محاولة بيع),
quiz.step_indicator,quiz,INTRO,Question {n} of {total},سؤال {n} من {total},Use {n} and {total} as placeholders
quiz.q1,quiz,QUESTIONS,How did the majority of these emails get on your list?,كيف وصل غالبية هذه العناوين إلى قائمتك؟,
quiz.q1_a1,quiz,QUESTIONS,They filled out a form on my website or app,قاموا بملء نموذج على موقعي أو تطبيقي,
quiz.q1_a2,quiz,QUESTIONS,"Purchased, scraped, or cold outreach (no opt-in)","تم شراؤها، أو جمعها آلياً (Scraped)، أو تواصل بارد (بدون موافقة مسبقة)",
quiz.q1_a3,quiz,QUESTIONS,Mixed sources / I inherited this list,مصادر مختلطة / ورثت هذه القائمة,
quiz.q2,quiz,QUESTIONS,Is your sending domain authenticated with DMARC?,هل نطاق الإرسال الخاص بك موثق بـ DMARC؟,DNT DMARC
quiz.q2_a1,quiz,QUESTIONS,"Yes, DMARC is set to Reject or Quarantine","نعم، DMARC مضبوط على Reject أو Quarantine",DNT DMARC, Reject, Quarantine
quiz.q2_a2,quiz,QUESTIONS,"I think so, but I'm not sure of the settings","أعتقد ذلك، لكن لست متأكداً من الإعدادات",
quiz.q2_a3,quiz,QUESTIONS,No / What is DMARC?,لا / ما هو DMARC؟,DNT DMARC
quiz.q3,quiz,QUESTIONS,Have you run this list through a validation tool?,هل قمت بتشغيل هذه القائمة عبر أداة تحقق؟,
quiz.q3_a1,quiz,QUESTIONS,No, never / Not in the last 6 months,لا، أبداً / ليس في آخر 6 أشهر,
quiz.q3_a2,quiz,QUESTIONS,Yes, it said ""Valid"" but I'm still seeing issues,نعم، قالت ""صالح (Valid)"" لكني لا أزال أرى مشاكل,
quiz.q3_a3,quiz,QUESTIONS,Yes, it flagged a lot as ""Unknown"" or ""Catch-All"",نعم، ميزت الكثير منها كـ ""Unknown"" أو ""Catch-All"",
quiz.q3_a4,quiz,QUESTIONS,Yes, and everything seems fine,نعم، ويبدو كل شيء على ما يرام,
quiz.q4,quiz,QUESTIONS,What brought you here today?,ما الذي جاء بك إلى هنا اليوم؟,
quiz.q4_a1,quiz,QUESTIONS,Open rates are slowly dropping over time,معدلات الفتح تنخفض ببطء مع مرور الوقت,
quiz.q4_a2,quiz,QUESTIONS,ESP warning or suspension,تحذير أو تعليق من مزود خدمة البريد (ESP),DNT ESP
quiz.q4_a3,quiz,QUESTIONS,I want to be safe before a big send,أريد أن أكون آمناً قبل عملية إرسال كبيرة,
quiz.q4_a4,quiz,QUESTIONS,Tools give conflicting answers,الأدوات تعطي إجابات متضاربة,
quiz.loading_main,quiz,LOADING,Analyzing your responses...,جاري تحليل إجاباتك...,
quiz.loading_sub,quiz,LOADING,Comparing against common patterns,جاري المقارنة مع الأنماط الشائعة,
quiz.loading_checking,quiz,LOADING,Checking risk indicators...,جاري التحقق من مؤشرات الخطر...,
quiz.loading_matching,quiz,LOADING,Matching against known patterns,جاري المطابقة مع الأنماط المعروفة,
quiz.loading_preparing,quiz,LOADING,Preparing your diagnosis...,جاري إعداد تشخيصك...,
quiz.result_pattern,quiz,RESULTS,This is one of the most common patterns I see.,هذا أحد أكثر الأنماط شيوعاً التي أراها.,
quiz.badge_higher_risk,quiz,RESULTS,Higher Risk,مخاطر أعلى,
quiz.badge_critical,quiz,RESULTS,Critical,حرج,
quiz.badge_high_risk,quiz,RESULTS,High Risk,عالي المخاطر,
quiz.badge_medium_risk,quiz,RESULTS,Medium Risk,متوسط المخاطر,
quiz.badge_low_risk,quiz,RESULTS,Low Risk,منخفض المخاطر,
quiz.reality_check_title,quiz,RESULTS,What we'll do,ما سنفعله,
quiz.reality_check_title_alt,quiz,RESULTS,What this means,ماذا يعني هذا,
quiz.cta_talk_specialist,quiz,RESULTS,Talk to a Specialist,تحدث إلى أخصائي,
quiz.cta_full_review,quiz,RESULTS,Get a full review,احصل على مراجعة كاملة,
quiz.cta_diagnose,quiz,RESULTS,Let's diagnose this,دعنا نشخص هذا,
quiz.cta_clarity,quiz,RESULTS,Get clarity on your list,احصل على وضوح بشأن قائمتك,
quiz.cta_diagnosis,quiz,RESULTS,Get the diagnosis,احصل على التشخيص,
quiz.cta_safety,quiz,RESULTS,Get a safety check,احصل على فحص أمان,
quiz.result_infra_headline,quiz,RESULTS,Your infrastructure may be the problem.,بنيتك التحتية قد تكون هي المشكلة.,
quiz.result_catchall_headline,quiz,RESULTS,Those ""Unknown"" addresses are not unknown to me.,تلك العناوين ""غير المعروفة"" ليست مجهولة بالنسبة لي.,
quiz.result_decay_headline,quiz,RESULTS,Your list is slowly suffocating your delivery.,قائمتك تخنق عملية التسليم ببطء.,
quiz.result_preventive_headline,quiz,RESULTS,You are in a good spot. Let's keep it that way.,أنت في وضع جيد. دعنا نحافظ عليه هكذا.,
quiz.result_noconsent_subhead,quiz,RESULTS,Lists without explicit consent carry more risk—but that doesn't mean you can't send safely. We'll remove the addresses most likely to hurt you.,القوائم التي بدون موافقة صريحة تحمل مخاطر أكبر—لكن هذا لا يعني أنك لا تستطيع الإرسال بأمان. سنزيل العناوين الأكثر احتمالاً لإيذائك.,
quiz.result_crisis_subhead,quiz,RESULTS,An ESP warning is the final straw. Your reputation is already damaged. Automated cleaning alone will not get you reinstated.,تحذير ESP هو القشة الأخيرة. سمعتك تضررت بالفعل. التنظيف الآلي وحده لن يعيدك للعمل.,DNT ESP
quiz.result_toolfailure_subhead,quiz,RESULTS,You paid for syntax checking. You were punished for reputation. A 'Valid' email can still be a spam trap or chronic complainer.,لقد دفعت مقابل التحقق من الصيغة. وعوقبت بسبب السمعة. البريد 'الصالح' قد يظل فخ سبام أو شخصاً كثير الشكوى.,
quiz.result_infra_subhead,quiz,RESULTS,Without proper DMARC authentication, even a clean list can land in spam. This is a fixable issue, but it needs attention before list cleaning matters.,بدون توثيق DMARC سليم، حتى القائمة النظيفة قد تصل للسبام. هذه مشكلة قابلة للإصلاح، لكنها تحتاج لاهتمام قبل أن يصبح تنظيف القائمة مهماً.,DNT DMARC
quiz.result_catchall_subhead,quiz,RESULTS,Catch-all domains accept everything. Validation tools cannot tell you which addresses are real. I can.,نطاقات Catch-all تقبل كل شيء. أدوات التحقق لا تستطيع إخبارك أي العناوين حقيقي. أنا أستطيع.,
quiz.result_decay_subhead,quiz,RESULTS,No bounce spike. No warning. Just a quiet decline as dead weight accumulates and inbox providers filter you to spam.,لا ارتفاع مفاجئ في الارتداد. لا تحذير. مجرد انخفاض هادئ مع تراكم العناوين الميتة وقيام مزودي البريد بفلترتك إلى السبام.,
quiz.result_preventive_subhead,quiz,RESULTS,Healthy lists still decay by about 22% every year. A preventative review before a big send catches recycled traps that formed since your last campaign.,القوائم الصحية لا تزال تتدهور بحوالي 22% سنوياً. المراجعة الوقائية قبل إرسال كبير تلتقط الفخاخ المعاد تدويرها التي تشكلت منذ حملتك الأخيرة.,
quiz.reality_noconsent,quiz,RESULTS,"We catch invalid addresses, spam traps, role accounts, and high-risk patterns that other validators miss. We're thorough. But we're also honest: no tool can catch every trap on a non-consent list because some are designed to be undetectable. That's true for every validator—we're just the ones who tell you.","نحن نلتقط العناوين غير الصالحة، وفخاخ السبام، وحسابات الأدوار، والأنماط عالية المخاطر التي يفوتها المدققون الآخرون. نحن دقيقون. لكننا صادقون أيضاً: لا توجد أداة يمكنها التقاط كل فخ في قائمة غير مصرح بها لأن بعضها مصمم ليكون غير قابل للكشف. هذا صحيح لكل مدقق—نحن فقط من نخبرك بذلك.",
quiz.reality_crisis,quiz,RESULTS,You need a remediation strategy, not just a clean list. I help identify the root cause and build a path back to good standing with your ESP.,أنت بحاجة لاستراتيجية علاج، ليس مجرد قائمة نظيفة. أساعد في تحديد السبب الجذري وبناء مسار للعودة لوضع جيد مع ESP الخاص بك.,DNT ESP
quiz.reality_toolfailure,quiz,RESULTS,Automated tools cannot see behavioral history. They check code, not context. I find the 'Valid but Dangerous' addresses they miss.,الأدوات الآلية لا ترى التاريخ السلوكي. هي تفحص الكود، وليس السياق. أنا أجد العناوين 'الصالحة لكن خطرة' التي يفوتونها.,
quiz.reality_infra,quiz,RESULTS,Domain authentication tells inbox providers you are who you say you are. Without it, your emails look suspicious regardless of list quality.,توثيق النطاق يخبر مزودي البريد أنك الشخص الذي تدعيه. بدونه، تبدو رسائلك مشبوهة بغض النظر عن جودة القائمة.,
quiz.reality_catchall,quiz,RESULTS,A large percentage of business domains are catch-all. Validation marks them 'Unknown' because it cannot verify. Pattern recognition and engagement history tell a different story.,نسبة كبيرة من نطاقات الأعمال هي catch-all. التحقق يضع عليها علامة 'Unknown' لأنه لا يستطيع التأكد. التعرف على الأنماط وتاريخ التفاعل يروي قصة مختلفة.,
quiz.reality_decay,quiz,RESULTS,This is the hardest problem to diagnose because there is no event. Your list has accumulated decay, and it is dragging down your engaged subscribers.,هذه أصعب مشكلة للتشخيص لأنه لا يوجد حدث معين. قائمتك راكمت تدهوراً، وهذا يسحب المشتركين المتفاعلين معك للأسفل.,
quiz.reality_preventive,quiz,RESULTS,You are doing the right things. A safety check ensures you do not accidentally hit a trap that did not exist last time you sent.,أنت تفعل الأشياء الصحيحة. فحص الأمان يضمن أنك لن تصيب فخاً عن طريق الخطأ لم يكن موجوداً في المرة الأخيرة التي أرسلت فيها.,
quiz.additional_issues_title,quiz,RESULTS,Other things we noticed,أشياء أخرى لاحظناها,
quiz.modal_title,quiz,MODAL,Talk to a Specialist,تحدث إلى أخصائي,
quiz.modal_subtitle,quiz,MODAL,Tell us about your situation and we'll get back to you within 24 hours.,أخبرنا عن وضعك وسنعود إليك خلال 24 ساعة.,
quiz.modal_message_placeholder,quiz,MODAL,Tell us about your situation...,أخبرنا عن وضعك...,
quiz.capture_success,quiz,CAPTURE,Your results have been sent!,تم إرسال نتائجك!,
quiz.capture_credits_bonus,quiz,CAPTURE,You've also earned 1,500 free credits.,لقد ربحت أيضاً 1,500 رصيد مجاني.,
quiz.capture_reach_out,quiz,CAPTURE,We'll reach out soon.,سنتواصل معك قريباً.,
audit.badge,audit,INTRO,Free Self-Assessment,تقييم ذاتي مجاني,
audit.title,audit,INTRO,Inbox Placement Self-Audit,تدقيق ذاتي لوصول البريد (Inbox Placement),
audit.subtitle,audit,INTRO,What most senders never check. Use this monthly. Be honest. This is how problems get caught before revenue drops.,ما لا يتحقق منه معظم المرسلين أبداً. استخدم هذا شهرياً. كن صادقاً. هكذا يتم كشف المشاكل قبل انخفاض الإيرادات.,
audit.disclaimer,audit,INTRO,Important: This audit covers general best practices. Every business is different. A monthly newsletter has different needs than a daily SaaS notification. Some items here may not apply to you at all. The goal is awareness, not a perfect score.,هام: يغطي هذا التدقيق أفضل الممارسات العامة. كل عمل مختلف. النشرة الإخبارية الشهرية لها احتياجات مختلفة عن إشعارات SaaS اليومية. بعض العناصر هنا قد لا تنطبق عليك إطلاقاً. الهدف هو الوعي، وليس الدرجة الكاملة.,
audit.meta_time,audit,INTRO,5-7 minutes,5-7 دقائق,
audit.meta_sections,audit,INTRO,10 sections,10 أقسام,
audit.meta_tips,audit,INTRO,Personalized tips,نصائح مخصصة,
audit.start_button,audit,INTRO,Start Audit,ابدأ التدقيق,
audit.section_automation,audit,SECTIONS,Automation Timing,توقيت الأتمتة,
audit.section_header,audit,SECTIONS,Header & Footer Hygiene,نظافة الترويسة والتذييل,
audit.section_tracking,audit,SECTIONS,Tracking Domain Risk,مخاطر نطاق التتبع,
audit.section_engagement,audit,SECTIONS,Engagement Logic,منطق التفاعل,
audit.section_layout,audit,SECTIONS,Layout Pattern Risk,مخاطر نمط التخطيط,
audit.section_sendtime,audit,SECTIONS,Send Time Logic,منطق وقت الإرسال,
audit.section_migration,audit,SECTIONS,ESP Migration Risk,مخاطر الانتقال بين مزودي البريد (ESP),
audit.section_subject,audit,SECTIONS,Subject vs Preview Trust,ثقة الموضوع مقابل المعاينة,
audit.section_spam,audit,SECTIONS,Spam Folder Rendering,العرض في مجلد السبام,
audit.section_validation,audit,SECTIONS,Validation Frequency,تكرار التحقق,
audit.grade_strong,audit,RESULTS,Strong Foundation,أساس قوي,
audit.grade_attention,audit,RESULTS,Needs Attention,يحتاج لاهتمام,
audit.grade_risk,audit,RESULTS,High Risk,عالي المخاطر,
audit.out_of_100,audit,RESULTS,out of 100,من 100,
audit.score_by_section,audit,RESULTS,Score by Section,الدرجة حسب القسم,
audit.next_section,audit,BUTTONS,Next Section,القسم التالي,
audit.see_results,audit,BUTTONS,See Results,شاهد النتائج,
audit.retake,audit,BUTTONS,Retake Audit,أعد التدقيق,
audit.save_title,audit,CAPTURE,Save Your Results,احفظ نتائجك,
audit.send_report,audit,CAPTURE,Send My Report,أرسل تقريري,
audit.report_sent,audit,CAPTURE,Report Sent!,تم إرسال التقرير!,
audit.save_subtitle,audit,CAPTURE,Get a detailed report emailed and optionally join our waitlist.,احصل على تقرير مفصل عبر البريد وانضم اختيارياً لقائمة الانتظار.,
audit.capture_newsletter,audit,CAPTURE,"Monthly deliverability insights (no spam, just signal)","رؤى شهرية حول التسليم (لا رسائل مزعجة، فقط معلومات مفيدة)",
audit.capture_bonus,audit,CAPTURE,1,500 credits when we launch,1,500 رصيد عند الإطلاق,
audit.capture_waitlist,audit,CAPTURE,Notify me when self-serve launches,أعلمني عند إطلاق الخدمة الذاتية,
audit.capture_contact,audit,CAPTURE,Have someone reach out to discuss my audit results (no sales pitch),اجعل شخصاً يتواصل معي لمناقشة نتائج التدقيق (بدون محاولة بيع),
audit.capture_skip,audit,CAPTURE,"Skip, I'll just review on screen","تخطي، سأراجع على الشاشة فقط",
audit.recommendations_title,audit,RESULTS,Action Items by Section,بنود العمل حسب القسم,
audit.recommendations_subtitle,audit,RESULTS,Everything flagged based on your answers. Review what applies to you:,كل ما تم تمييزه بناءً على إجاباتك. راجع ما ينطبق عليك:,
audit.sos_title,audit,SOS PLUG,Not Sure What Applies to You?,لست متأكداً مما ينطبق عليك؟,
audit.sos_desc,audit,SOS PLUG,Every business is different. What's critical for a daily sender might be irrelevant for a monthly newsletter. If you're unsure which items actually matter for your situation, talk to someone who's seen it all.,كل عمل مختلف. ما هو حاسم لمرسل يومي قد لا يكون له صلة بنشرة شهرية. إذا لم تكن متأكداً أي العناصر تهم وضعك فعلاً، تحدث مع شخص رأى كل شيء.,
audit.sos_badge,audit,SOS PLUG,Free. No pitch. Just answers.,مجاني. لا عروض بيع. فقط إجابات.,
audit.sos_card_desc,audit,SOS PLUG,"The SOS Hotline connects you with YT, a deliverability specialist who's cleaned thousands of lists and diagnosed hundreds of sending problems. Ask anything.","SOS Hotline يوصلك بـ YT، أخصائي تسليم قام بتنظيف آلاف القوائم وتشخيص مئات مشاكل الإرسال. اسأل أي شيء.",DNT SOS Hotline, YT
audit.sos_cta,audit,SOS PLUG,Talk to a Specialist,تحدث إلى أخصائي,
audit.sos_learn_more,audit,SOS PLUG,Learn About SOS Hotline,تعرف أكثر على SOS Hotline,DNT SOS Hotline
audit.testimonial_quote,audit,TESTIMONIAL,Review My Emails goes beyond standard tools by identifying risky patterns others miss.,Review My Emails تتجاوز الأدوات القياسية بتحديد الأنماط الخطرة التي يفوتها الآخرون.,DNT Review My Emails
audit.testimonial_author,audit,TESTIMONIAL,"Julia S., Italy","جوليا س.، إيطاليا",DNT
audit.get_cleaning,audit,BUTTONS,Get Expert List Cleaning,احصل على تنظيف قوائم من خبراء,
about.email_link,about,CONTENT,Email,البريد الإلكتروني,
about.founder_title,about,CONTENT,"Founder, Review My Emails","مؤسس، Review My Emails",
audit.back,audit,CONTENT,Back,رجوع,
audit.built_by,audit,CONTENT,Built by,بواسطة,
audit.get_cleaned,audit,CONTENT,Get Your List Cleaned,نظف قائمتك,
audit.important,audit,CONTENT,Important:,هام:,
audit.what_cover,audit,CONTENT,What we'll cover,ما سنغطيه,
contact.modal_subtitle,common,CONTACT MODAL,Tell us what you're working on. We'll get back to you within one business day.,أخبرنا عما تعمل عليه. سنعود إليك خلال يوم عمل واحد.,
contact.modal_title,common,CONTACT MODAL,Get in Touch,تواصل معنا,
contact.submit,common,CONTACT MODAL,Send Message,أرسل الرسالة,
footer.legal,common,FOOTER,Privacy Policy · Terms,سياسة الخصوصية · الشروط,
form.email_label,common,FORM FIELDS,Email \*,البريد الإلكتروني \*,
form.message_hint,common,FORM FIELDS,Optional - but helps us prepare for the conversation.,اختياري - لكنه يساعدنا في التحضير للمحادثة.,
form.message_label,common,FORM FIELDS,Message,الرسالة,
form.message_optional_label,common,FORM FIELDS,Message (optional),الرسالة (اختياري),
form.name_label,common,FORM FIELDS,Name \*,الاسم \*,
form.timezone_label,common,FORM FIELDS,Timezone (optional),المنطقة الزمنية (اختياري),
form.timezone_select,common,FORM FIELDS,Select your timezone,اختر منطقتك الزمنية,
form.timezone_select_optional,common,FORM FIELDS,Select your timezone (optional),اختر منطقتك الزمنية (اختياري),
form.tz_alaska,common,FORM FIELDS,Alaska Time,توقيت ألاسكا,
form.tz_central,common,FORM FIELDS,Central Time (CT),التوقيت المركزي (CT),
form.tz_cet,common,FORM FIELDS,Central European Time (CET),توقيت وسط أوروبا (CET),
form.tz_eastern,common,FORM FIELDS,Eastern Time (ET),التوقيت الشرقي (ET),
form.tz_eet,common,FORM FIELDS,Eastern European Time,توقيت شرق أوروبا,
form.tz_gmt,common,FORM FIELDS,GMT / UTC,توقيت غرينتش / UTC,
form.tz_gulf,common,FORM FIELDS,Gulf Standard Time,توقيت الخليج القياسي,
form.tz_hawaii,common,FORM FIELDS,Hawaii Time,توقيت هاواي,
form.tz_india,common,FORM FIELDS,India Standard Time,توقيت الهند القياسي,
form.tz_japan,common,FORM FIELDS,Japan Standard Time,توقيت اليابان القياسي,
form.tz_london,common,FORM FIELDS,London (GMT/BST),لندن (GMT/BST),
form.tz_mountain,common,FORM FIELDS,Mountain Time (MT),التوقيت الجبلي (MT),
form.tz_nz,common,FORM FIELDS,New Zealand Time,توقيت نيوزيلندا,
form.tz_other,common,FORM FIELDS,Other,أخرى,
form.tz_pacific,common,FORM FIELDS,Pacific Time (PT),توقيت المحيط الهادئ (PT),
form.tz_singapore,common,FORM FIELDS,Singapore Time,توقيت سنغافورة,
form.tz_sydney,common,FORM FIELDS,Australian Eastern Time,توقيت شرق أستراليا,
modal.subtitle,common,CONTACT MODAL,Tell us about your situation and we'll get back to you within 24 hours.,أخبرنا عن وضعك وسنعود إليك خلال 24 ساعة.,
ui.message_received,common,UI,Message Received,تم استلام الرسالة,
ui.message_sent,common,UI,Message Sent!,تم إرسال الرسالة!,
ui.request_received,common,UI,Request Received,تم استلام الطلب,
ui.response_time,common,UI,We'll get back to you within 24-48 hours.,سنعود إليك خلال 24-48 ساعة.,
ui.response_time_business,common,UI,We'll get back to you within one business day.,سنعود إليك خلال يوم عمل واحد.,
Key,Page,Section,English,Arabic,Notes
dfy.hero_title,done-for-you,HERO,Validators check addresses. I read risk.,المدققون يفحصون العناوين. أنا أقرأ المخاطر.,
dfy.hero_subtitle,done-for-you,HERO,"Your list isn't broken. The assumptions behind it are. I read lists the way experience taught me, not the way software defaults to.","قائمتك ليست معطلة. الافتراضات التي بنيت عليها هي المشكلة. أقرأ القوائم كما علمتني الخبرة، وليس كما تفترض البرمجيات.",
dfy.hero_cta,done-for-you,HERO,Get My List Cleaned,تنظيف قائمتي,
dfy.hero_cta_secondary,done-for-you,HERO,Contact Us First,اتصل بنا أولاً,
dfy.output_title,done-for-you,OUTPUT,What You Get Back,ما الذي ستحصل عليه,
dfy.output_subtitle,done-for-you,OUTPUT,"Your list sorted into three buckets, with the labels and reasoning behind each decision.","قائمتك مصنفة إلى ثلاث مجموعات، مع التسميات والأسباب وراء كل قرار.",
dfy.output_safe,done-for-you,OUTPUT,Safe to Mail,آمن للإرسال (Safe),
dfy.output_safe_desc,done-for-you,OUTPUT,"No flags found. Domain checks out, validation passed, no risk signals. These are clear to send.","لم يتم العثور على أي علامات خطر. النطاق سليم، التحقق ناجح، ولا توجد إشارات خطر. هذه العناوين جاهزة للإرسال.",
dfy.output_yellow,done-for-you,OUTPUT,Yellow Flags,علامات صفراء (Yellow Flags),
dfy.output_yellow_desc,done-for-you,OUTPUT,Each address comes with specific labels explaining why it landed here. Context matters. How you segment and send to these decides the outcome.,كل عنوان يأتي مع تسميات محددة تشرح سبب وجوده هنا. السياق مهم. كيفية تقسيمك وإرسالك لهذه العناوين تحدد النتيجة.,
dfy.output_donotmail,done-for-you,OUTPUT,Do Not Mail,لا ترسل (Do Not Mail),
dfy.output_donotmail_desc,done-for-you,OUTPUT,"Each address comes with specific labels explaining why. Invalid, trap-likely, disposable, or other risk signals. Don't send here.","كل عنوان يأتي مع تسميات محددة تشرح السبب. غير صالح (Invalid)، محتمل أن يكون فخاً (Trap)، مؤقت (Disposable)، أو إشارات خطر أخرى. لا ترسل لهذه العناوين.",
dfy.output_note,done-for-you,OUTPUT,You also get the validation and DNS data that informed each decision. Not just buckets. The full picture.,ستحصل أيضاً على بيانات التحقق وDNS التي بني عليها كل قرار. ليس مجرد تصنيفات، بل الصورة الكاملة.,
dfy.howread_title,done-for-you,HOW I READ,How I Read Your List,كيف أقرأ قائمتك,
dfy.howread_beyond,done-for-you,HOW I READ,I Look Beyond the Address,أنظر إلى ما وراء العنوان,
dfy.howread_beyond_desc,done-for-you,HOW I READ,"Domain behavior, history, and patterns across your entire list. Context, not just existence. An address that ""works"" can still be dangerous.","سلوك النطاق، التاريخ، والأنماط عبر قائمتك بالكامل. السياق، وليس مجرد الوجود. العنوان الذي ""يعمل"" قد لا يزال خطيراً.",
dfy.howread_miss,done-for-you,HOW I READ,I Check What Others Miss,أتحقق مما يفوته الآخرون,
dfy.howread_miss_desc,done-for-you,HOW I READ,"Traps, role accounts, toxic domains, disposable patterns. The things that don't bounce but still hurt you. I've learned what to look for.","الفخاخ، حسابات الأدوار (Role Accounts)، النطاقات السامة، الأنماط المؤقتة. الأشياء التي لا ترتد ولكنها تضرك. لقد تعلمت ما يجب البحث عنه.",
dfy.howread_reasoning,done-for-you,HOW I READ,I Explain My Reasoning,أشرح أسبابي,
dfy.howread_reasoning_desc,done-for-you,HOW I READ,"Not just labels. You get the thinking behind each decision so you understand why, and can make smarter calls next time.","ليس مجرد تسميات. تحصل على التفكير وراء كل قرار لتفهم السبب، وتتمكن من اتخاذ قرارات أذكى في المرة القادمة.",
dfy.process_title,done-for-you,PROCESS,How It Works,كيف يعمل الأمر,
dfy.process_subtitle,done-for-you,PROCESS,Simple process. Expert execution.,عملية بسيطة. تنفيذ خبير.,
dfy.step1_title,done-for-you,PROCESS,Send Us Your List,أرسل لنا قائمتك,
dfy.step2_title,done-for-you,PROCESS,I Read Your List,أقرأ قائمتك,
dfy.step3_title,done-for-you,PROCESS,Get Labeled Results Back,استلم النتائج المصنفة,
dfy.step4_title,done-for-you,PROCESS,Optional: Book a Walkthrough Call,اختياري: احجز مكالمة شرح,
dfy.consult_title,done-for-you,CONSULTATION,Not Sure What You Need?,لست متأكداً مما تحتاجه؟,
dfy.consult_card,done-for-you,CONSULTATION,1:1 Call with YT,مكالمة فردية مع YT,DNT YT
dfy.consult_cta,done-for-you,CONSULTATION,Book a Free Consultation,احجز استشارة مجانية,
dfy.whofor_title,done-for-you,WHO FOR,Who This Is For,لمن هذه الخدمة,
dfy.whofor_yes,done-for-you,WHO FOR,This Is For You If,هذا لك إذا,
dfy.whofor_no,done-for-you,WHO FOR,Not For You If,ليس لك إذا,
dfy.whofor_partner,done-for-you,WHO FOR,Connect With a Partner,تواصل مع شريك,
dfy.pricing_title,done-for-you,PRICING,Pricing,التسعير,
dfy.notsure_title,done-for-you,PRICING,Not Sure Yet?,لست متأكداً بعد؟,
dfy.notsure_cta,done-for-you,PRICING,Learn About SOS Hotline,تعرف على خط SOS للطوارئ,DNT SOS Hotline
dfy.cta_title,done-for-you,CTA,Ready to Know What's Actually In Your List?,جاهز لمعرفة ما بداخل قائمتك حقاً؟,
dfy.cta_subtitle,done-for-you,CTA,"Send it over. I'll tell you what to keep, what to watch, and what to never send to again. With the reasoning behind every call.","أرسلها إلينا. سأخبرك بما يجب الاحتفاظ به، وما يجب مراقبته، وما لا يجب إرسال أي شيء إليه مرة أخرى. مع ذكر الأسباب وراء كل قرار.",
dfy.cta_footer,done-for-you,CTA,Most lists returned within 24-48 hours.,يتم إرجاع معظم القوائم خلال 24-48 ساعة.,
dfy.label_keep,done-for-you,OUTPUT,Keep,احتفاظ (Keep),DNT Keep
dfy.label_monitor,done-for-you,OUTPUT,Monitor,مراقبة (Monitor),DNT Monitor
dfy.label_suppress,done-for-you,OUTPUT,Suppress,حجب (Suppress),DNT Suppress
dfy.step1_desc,done-for-you,PROCESS,"CSV, Excel, whatever you have. We have seen it all. No judgment, no questions.","CSV، Excel، أياً كان ما لديك. لقد رأينا كل شيء. لا أحكام، لا أسئلة.",
dfy.step2_desc,done-for-you,PROCESS,"Every address gets examined. Domain patterns, history, risk signals. The full picture, not just a validity check.","يتم فحص كل عنوان. أنماط النطاق، التاريخ، إشارات الخطر. الصورة الكاملة، وليس مجرد فحص الصلاحية.",
dfy.step3_desc,done-for-you,PROCESS,"Keep, Monitor, or Suppress. With the specific reasons behind each decision. You will know what to do and why.","احتفاظ، مراقبة، أو حجب. مع الأسباب المحددة وراء كل قرار. ستعرف ماذا تفعل ولماذا.",
dfy.step4_desc,done-for-you,PROCESS,Talk through the results with me. Understand what we found and plan your next steps.,ناقش النتائج معي. افهم ما وجدناه وخطط لخطواتك التالية.,
dfy.consult_subtitle,done-for-you,CONSULTATION,No pressure, no pitch. Let's talk through your situation and figure out if list cleaning is even the right move.,لا ضغوط، لا عروض بيع. دعنا نناقش وضعك ونعرف ما إذا كان تنظيف القائمة هو الخطوة الصحيحة أصلاً.,
dfy.consult_badge,done-for-you,CONSULTATION,First Free Consultation,استشارة أولى مجانية,
dfy.consult_card_desc,done-for-you,CONSULTATION,Tell me what's going on with your list, your sending, your concerns. I'll give you my honest take on what you actually need—even if it's not me.,أخبرني بما يحدث مع قائمتك، إرسالك، ومخاوفك. سأعطيك رأيي الصادق حول ما تحتاجه حقاً—حتى لو لم يكن أنا.,
dfy.consult_duration,done-for-you,CONSULTATION,15-30 minutes. No commitment required.,15-30 دقيقة. لا التزام مطلوب.,
dfy.consult_topics_label,done-for-you,CONSULTATION,We can discuss,يمكننا مناقشة,
dfy.consult_topic1,done-for-you,CONSULTATION,Whether list cleaning makes sense for your situation,ما إذا كان تنظيف القائمة منطقياً لوضعك,
dfy.consult_topic2,done-for-you,CONSULTATION,What's likely causing your deliverability issues,ما الذي يسبب مشاكل التسليم لديك على الأرجح,
dfy.consult_topic3,done-for-you,CONSULTATION,Which service level fits your needs,أي مستوى خدمة يناسب احتياجاتك,
dfy.consult_topic4,done-for-you,CONSULTATION,Timeline and turnaround expectations,توقعات الجدول الزمني والتسليم,
dfy.consult_topic5,done-for-you,CONSULTATION,Questions about the process,أسئلة حول العملية,
dfy.whofor_yes1,done-for-you,WHO FOR,Running campaigns but seeing declining engagement,تدير حملات ولكن ترى تراجعاً في التفاعل,
dfy.whofor_yes2,done-for-you,WHO FOR,"Worried about bounces, complaints, or blocklists",قلق بشأن الارتدادات، الشكاوى، أو القوائم المحظورة,
dfy.whofor_yes3,done-for-you,WHO FOR,Inheriting a list you did not build,ورثت قائمة لم تقم ببنائها,
dfy.whofor_yes4,done-for-you,WHO FOR,"Under pressure to ""just send"" but sensing risk","تحت ضغط ""فقط أرسل"" لكنك تشعر بالخطر",
dfy.whofor_yes5,done-for-you,WHO FOR,Trying to explain deliverability risks internally,تحاول شرح مخاطر التسليم داخلياً,
dfy.whofor_no1,done-for-you,WHO FOR,You want someone to write or send campaigns for you,تريد شخصاً يكتب أو يرسل الحملات نيابة عنك,
dfy.whofor_no2,done-for-you,WHO FOR,You need ESP migration or setup help,تحتاج مساعدة في الانتقال أو الإعداد لـ ESP,DNT ESP
dfy.whofor_no3,done-for-you,WHO FOR,You want ongoing managed services,تريد خدمات إدارة مستمرة,
dfy.whofor_no4,done-for-you,WHO FOR,You need content or design work,تحتاج عمل محتوى أو تصميم,
dfy.testimonial_quote,done-for-you,TESTIMONIAL,The SOS Hotline gave me extremely helpful guidance. Yanna-Torry cleaned our list and supported us beyond the call.,أعطاني خط SOS للطوارئ توجيهات مفيدة للغاية. قامت يانا-توري بتنظيف قائمتنا ودعمتنا لما هو أبعد من المكالمة.,DNT SOS Hotline, Yanna-Torry
dfy.testimonial_author,done-for-you,TESTIMONIAL,"Megan S, UK","ميجان س، المملكة المتحدة",DNT
dfy.pricing_subtitle,done-for-you,PRICING,"Volume pricing: buy more credits, pay less per credit. No contracts, no tricks.","تسعير الحجم: اشترِ رصيداً أكثر، وادفع أقل لكل وحدة. لا عقود، لا حيل.",
dfy.pricing_contact,done-for-you,PRICING,Questions first?,لديك أسئلة أولاً؟,
dfy.pricing_just_ask,done-for-you,PRICING,Just ask,فقط اسأل,
dfy.notsure_desc,done-for-you,PRICING,Have a question before committing? Use the SOS Hotline. It is free. No sales pitch. Just honest answers.,لديك سؤال قبل الالتزام؟ استخدم خط SOS للطوارئ. إنه مجاني. لا عروض بيع. فقط إجابات صادقة.,DNT SOS Hotline
partner.title,partner,HERO,Partner With Us,كن شريكاً معنا,
partner.subtitle,partner,HERO,Work with Review My Emails to help your clients protect their sender reputation.,اعمل مع Review My Emails لمساعدة عملائك في حماية سمعة المرسل الخاصة بهم.,DNT Review My Emails
partner.types_title,partner,TYPES,Who We Work With,مع من نعمل,
partner.esp_title,partner,TYPES,Email Service Providers,موفرو خدمات البريد الإلكتروني (ESPs),
partner.esp_desc,partner,TYPES,Help your customers maintain clean lists. Reduce complaints and bounces before they hurt your shared infrastructure.,ساعد عملاءك في الحفاظ على قوائم نظيفة. قلل الشكاوى والارتدادات قبل أن تضر بنيتك التحتية المشتركة.,
partner.agency_title,partner,TYPES,Marketing Agencies,وكالات التسويق,
partner.agency_desc,partner,TYPES,Offer list hygiene as part of your email marketing services. Give clients clear recommendations, not just validation scores.,قدم نظافة القوائم كجزء من خدمات التسويق عبر البريد الإلكتروني. أعط العملاء توصيات واضحة، وليس مجرد درجات تحقق.,
partner.consultant_title,partner,TYPES,Deliverability Consultants,استشاريو التسليم (Deliverability),
partner.consultant_desc,partner,TYPES,Add list interpretation to your toolkit. Get detailed analysis you can use in client reports and remediation plans.,أضف تفسير القائمة إلى مجموعة أدواتك. احصل على تحليل مفصل يمكنك استخدامه في تقارير العملاء وخطط العلاج.,
partner.data_title,partner,TYPES,Data Providers,موفرو البيانات,
partner.data_desc,partner,TYPES,Validate the quality of email data before it reaches your customers. Reduce complaints and build trust.,تحقق من جودة بيانات البريد الإلكتروني قبل أن تصل لعملائك. قلل الشكاوى وابنِ الثقة.,
partner.cta_title,partner,CTA,Interested?,مهتم؟,
partner.cta_subtitle,partner,CTA,Reach out to discuss how we can work together. No pitch deck required. Just tell us what you are trying to solve.,تواصل لمناقشة كيف يمكننا العمل معاً. لا حاجة لعرض تقديمي. فقط أخبرنا بما تحاول حله.,
partner.cta_button,partner,CTA,Email Us,راسلنا,
partner.modal_title,partner,MODAL,Partner With Us,كن شريكاً معنا,
partner.modal_subtitle,partner,MODAL,Tell us about your business and we'll get back to you within 24 hours.,أخبرنا عن عملك وسنعود إليك خلال 24 ساعة.,
partner.modal_placeholder,partner,MODAL,Tell us about your business and how you'd like to partner...,أخبرنا عن عملك وكيف تود الشراكة...,
partner.modal_button,partner,MODAL,Send Message,أرسل الرسالة,
partner.modal_success_title,partner,MODAL,Message Received,تم استلام الرسالة,
partner.modal_success_text,partner,MODAL,We'll get back to you within 24 hours.,سنعود إليك خلال 24 ساعة.,
Key,Page,Section,English,Arabic,Notes
pricing.comp_them1,pricing,COMPARISON,Validators check if an inbox exists.,المدققون يفحصون ما إذا كان صندوق البريد موجوداً.,
pricing.comp_us1,pricing,COMPARISON,We assess whether sending there is safe.,نحن نقيم ما إذا كان الإرسال إلى هناك آمناً.,
pricing.comp_them2,pricing,COMPARISON,Validators give you a status.,المدققون يعطونك حالة.,
pricing.comp_us2,pricing,COMPARISON,We give you the reasoning behind a decision.,نحن نعطيك السبب وراء القرار.,
pricing.comp_them3,pricing,COMPARISON,Validators flag what bounces.,المدققون يضعون علامة على ما يرتد.,
pricing.comp_us3,pricing,COMPARISON,We flag what damages your reputation without bouncing.,نحن نضع علامة على ما يضر سمعتك دون أن يرتد.,
pricing.comp_them4,pricing,COMPARISON,Validators process volume.,المدققون يعالجون الحجم.,
pricing.comp_us4,pricing,COMPARISON,We interpret patterns across your entire list.,نحن نفسر الأنماط عبر قائمتك بالكامل.,
pricing.comp_them5,pricing,COMPARISON,Validators leave you guessing.,المدققون يتركونك تخمن.,
pricing.comp_us5,pricing,COMPARISON,We tell you what to do and why.,نحن نخبرك بما يجب فعله ولماذا.,
pricing.compare_title,pricing,COMPARISON,What You Are Actually Paying For,ما الذي تدفع مقابله بالفعل,
pricing.compare_subtitle,pricing,COMPARISON,The difference between checking and interpreting.,الفرق بين الفحص والتفسير.,
pricing.calc_heading,pricing,CALCULATOR,Calculate Your Price,احسب سعرك,
pricing.calc_intro,pricing,CALCULATOR,Simple. More volume, lower rate.,بسيط. حجم أكبر، سعر أقل.,
pricing.calc_subtitle,pricing,CALCULATOR,Pay only for what you need. Credits never expire.,ادفع فقط مقابل ما تحتاجه. الرصيد لا ينتهي أبداً.,
pricing.calc_title,pricing,CALCULATOR,Pricing Calculator,حاسبة الأسعار,
pricing.need_more,pricing,CALCULATOR,Need more than 1 million?,تحتاج أكثر من مليون؟,
pricing.custom_pricing,pricing,CALCULATOR,for custom pricing.,للحصول على تسعير مخصص.,
pricing.contact_us,pricing,CALCULATOR,Contact us,اتصل بنا,
pricing.cta_clean_title,pricing,CTA,Get My List Cleaned,تنظيف قائمتي,
pricing.cta_clean_desc,pricing,CTA,Done-for-you service. Send your list, get results.,خدمة متكاملة. أرسل قائمتك، احصل على النتائج.,
pricing.cta_waitlist_title,pricing,CTA,Join the Waitlist,انضم لقائمة الانتظار,
pricing.cta_waitlist_desc,pricing,CTA,Be first to access self-serve when it launches.,كن أول من يصل للخدمة الذاتية عند إطلاقها.,
pricing.cta_help_title,pricing,CTA,Get Free Help,احصل على مساعدة مجانية,
pricing.cta_help_desc,pricing,CTA,Email our SOS hotline with your questions.,راسل خط SOS للطوارئ بأسئلتك.,DNT SOS Hotline
pricing.learn_more_btn,pricing,CTA,Learn More,اعرف المزيد,
pricing.option_guidance,pricing,OPTIONS,Guidance,توجيه,
pricing.option_execution,pricing,OPTIONS,Execution,تنفيذ,
pricing.option_automation,pricing,OPTIONS,Automation,أتمتة,
pricing.join,pricing,CONTENT,Join,انضم,
pricing.get_started_btn,pricing,CONTENT,Get Started,ابدأ الآن,
pricing.questions_title,pricing,CONTENT,Questions?,أسئلة؟,
pricing.waitlist_success_short,pricing,CONTENT,You're on the list!,أنت في القائمة!,
pricing.newsletter_opt,pricing,CONTENT,"Monthly deliverability insights (no spam, just signal)","رؤى شهرية حول التسليم (لا رسائل مزعجة، فقط معلومات مفيدة)",
pricing.for_custom,pricing,CONTENT,for custom pricing.,للحصول على تسعير مخصص.,
pricing.learn_more_sos,pricing,CONTENT,Learn More About SOS Hotline,تعرف أكثر على SOS Hotline,DNT SOS Hotline
pricing.free_help_title,pricing,FREE HELP,Free Email Help,مساعدة مجانية في البريد الإلكتروني,
pricing.free_help_desc,pricing,FREE HELP,"Ask any email question. Get a real answer from a real expert. No sales pitch, no strings attached.","اسأل أي سؤال بريدي. احصل على إجابة حقيقية من خبير حقيقي. لا مبيعات، لا قيود.",
pricing.hero_headline1,pricing,HERO,Beyond Validation.,أبعد من مجرد التحقق.,
pricing.hero_headline2,pricing,HERO,We Tell You What Your List Means.,نحن نخبرك بما تعنيه قائمتك حقاً.,
pricing.hero_subhead,pricing,HERO,"Not just pass/fail. Every address comes with reasoning so you know what to keep, what to monitor, and what to suppress.","ليس مجرد نجاح/فشل. كل عنوان يأتي مع سبب لتعرف ما يجب الاحتفاظ به، وما يجب مراقبته، وما يجب حجبه.",DNT Keep/Monitor/Suppress
pricing.what_you_get_title,pricing,OUTPUT,What You Get,ما ستحصل عليه,
pricing.what_you_get_subtitle,pricing,OUTPUT,A cleaned list with clear recommendations.,قائمة نظيفة مع توصيات واضحة.,
pricing.keep_title,pricing,OUTPUT,Cleared After Full Review,تمت الموافقة بعد المراجعة الكاملة,
pricing.keep_desc,pricing,OUTPUT,No risk patterns surfaced during review. Domain behavior and historical signals support continued sending.,لم تظهر أنماط مخاطر أثناء المراجعة. سلوك النطاق والإشارات التاريخية تدعم استمرار الإرسال.,
pricing.monitor_title,pricing,OUTPUT,Patterns Worth Watching,أنماط تستحق المراقبة,
pricing.monitor_desc,pricing,OUTPUT,"These require judgment. We surface historical patterns and relationship context.",هذه تتطلب حكماً تقديرياً. نكشف الأنماط التاريخية وسياق العلاقة.,
pricing.suppress_title,pricing,OUTPUT,"Clear Risk, Clear Reasoning",مخاطر واضحة، أسباب واضحة,
pricing.suppress_desc,pricing,OUTPUT,"Clear risk signals: known problem domains, disposable patterns, historical trap indicators.",إشارات خطر واضحة: نطاقات معروفة بالمشاكل، أنماط بريد مؤقت، مؤشرات فخاخ تاريخية.,
pricing.who_title,pricing,WHO FOR,Who This Is For,لمن هذه الخدمة,
pricing.who_subtitle,pricing,WHO FOR,Marketers who already send email and want to protect their sender reputation.,المسوقون الذين يرسلون رسائل بريد إلكتروني بالفعل ويريدون حماية سمعة المرسل الخاصة بهم.,
pricing.who_note,pricing,WHO FOR,"If you care about long-term reputation, not just short-term volume, this is for you.","إذا كنت تهتم بالسمعة طويلة المدى، وليس فقط الحجم قصير المدى، فهذا لك.",
pricing.who_item1,pricing,WHO FOR,Running campaigns but seeing declining engagement,تدير حملات ولكن ترى تراجعاً في التفاعل,
pricing.who_item2,pricing,WHO FOR,"Worried about bounces, complaints, or blocklists",قلق بشأن الارتدادات، الشكاوى، أو القوائم المحظورة,
pricing.who_item3,pricing,WHO FOR,Inheriting a list you did not build,ورثت قائمة لم تقم ببنائها,
pricing.who_item4,pricing,WHO FOR,"Under pressure to ""just send"" but sensing risk","تحت ضغط ""فقط أرسل"" لكنك تشعر بالخطر",
pricing.who_item5,pricing,WHO FOR,Trying to explain deliverability to a boss who does not get it,تحاول شرح قابلية التسليم لمدير لا يفهمها,
quiz.loading_analyzing,quiz,LOADING,Analyzing your responses...,جاري تحليل إجاباتك...,
quiz.loading_comparing,quiz,LOADING,Comparing against common patterns,جاري المقارنة مع الأنماط الشائعة,
quiz.loading_checking,quiz,LOADING,Checking risk indicators...,جاري التحقق من مؤشرات الخطر...,
quiz.loading_matching,quiz,LOADING,Matching against known patterns,جاري المطابقة مع الأنماط المعروفة,
quiz.loading_preparing,quiz,LOADING,Preparing your diagnosis...,جاري إعداد تشخيصك...,
quiz.step_indicator,quiz,INTRO,Question {n} of {total},سؤال {n} من {total},Use {n} and {total} as placeholders
quiz.step_1_of_4,quiz,QUESTIONS,Question 1 of 4,السؤال 1 من 4,
quiz.q1_text,quiz,QUESTIONS,How did the majority of these emails get on your list?,كيف وصل غالبية هذه العناوين إلى قائمتك؟,
quiz.q2_text,quiz,QUESTIONS,Is your sending domain authenticated with DMARC?,هل نطاق الإرسال الخاص بك موثق بـ DMARC؟,DNT DMARC
quiz.q3_text,quiz,QUESTIONS,Have you run this list through a validation tool?,هل قمت بتشغيل هذه القائمة عبر أداة تحقق؟,
quiz.q4_text,quiz,QUESTIONS,What brought you here today?,ما الذي جاء بك إلى هنا اليوم؟,
quiz.pattern_line,quiz,RESULTS,This is one of the most common patterns I see.,هذا أحد أكثر الأنماط شيوعاً التي أراها.,
quiz.badge_higher_risk,quiz,RESULTS,Higher Risk,مخاطر أعلى,
quiz.badge_critical,quiz,RESULTS,Critical,حرج,
quiz.badge_high_risk,quiz,RESULTS,High Risk,عالي المخاطر,
quiz.badge_medium_risk,quiz,RESULTS,Medium Risk,متوسط المخاطر,
quiz.badge_low_risk,quiz,RESULTS,Low Risk,منخفض المخاطر,
quiz.what_well_do,quiz,RESULTS,What we'll do,ما سنفعله,
quiz.what_this_means,quiz,RESULTS,What this means,ماذا يعني هذا,
quiz.reality_check_title,quiz,RESULTS,What we'll do,ما سنفعله,
quiz.reality_check_title_alt,quiz,RESULTS,What this means,ماذا يعني هذا,
quiz.cta_talk_specialist,quiz,RESULTS,Talk to a Specialist,تحدث إلى أخصائي,
quiz.cta_full_review,quiz,RESULTS,Get a full review,احصل على مراجعة كاملة,
quiz.cta_diagnose,quiz,RESULTS,Let's diagnose this,دعنا نشخص هذا,
quiz.cta_clarity,quiz,RESULTS,Get clarity on your list,احصل على وضوح بشأن قائمتك,
quiz.cta_get_diagnosis,quiz,CTA,Get the diagnosis,احصل على التشخيص,
quiz.cta_safety_check,quiz,CTA,Get a safety check,احصل على فحص أمان,
quiz.res_infra_headline,quiz,RESULTS,Your infrastructure may be the problem.,بنيتك التحتية قد تكون هي المشكلة.,
quiz.res_catchall_headline,quiz,RESULTS,Those ""Unknown"" addresses are not unknown to me.,تلك العناوين ""غير المعروفة"" ليست مجهولة بالنسبة لي.,
quiz.res_decay_headline,quiz,RESULTS,Your list is slowly suffocating your delivery.,قائمتك تخنق عملية التسليم ببطء.,
quiz.res_preventive_headline,quiz,RESULTS,You are in a good spot. Let's keep it that way.,أنت في وضع جيد. دعنا نحافظ عليه هكذا.,
quiz.res_noconsent_headline,quiz,RESULTS,We can absolutely help clean your list.,يمكننا بالتأكيد المساعدة في تنظيف قائمتك.,
quiz.res_crisis_headline,quiz,RESULTS,You need triage, not just cleaning.,أنت بحاجة إلى فرز طارئ، وليس مجرد تنظيف.,
quiz.res_toolfail_headline,quiz,RESULTS,Your validation tool missed something.,أداة التحقق الخاصة بك فاتها شيء ما.,
quiz.res_noconsent_subhead,quiz,RESULTS,Lists without explicit consent carry more risk—but that doesn't mean you can't send safely. We'll remove the addresses most likely to hurt you.,القوائم التي بدون موافقة صريحة تحمل مخاطر أكبر—لكن هذا لا يعني أنك لا تستطيع الإرسال بأمان. سنزيل العناوين الأكثر احتمالاً لإيذائك.,
quiz.res_crisis_subhead,quiz,RESULTS,An ESP warning is the final straw. Your reputation is already damaged. Automated cleaning alone will not get you reinstated.,تحذير ESP هو القشة الأخيرة. سمعتك تضررت بالفعل. التنظيف الآلي وحده لن يعيدك للعمل.,DNT ESP
quiz.res_toolfail_subhead,quiz,RESULTS,You paid for syntax checking. You were punished for reputation. A 'Valid' email can still be a spam trap or chronic complainer.,لقد دفعت مقابل التحقق من الصيغة. وعوقبت بسبب السمعة. البريد 'الصالح' قد يظل فخ سبام أو شخصاً كثير الشكوى.,
quiz.res_infra_subhead,quiz,RESULTS,Without proper DMARC authentication, even a clean list can land in spam. This is a fixable issue, but it needs attention before list cleaning matters.,بدون توثيق DMARC سليم، حتى القائمة النظيفة قد تصل للسبام. هذه مشكلة قابلة للإصلاح، لكنها تحتاج لاهتمام قبل أن يصبح تنظيف القائمة مهماً.,DNT DMARC
quiz.res_catchall_subhead,quiz,RESULTS,Catch-all domains accept everything. Validation tools cannot tell you which addresses are real. I can.,نطاقات Catch-all تقبل كل شيء. أدوات التحقق لا تستطيع إخبارك أي العناوين حقيقي. أنا أستطيع.,
quiz.res_decay_subhead,quiz,RESULTS,No bounce spike. No warning. Just a quiet decline as dead weight accumulates and inbox providers filter you to spam.,لا ارتفاع مفاجئ في الارتداد. لا تحذير. مجرد انخفاض هادئ مع تراكم العناوين الميتة وقيام مزودي البريد بفلترتك إلى السبام.,
quiz.res_preventive_subhead,quiz,RESULTS,Healthy lists still decay by about 22% every year. A preventative review before a big send catches recycled traps that formed since your last campaign.,القوائم الصحية لا تزال تتدهور بحوالي 22% سنوياً. المراجعة الوقائية قبل إرسال كبير تلتقط الفخاخ المعاد تدويرها التي تشكلت منذ حملتك الأخيرة.,
quiz.res_noconsent_reality,quiz,RESULTS,"We catch invalid addresses, spam traps, role accounts, and high-risk patterns that other validators miss. We're thorough. But we're also honest: no tool can catch every trap on a non-consent list because some are designed to be undetectable. That's true for every validator—we're just the ones who tell you.","نحن نلتقط العناوين غير الصالحة، وفخاخ السبام، وحسابات الأدوار، والأنماط عالية المخاطر التي يفوتها المدققون الآخرون. نحن دقيقون. لكننا صادقون أيضاً: لا توجد أداة يمكنها التقاط كل فخ في قائمة غير مصرح بها لأن بعضها مصمم ليكون غير قابل للكشف. هذا صحيح لكل مدقق—نحن فقط من نخبرك بذلك.",
quiz.res_crisis_reality,quiz,RESULTS,You need a remediation strategy, not just a clean list. I help identify the root cause and build a path back to good standing with your ESP.,أنت بحاجة لاستراتيجية علاج، ليس مجرد قائمة نظيفة. أساعد في تحديد السبب الجذري وبناء مسار للعودة لوضع جيد مع ESP الخاص بك.,DNT ESP
quiz.res_toolfail_reality,quiz,RESULTS,Automated tools cannot see behavioral history. They check code, not context. I find the 'Valid but Dangerous' addresses they miss.,الأدوات الآلية لا ترى التاريخ السلوكي. هي تفحص الكود، وليس السياق. أنا أجد العناوين 'الصالحة لكن خطرة' التي يفوتونها.,
quiz.res_infra_reality,quiz,RESULTS,Domain authentication tells inbox providers you are who you say you are. Without it, your emails look suspicious regardless of list quality.,توثيق النطاق يخبر مزودي البريد أنك الشخص الذي تدعيه. بدونه، تبدو رسائلك مشبوهة بغض النظر عن جودة القائمة.,
quiz.res_catchall_reality,quiz,RESULTS,A large percentage of business domains are catch-all. Validation marks them 'Unknown' because it cannot verify. Pattern recognition and engagement history tell a different story.,نسبة كبيرة من نطاقات الأعمال هي catch-all. التحقق يضع عليها علامة 'Unknown' لأنه لا يستطيع التأكد. التعرف على الأنماط وتاريخ التفاعل يروي قصة مختلفة.,
quiz.res_decay_reality,quiz,RESULTS,This is the hardest problem to diagnose because there is no event. Your list has accumulated decay, and it is dragging down your engaged subscribers.,هذه أصعب مشكلة للتشخيص لأنه لا يوجد حدث معين. قائمتك راكمت تدهوراً، وهذا يسحب المشتركين المتفاعلين معك للأسفل.,
quiz.res_preventive_reality,quiz,RESULTS,You are doing the right things. A safety check ensures you do not accidentally hit a trap that did not exist last time you sent.,أنت تفعل الأشياء الصحيحة. فحص الأمان يضمن أنك لن تصيب فخاً عن طريق الخطأ لم يكن موجوداً في المرة الأخيرة التي أرسلت فيها.,
quiz.additional_issues_title,quiz,RESULTS,Other things we noticed,أشياء أخرى لاحظناها,
quiz.result_directlink,quiz,RESULTS,Ready to go?,جاهز للانطلاق؟,
quiz.get_list_cleaned,quiz,RESULTS,Get My List Cleaned →,تنظيف قائمتي ←,
quiz.save_diagnosis,quiz,CAPTURE,Save your diagnosis,احفظ تشخيصك,
quiz.save_subtitle,quiz,CAPTURE,Get your results emailed and optionally join our waitlist for self-serve tools.,احصل على نتائجك عبر البريد وانضم اختيارياً لقائمة انتظار أدوات الخدمة الذاتية.,
quiz.newsletter_opt,quiz,CAPTURE,"Monthly deliverability insights (no spam, just signal)","رؤى شهرية حول التسليم (لا رسائل مزعجة، فقط معلومات مفيدة)",
quiz.bonus_credits,quiz,CAPTURE,1,500 credits when we launch,1,500 رصيد عند الإطلاق,
quiz.send_results,quiz,CAPTURE,Send My Results,أرسل نتائجي,
quiz.skip,quiz,CAPTURE,Skip,تخطي,
quiz.notify_launch,quiz,CAPTURE,Notify me when self-serve launches,أعلمني عند إطلاق الخدمة الذاتية,
quiz.request_contact,quiz,CAPTURE,Have someone reach out to discuss my situation (no sales pitch),اجعل شخصاً يتواصل معي لمناقشة وضعي (بدون محاولة بيع),
quiz.capture_success,quiz,CAPTURE,Your results have been sent!,تم إرسال نتائجك!,
quiz.capture_credits_bonus,quiz,CAPTURE,You've also earned 1,500 free credits.,لقد ربحت أيضاً 1,500 رصيد مجاني.,
quiz.capture_reach_out,quiz,CAPTURE,We'll reach out soon.,سنتواصل معك قريباً.,
quiz.ready_to_go,quiz,CAPTURE,Ready to go?,جاهز للانطلاق؟,
sos.bridge_dfy_cta,sos-hotline,BRIDGE,See What You Get,انظر ماذا ستحصل,
sos.bridge_dfy_desc,sos-hotline,BRIDGE,"Send us your list. We review every address and return it labeled: Keep, Monitor, or Suppress.","أرسل لنا قائمتك. نراجع كل عنوان ونعيده مصنفاً: احتفاظ، مراقبة، أو حجب.",DNT Keep/Monitor/Suppress
sos.bridge_dfy_title,sos-hotline,BRIDGE,Done-For-You Review,مراجعة متكاملة (Done-For-You),
sos.bridge_expert_cta,sos-hotline,BRIDGE,See the Process,شاهد العملية,
sos.bridge_expert_desc,sos-hotline,BRIDGE,Every list review includes a walkthrough of your results. We explain what we found.,كل مراجعة قائمة تتضمن شرحاً لنتائجك. نحن نوضح ما وجدناه.,
sos.bridge_expert_title,sos-hotline,BRIDGE,Expert Interpretation,تفسير الخبراء,
sos.bridge_intro,sos-hotline,BRIDGE,"SOS gives you guidance. If you need someone to actually touch your data, we offer:",SOS يعطيك التوجيه. إذا كنت بحاجة لشخص يلمس بياناتك فعلياً، نحن نقدم:,DNT SOS
sos.bridge_title,sos-hotline,BRIDGE,Need More Than Advice?,تحتاج أكثر من مجرد نصيحة؟,
sos.final_cta_subtext,sos-hotline,FINAL CTA,"Email us. Within 48 hours. Often sooner.","راسلنا عبر البريد الإلكتروني. الرد خلال 48 ساعة. وغالباً قبل ذلك.",
sos.final_cta_title,sos-hotline,FINAL CTA,Ready to Ask Your Question?,جاهز لطرح سؤالك؟,
sos.how_step1,sos-hotline,HOW IT WORKS,You send an email to the SOS Hotline,ترسل بريداً إلكترونياً إلى SOS Hotline,DNT SOS Hotline
sos.how_step2,sos-hotline,HOW IT WORKS,You receive an automatic reply confirming we got it,تتلقى رداً تلقائياً يؤكد استلامنا لرسالتك,
sos.how_step3,sos-hotline,HOW IT WORKS,YT personally reads and responds within 48 hours,تقرأ يانا-توري الرسائل شخصياً وترد خلال 48 ساعة,DNT YT
sos.topic_career_advice,sos-hotline,TOPICS,Career advice,نصائح مهنية,
sos.why_free_p1,sos-hotline,WHY FREE,We offer real help without charging because it is the right thing to do.,"نقدم مساعدة حقيقية مجاناً ببساطة لأن هذا هو الشيء الصحيح الذي ينبغي فعله.",
sos.why_free_p2,sos-hotline,WHY FREE,"If you need more than guidance, we offer done-for-you list reviews with expert interpretation included.","إذا كنت بحاجة لأكثر من التوجيه، نحن نقدم مراجعات قوائم متكاملة تتضمن تفسير الخبراء.",
sos.why_free_tagline,sos-hotline,WHY FREE,Trust beats tactics.,الثقة تغلب التكتيكات.,
sos.why_free_title,sos-hotline,WHY FREE,Why Is This Free?,لماذا هذه الخدمة مجانية؟,
audit.badge,audit,INTRO,Free Self-Assessment,تقييم ذاتي مجاني,
audit.title,audit,INTRO,Inbox Placement Self-Audit,تدقيق ذاتي لوصول البريد (Inbox Placement),
audit.subtitle,audit,INTRO,What most senders never check. Use this monthly. Be honest. This is how problems get caught before revenue drops.,ما لا يتحقق منه معظم المرسلين أبداً. استخدم هذا شهرياً. كن صادقاً. هكذا يتم كشف المشاكل قبل انخفاض الإيرادات.,
audit.disclaimer,audit,INTRO,Important: This audit covers general best practices. Every business is different. A monthly newsletter has different needs than a daily SaaS notification. Some items here may not apply to you at all. The goal is awareness, not a perfect score.,هام: يغطي هذا التدقيق أفضل الممارسات العامة. كل عمل مختلف. النشرة الإخبارية الشهرية لها احتياجات مختلفة عن إشعارات SaaS اليومية. بعض العناصر هنا قد لا تنطبق عليك إطلاقاً. الهدف هو الوعي، وليس الدرجة الكاملة.,
audit.meta_time,audit,INTRO,5-7 minutes,5-7 دقائق,
audit.meta_sections,audit,INTRO,10 sections,10 أقسام,
audit.meta_tips,audit,INTRO,Personalized tips,نصائح مخصصة,
audit.start_button,audit,INTRO,Start Audit,ابدأ التدقيق,
audit.section_automation,audit,SECTIONS,Automation Timing,توقيت الأتمتة,
audit.section_header,audit,SECTIONS,Header & Footer Hygiene,نظافة الترويسة والتذييل,
audit.section_tracking,audit,SECTIONS,Tracking Domain Risk,مخاطر نطاق التتبع,
audit.section_engagement,audit,SECTIONS,Engagement Logic,منطق التفاعل,
audit.section_layout,audit,SECTIONS,Layout Pattern Risk,مخاطر نمط التخطيط,
audit.section_sendtime,audit,SECTIONS,Send Time Logic,منطق وقت الإرسال,
audit.section_migration,audit,SECTIONS,ESP Migration Risk,مخاطر الانتقال بين مزودي البريد (ESP),
audit.section_subject,audit,SECTIONS,Subject vs Preview Trust,ثقة الموضوع مقابل المعاينة,
audit.section_spam,audit,SECTIONS,Spam Folder Rendering,العرض في مجلد السبام,
audit.section_validation,audit,SECTIONS,Validation Frequency,تكرار التحقق,
audit.grade_strong,audit,RESULTS,Strong Foundation,أساس قوي,
audit.grade_attention,audit,RESULTS,Needs Attention,يحتاج لاهتمام,
audit.grade_risk,audit,RESULTS,High Risk,عالي المخاطر,
audit.out_of_100,audit,RESULTS,out of 100,من 100,
audit.score_by_section,audit,RESULTS,Score by Section,الدرجة حسب القسم,
audit.next_section,audit,BUTTONS,Next Section,القسم التالي,
audit.see_results,audit,BUTTONS,See Results,شاهد النتائج,
audit.retake,audit,BUTTONS,Retake Audit,أعد التدقيق,
audit.save_title,audit,CAPTURE,Save Your Results,احفظ نتائجك,
audit.send_report,audit,CAPTURE,Send My Report,أرسل تقريري,
audit.report_sent,audit,CAPTURE,Report Sent!,تم إرسال التقرير!,
audit.save_subtitle,audit,CAPTURE,Get a detailed report emailed and optionally join our waitlist.,احصل على تقرير مفصل عبر البريد وانضم اختيارياً لقائمة الانتظار.,
audit.capture_newsletter,audit,CAPTURE,"Monthly deliverability insights (no spam, just signal)","رؤى شهرية حول التسليم (لا رسائل مزعجة، فقط معلومات مفيدة)",
audit.capture_bonus,audit,CAPTURE,1,500 credits when we launch,1,500 رصيد عند الإطلاق,
audit.capture_waitlist,audit,CAPTURE,Notify me when self-serve launches,أعلمني عند إطلاق الخدمة الذاتية,
audit.capture_contact,audit,CAPTURE,Have someone reach out to discuss my audit results (no sales pitch),اجعل شخصاً يتواصل معي لمناقشة نتائج التدقيق (بدون محاولة بيع),
audit.capture_skip,audit,CAPTURE,"Skip, I'll just review on screen","تخطي، سأراجع على الشاشة فقط",
audit.recommendations_title,audit,RESULTS,Action Items by Section,بنود العمل حسب القسم,
audit.recommendations_subtitle,audit,RESULTS,Everything flagged based on your answers. Review what applies to you:,كل ما تم تمييزه بناءً على إجاباتك. راجع ما ينطبق عليك:,
audit.sos_title,audit,SOS PLUG,Not Sure What Applies to You?,لست متأكداً مما ينطبق عليك؟,
audit.sos_desc,audit,SOS PLUG,Every business is different. What's critical for a daily sender might be irrelevant for a monthly newsletter. If you're unsure which items actually matter for your situation, talk to someone who's seen it all.,كل عمل مختلف. ما هو حاسم لمرسل يومي قد لا يكون له صلة بنشرة شهرية. إذا لم تكن متأكداً أي العناصر تهم وضعك فعلاً، تحدث مع شخص رأى كل شيء.,
audit.sos_badge,audit,SOS PLUG,Free. No pitch. Just answers.,مجاني. لا عروض بيع. فقط إجابات.,
audit.sos_card_desc,audit,SOS PLUG,"The SOS Hotline connects you with YT, a deliverability specialist who's cleaned thousands of lists and diagnosed hundreds of sending problems. Ask anything.","SOS Hotline يوصلك بـ YT، أخصائي تسليم قام بتنظيف آلاف القوائم وتشخيص مئات مشاكل الإرسال. اسأل أي شيء.",DNT SOS Hotline, YT
audit.sos_cta,audit,SOS PLUG,Talk to a Specialist,تحدث إلى أخصائي,
audit.sos_learn_more,audit,SOS PLUG,Learn About SOS Hotline,تعرف أكثر على SOS Hotline,DNT SOS Hotline
audit.testimonial_quote,audit,TESTIMONIAL,Review My Emails goes beyond standard tools by identifying risky patterns others miss.,Review My Emails تتجاوز الأدوات القياسية بتحديد الأنماط الخطرة التي يفوتها الآخرون.,DNT Review My Emails
audit.testimonial_author,audit,TESTIMONIAL,"Julia S., Italy","جوليا س.، إيطاليا",DNT
audit.get_cleaning,audit,BUTTONS,Get Expert List Cleaning,احصل على تنظيف قوائم من خبراء,
about.email_link,about,CONTENT,Email,البريد الإلكتروني,
about.founder_title,about,CONTENT,"Founder, Review My Emails","مؤسس، Review My Emails",
audit.back,audit,CONTENT,Back,رجوع,
audit.built_by,audit,CONTENT,Built by,بواسطة,
audit.get_cleaned,audit,CONTENT,Get Your List Cleaned,نظف قائمتك,
audit.important,audit,CONTENT,Important:,هام:,
audit.what_cover,audit,CONTENT,What we'll cover,ما سنغطيه,
contact.modal_subtitle,common,CONTACT MODAL,Tell us what you're working on. We'll get back to you within one business day.,أخبرنا عما تعمل عليه. سنعود إليك خلال يوم عمل واحد.,
contact.modal_title,common,CONTACT MODAL,Get in Touch,تواصل معنا,
contact.submit,common,CONTACT MODAL,Send Message,أرسل الرسالة,
footer.legal,common,FOOTER,Privacy Policy · Terms,سياسة الخصوصية · الشروط,
form.email_label,common,FORM FIELDS,Email \*,البريد الإلكتروني \*,
form.message_hint,common,FORM FIELDS,Optional - but helps us prepare for the conversation.,اختياري - لكنه يساعدنا في التحضير للمحادثة.,
form.message_label,common,FORM FIELDS,Message,الرسالة,
form.message_optional_label,common,FORM FIELDS,Message (optional),الرسالة (اختياري),
form.name_label,common,FORM FIELDS,Name \*,الاسم \*,
form.timezone_label,common,FORM FIELDS,Timezone (optional),المنطقة الزمنية (اختياري),
form.timezone_select,common,FORM FIELDS,Select your timezone,اختر منطقتك الزمنية,
form.timezone_select_optional,common,FORM FIELDS,Select your timezone (optional),اختر منطقتك الزمنية (اختياري),
form.tz_alaska,common,FORM FIELDS,Alaska Time,توقيت ألاسكا,
form.tz_central,common,FORM FIELDS,Central Time (CT),التوقيت المركزي (CT),
form.tz_cet,common,FORM FIELDS,Central European Time (CET),توقيت وسط أوروبا (CET),
form.tz_eastern,common,FORM FIELDS,Eastern Time (ET),التوقيت الشرقي (ET),
form.tz_eet,common,FORM FIELDS,Eastern European Time,توقيت شرق أوروبا,
form.tz_gmt,common,FORM FIELDS,GMT / UTC,توقيت غرينتش / UTC,
form.tz_gulf,common,FORM FIELDS,Gulf Standard Time,توقيت الخليج القياسي,
form.tz_hawaii,common,FORM FIELDS,Hawaii Time,توقيت هاواي,
form.tz_india,common,FORM FIELDS,India Standard Time,توقيت الهند القياسي,
form.tz_japan,common,FORM FIELDS,Japan Standard Time,توقيت اليابان القياسي,
form.tz_london,common,FORM FIELDS,London (GMT/BST),لندن (GMT/BST),
form.tz_mountain,common,FORM FIELDS,Mountain Time (MT),التوقيت الجبلي (MT),
form.tz_nz,common,FORM FIELDS,New Zealand Time,توقيت نيوزيلندا,
form.tz_other,common,FORM FIELDS,Other,أخرى,
form.tz_pacific,common,FORM FIELDS,Pacific Time (PT),توقيت المحيط الهادئ (PT),
form.tz_singapore,common,FORM FIELDS,Singapore Time,توقيت سنغافورة,
form.tz_sydney,common,FORM FIELDS,Australian Eastern Time,توقيت شرق أستراليا,
modal.subtitle,common,CONTACT MODAL,Tell us about your situation and we'll get back to you within 24 hours.,أخبرنا عن وضعك وسنعود إليك خلال 24 ساعة.,
ui.message_received,common,UI,Message Received,تم استلام الرسالة,
ui.message_sent,common,UI,Message Sent!,تم إرسال الرسالة!,
ui.request_received,common,UI,Request Received,تم استلام الطلب,
ui.response_time,common,UI,We'll get back to you within 24-48 hours.,سنعود إليك خلال 24-48 ساعة.,
ui.response_time_business,common,UI,We'll get back to you within one business day.,سنعود إليك خلال يوم عمل واحد.,
Key,Page,Section,English,Arabic,Notes
about.title,about,HERO,About,عنّا,
about.subtitle,about,HERO,The person behind Review My Emails.,الشخص الذي يقف خلف Review My Emails.,DNT Review My Emails
about.name,about,BIO,Yanna-Torry Aspraki,يانا-توري أسبراكي,DNT name
about.role,about,BIO,"Founder, Review My Emails","مؤسس، Review My Emails",DNT Review My Emails
about.bio_p1,about,BIO,"I started Review My Emails because I kept seeing the same problem. Marketers would run their lists through validation tools, get a clean bill of health, and then watch their deliverability tank anyway.","بدأت Review My Emails لأني ظللت أرى نفس المشكلة. المسوقون يمررون قوائمهم عبر أدوات التحقق، يحصلون على تقرير نظيف، ثم يشاهدون معدلات تسليمهم تنهار رغم ذلك.",DNT Review My Emails
about.bio_p2,about,BIO,The tools were not lying. They just were not telling the whole story.,الأدوات لم تكن تكذب. هي فقط لم تكن تخبر القصة كاملة.,
about.bio_p3,about,BIO,"Validation checks if an address exists. It does not check if sending there is safe. It does not know about complaint histories, engagement patterns, or domain-level risk signals that accumulate over time.","التحقق يفحص ما إذا كان العنوان موجوداً. هو لا يفحص ما إذا كان الإرسال إلى هناك آمناً. هو لا يعرف عن تاريخ الشكاوى، أنماط التفاعل، أو إشارات الخطر على مستوى النطاق التي تتراكم مع الوقت.",
about.bio_p4,about,BIO,"I spent years in email deliverability, working with senders of all sizes. I learned that list health is not binary. An address can be technically valid and still damage your reputation. The question is not ""will this bounce?"" but ""should I send here?""","قضيت سنوات في مجال تسليم البريد الإلكتروني، أعمل مع مرسلين من جميع الأحجام. تعلمت أن صحة القائمة ليست ثنائية (أبيض/أسود). العنوان يمكن أن يكون صالحاً تقنياً ومع ذلك يضر بسمعتك. السؤال ليس ""هل سيرتد هذا؟"" بل ""هل يجب أن أرسل إلى هنا؟""",
about.bio_p5,about,BIO,"That is what Review My Emails answers. Every address gets labeled Keep, Monitor, or Suppress. And every label comes with the reasoning behind it. No black boxes. No guessing.","هذا ما تجيب عليه Review My Emails. كل عنوان يحصل على تصنيف: احتفاظ، مراقبة، أو حجب. وكل تصنيف يأتي مع السبب وراءه. لا صناديق سوداء. لا تخمين.",DNT Review My Emails, Keep, Monitor, Suppress
about.bio_p6,about,BIO,"If you have questions about your list or your deliverability, I am happy to talk. That is what the SOS Hotline is for.","إذا كانت لديك أسئلة حول قائمتك أو معدلات تسليمك، يسعدني التحدث معك. هذا هو سبب وجود خط SOS للطوارئ.",DNT SOS Hotline
about.cta_title,about,CTA,Questions?,أسئلة؟,
about.cta_subtitle,about,CTA,Talk through your situation. No pitch. Just answers.,ناقش وضعك. لا عروض بيع. فقط إجابات.,
about.cta_sos,about,CTA,Learn About SOS Hotline,تعرف على خط SOS للطوارئ,DNT SOS Hotline
about.cta_pricing,about,CTA,See Pricing,شاهد الأسعار,
about.team_title,about,TEAM,The Team,الفريق,
about.team_subtitle,about,TEAM,Need a hand (or eight)? We have got you covered.,تحتاج إلى يد مساعدة (أو ثمانية)؟ نحن هنا من أجلك.,
about.team_contact,about,TEAM,Get in touch:,تواصل معنا:,
about.modal_title,about,MODAL,Get in Touch,تواصل معنا,
about.modal_subtitle,about,MODAL,Tell us what you're working on. We'll get back to you within one business day.,أخبرنا عما تعمل عليه. سنعود إليك خلال يوم عمل واحد.,
about.modal_success,about,MODAL,Message Sent!,تم إرسال الرسالة!,
about.modal_close,about,MODAL,Close,إغلاق,
footer.tagline,common,FOOTER,We see what algorithms can't.,نحن نرى ما لا تراه الخوارزميات.,
footer.services,common,FOOTER,Services,الخدمات,
footer.company,common,FOOTER,Company,الشركة,
footer.contact,common,FOOTER,Contact,اتصل بنا,
footer.security,common,FOOTER,Security,الأمان,
footer.copyright,common,FOOTER,© 2026 Review My Emails. All rights reserved.,© 2026 Review My Emails. جميع الحقوق محفوظة.,DNT brand
footer.privacy,common,FOOTER,Privacy Policy,سياسة الخصوصية,
footer.terms,common,FOOTER,Terms,الشروط,
lang.select,common,LANGUAGE,Language,اللغة,
lang.current_en,common,LANGUAGE,Language: English,اللغة: العربية,
ui.loading,common,UI,Loading...,جاري التحميل...,
ui.submit,common,UI,Submit,إرسال,
ui.cancel,common,UI,Cancel,إلغاء,
ui.close,common,UI,Close,إغلاق,
ui.learn_more,common,UI,Learn More,اعرف المزيد,
ui.view_details,common,UI,View Details,شاهد التفاصيل,
ui.success,common,UI,Success!,نجاح!,
ui.error,common,UI,Something went wrong. Please try again.,حدث خطأ ما. يرجى المحاولة مرة أخرى.,
ui.required,common,UI,Required,مطلوب,
og.headline,common,OG IMAGE,Stop guessing what's wrong with your list,توقف عن التخمين بشأن مشاكل قائمتك,Main text on OG image
og.subhead,common,OG IMAGE,We find the problems tools miss,نكتشف المشاكل التي تفوتها الأدوات,Secondary text
og.tagline,common,OG IMAGE,Expert Email List Cleaning,تنظيف قوائم بريد إلكتروني من خبراء,Bottom tagline
easter.fish_message,common,EASTER EGG,You found me! Here's 20% off your first order.,لقد وجدتني! إليك خصم 20% على طلبك الأول.,Optional
easter.fish_coupon,common,EASTER EGG,Coupon: DEEPDIVE20,كوبون: DEEPDIVE20,DNT coupon code
easter.exit_button,common,EASTER EGG,Return to Surface,العودة إلى السطح,
easter.hint,common,EASTER EGG,Something is swimming in the deep...,هناك شيء يسبح في الأعماق...,
ui.menu_open,common,UI,Open menu,افتح القائمة,Accessibility label
ui.menu_close,common,UI,Close menu,أغلق القائمة,Accessibility label
nav.home,common,NAVIGATION,Home,الرئيسية,
nav.how_it_works,common,NAVIGATION,How It Works,كيف يعمل,
nav.pricing,common,NAVIGATION,Pricing,الأسعار,
nav.sos_hotline,common,NAVIGATION,SOS Hotline,خط الطوارئ,DNT SOS Hotline
nav.about,common,NAVIGATION,About,عنّا,
nav.partner,common,NAVIGATION,Partner,شركاء,
nav.quiz,common,NAVIGATION,Free Quiz,اختبار مجاني,
nav.audit,common,NAVIGATION,Self-Audit,تدقيق ذاتي,
nav.cta,common,NAVIGATION,Get My List Cleaned,تنظيف قائمتي,
audit.sos_badge,audit,SOS PLUG,Free. No pitch. Just answers.,مجاني. لا عروض بيع. فقط إجابات.,
audit.get_cleaning,audit,BUTTONS,Get Expert List Cleaning,احصل على تنظيف قوائم من خبراء,
audit.what_cover,audit,CONTENT,What we'll cover,ما سنغطيه,
partner.cta_title,partner,CTA,Interested?,مهتم؟,
partner.cta_subtitle,partner,CTA,Reach out to discuss how we can work together. No pitch deck required. Just tell us what you are trying to solve.,تواصل لمناقشة كيف يمكننا العمل معاً. لا حاجة لعرض تقديمي. فقط أخبرنا بما تحاول حله.,
partner.cta_button,partner,CTA,Email Us,راسلنا,
partner.modal_title,partner,MODAL,Partner With Us,كن شريكاً معنا,
partner.modal_subtitle,partner,MODAL,Tell us about your business and we'll get back to you within 24 hours.,أخبرنا عن عملك وسنعود إليك خلال 24 ساعة.,
partner.modal_placeholder,partner,MODAL,Tell us about your business and how you'd like to partner...,أخبرنا عن عملك وكيف تود الشراكة...,
partner.modal_button,partner,MODAL,Send Message,أرسل الرسالة,
partner.modal_success_title,partner,MODAL,Message Received,تم استلام الرسالة,
partner.modal_success_text,partner,MODAL,We'll get back to you within 24 hours.,سنعود إليك خلال 24 ساعة.,