Key,Page,Section,English,Thai,Notes
home.title,homepage,META & SEO,Review My Emails | Email List Cleaning That Tells You What to Do,Review My Emails | บริการล้างรายชื่ออีเมลที่บอกคุณว่าต้องทำอะไร,"DNT ""Review My Emails"""
home.meta_desc,homepage,META & SEO,"Validation tools see addresses. We see patterns, context, and risk. Then we tell you exactly what to do. Clear labels: Keep, Monitor, Suppress. With the reasoning behind each one.","เครื่องมือตรวจสอบเห็นแค่ที่อยู่ เราเห็นรูปแบบ บริบท และความเสี่ยง แล้วบอกคุณอย่างชัดเจนว่าต้องทำอะไร ป้ายกำกับชัดเจน: เก็บ (Keep), เฝ้าระวัง (Monitor), ระงับ (Suppress) พร้อมเหตุผลเบื้องหลังแต่ละข้อ","DNT Keep/Monitor/Suppress"
home.og_title,homepage,META & SEO,Review My Emails | Email List Cleaning That Tells You What to Do,Review My Emails | บริการล้างรายชื่ออีเมลที่บอกคุณว่าต้องทำอะไร,"Same as title, for social sharing"
home.og_desc,homepage,META & SEO,"Validation tools see addresses. We see patterns, context, and risk. Then we tell you exactly what to do.","เครื่องมือตรวจสอบเห็นแค่ที่อยู่ เราเห็นรูปแบบ ระบุความเสี่ยงและบอกขั้นตอนต่อไปให้คุณทราบอย่างชัดเจน","For social sharing"
home.hero_badge,homepage,HERO,By Yanna-Torry Aspraki,โดย Yanna-Torry Aspraki,DNT name
home.hero_headline_1,homepage,HERO,Stop guessing what is wrong with your list.,เลิกเดาว่าเกิดอะไรขึ้นกับรายชื่อของคุณ,First line of headline
home.hero_headline_2,homepage,HERO,We find the problems tools miss.,เราพบปัญหาที่เครื่องมือมองข้าม,Second line, highlighted
home.hero_subhead,homepage,HERO,"Validation tools see addresses. We see patterns, context, and risk. Then we tell you exactly what to do.","เครื่องมือตรวจสอบเห็นแค่ที่อยู่ เราวิเคราะห์รูปแบบและความเสี่ยง แล้วบอกคุณอย่างชัดเจนว่าต้องทำอะไร",
home.cta_primary,homepage,HERO,Get My List Cleaned,ล้างรายชื่อของฉัน,Main CTA button
home.hero_bridge,homepage,HERO,Most email inboxing and deliverability problems trace back to list quality.,ปัญหาส่วนใหญ่ของการส่งอีเมลเข้า Inbox และ Deliverability เกิดจากคุณภาพของรายชื่อ,
home.hero_quiz_prefix,homepage,HERO,Not sure yet?,ยังไม่แน่ใจใช่ไหม?,
home.hero_quiz_link,homepage,HERO,Take the 2-minute risk check,ทำแบบประเมินความเสี่ยง 2 นาที,
dfy.hero_title,done-for-you,HERO,Validators check addresses. I read risk.,ตัวตรวจสอบเช็คที่อยู่ ฉันอ่านความเสี่ยง,
dfy.hero_subtitle,done-for-you,HERO,"Your list isn't broken. The assumptions behind it are. I read lists the way experience taught me, not the way software defaults to.","รายชื่อของคุณไม่ได้เสีย สมมติฐานเบื้องหลังต่างหากที่ผิด ฉันอ่านรายชื่อตามประสบการณ์ที่สอนมา ไม่ใช่ตามค่าเริ่มต้นของซอฟต์แวร์",
dfy.hero_cta,done-for-you,HERO,Get My List Cleaned,ล้างรายชื่อของฉัน,
dfy.hero_cta_secondary,done-for-you,HERO,Contact Us First,ติดต่อเราก่อน,
dfy.output_title,done-for-you,OUTPUT,What You Get Back,สิ่งที่คุณจะได้รับกลับมา,
dfy.output_subtitle,done-for-you,OUTPUT,"Your list sorted into three buckets, with the labels and reasoning behind each decision.","รายชื่อของคุณถูกจัดเป็นสามกลุ่ม พร้อมป้ายกำกับและเหตุผลเบื้องหลังการตัดสินใจแต่ละรายการ",
dfy.output_safe,done-for-you,OUTPUT,Safe to Mail,ปลอดภัยในการส่ง (Safe),
dfy.output_safe_desc,done-for-you,OUTPUT,"No flags found. Domain checks out, validation passed, no risk signals. These are clear to send.","ไม่พบธงเตือน โดเมนผ่านการตรวจสอบ การตรวจสอบผ่าน ไม่มีสัญญาณความเสี่ยง รายการเหล่านี้ส่งได้ปลอดภัย",
dfy.output_yellow,done-for-you,OUTPUT,Yellow Flags,ธงเหลือง (Yellow Flags),
dfy.output_yellow_desc,done-for-you,OUTPUT,Each address comes with specific labels explaining why it landed here. Context matters. How you segment and send to these decides the outcome.,แต่ละที่อยู่มีป้ายกำกับเฉพาะอธิบายว่าทำไมถึงอยู่ที่นี่ บริบทสำคัญมาก วิธีที่คุณจัดกลุ่มและส่งหาคนกลุ่มนี้จะกำหนดผลลัพธ์,
dfy.output_donotmail,done-for-you,OUTPUT,Do Not Mail,ห้ามส่ง (Do Not Mail),
dfy.output_donotmail_desc,done-for-you,OUTPUT,"Each address comes with specific labels explaining why. Invalid, trap-likely, disposable, or other risk signals. Don't send here.","แต่ละที่อยู่มีป้ายกำกับอธิบายเหตุผล ไม่ถูกต้อง (Invalid), น่าจะเป็นกับดัก (Trap), ใช้แล้วทิ้ง (Disposable) หรือสัญญาณความเสี่ยงอื่นๆ อย่าส่งหาคนกลุ่มนี้",
dfy.output_note,done-for-you,OUTPUT,You also get the validation and DNS data that informed each decision. Not just buckets. The full picture.,คุณยังได้รับข้อมูลการตรวจสอบและ DNS ที่ใช้ประกอบการตัดสินใจ ไม่ใช่แค่การจัดกลุ่ม แต่เป็นภาพรวมทั้งหมด,
dfy.howread_title,done-for-you,HOW I READ,How I Read Your List,ฉันอ่านรายชื่อของคุณอย่างไร,
dfy.howread_beyond,done-for-you,HOW I READ,I Look Beyond the Address,ฉันมองข้ามแค่ที่อยู่,
dfy.howread_beyond_desc,done-for-you,HOW I READ,"Domain behavior, history, and patterns across your entire list. Context, not just existence. An address that ""works"" can still be dangerous.","พฤติกรรมโดเมน ประวัติ และรูปแบบทั่วทั้งรายชื่อของคุณ บริบท ไม่ใช่แค่การมีอยู่ ที่อยู่ที่ ""ใช้ได้"" ก็ยังอาจอันตรายได้",
dfy.howread_miss,done-for-you,HOW I READ,I Check What Others Miss,ฉันตรวจสอบสิ่งที่คนอื่นพลาด,
dfy.howread_miss_desc,done-for-you,HOW I READ,"Traps, role accounts, toxic domains, disposable patterns. The things that don't bounce but still hurt you. I've learned what to look for.","กับดัก (Traps), บัญชีหน้าที่ (Role Accounts), โดเมนพิษ, รูปแบบใช้แล้วทิ้ง สิ่งที่ไม่ตีกลับ (Bounce) แต่ยังทำร้ายคุณ ฉันรู้ว่าต้องมองหาอะไร",
dfy.howread_reasoning,done-for-you,HOW I READ,I Explain My Reasoning,ฉันอธิบายเหตุผลของฉัน,
dfy.howread_reasoning_desc,done-for-you,HOW I READ,"Not just labels. You get the thinking behind each decision so you understand why, and can make smarter calls next time.","ไม่ใช่แค่ป้ายกำกับ คุณได้รับแนวคิดเบื้องหลังการตัดสินใจเพื่อให้เข้าใจเหตุผล และตัดสินใจได้ฉลาดยิ่งขึ้นในครั้งต่อไป",
sos.badge,sos-hotline,HERO,Free Service,บริการฟรี,
sos.title,sos-hotline,HERO,Email SOS Hotline,สายด่วนอีเมล SOS,DNT SOS Hotline
sos.subtitle,sos-hotline,HERO,"Free expert guidance for anyone with an email question. No sales pitch. No catch. Just honest answers from a deliverability specialist who gets emails into inboxes for a living.","คำแนะนำจากผู้เชี่ยวชาญฟรีสำหรับทุกคนที่มีคำถามเรื่องอีเมล ไม่มีการขาย ไม่มีเงื่อนไขแอบแฝง มีแต่คำตอบที่จริงใจจากผู้เชี่ยวชาญด้าน Deliverability ที่ทำให้อีเมลเข้า Inbox เป็นอาชีพ",
sos.cta,sos-hotline,HERO,Contact the SOS Hotline,ติดต่อสายด่วน SOS,DNT SOS Hotline
sos.note,sos-hotline,HERO,"Within 48 hours. Often sooner.","ภายใน 48 ชั่วโมง บ่อยครั้งเร็วกว่านั้น",
sos.how_title,sos-hotline,HOW IT WORKS,How It Works,ขั้นตอนการทำงาน,
sos.testimonials_title,sos-hotline,TESTIMONIALS,What People Say,เสียงตอบรับจากผู้ใช้,
sos.why_title,sos-hotline,WHY FREE,Why Is This Free?,ทำไมถึงฟรี?,
sos.why_free_p1,sos-hotline,WHY FREE,"We offer real help without charging because it is the right thing to do.","เราเสนอความช่วยเหลือจริงโดยไม่คิดเงิน เพียงเพราะมันเป็นสิ่งที่ควรทำ",
sos.final_cta_subtext,sos-hotline,FINAL CTA,"Email us. Within 48 hours. Often sooner.","ส่งอีเมลหาเรา ภายใน 48 ชั่วโมง บ่อยครั้งเร็วกว่านั้น",
sos.how_step1,sos-hotline,HOW IT WORKS,You send an email to the SOS Hotline,คุณส่งอีเมลไปที่สายด่วน SOS,DNT SOS Hotline
sos.how_step2,sos-hotline,HOW IT WORKS,You receive an automatic reply confirming we got it,คุณจะได้รับอีเมลตอบกลับอัตโนมัติยืนยันว่าเราได้รับเรื่องแล้ว,
sos.how_step3,sos-hotline,HOW IT WORKS,YT personally reads and responds within 48 hours,Yanna-Torry อ่านด้วยตัวเองและตอบกลับภายใน 48 ชั่วโมง,DNT YT
pricing.sos_desc,pricing,SOS,Free expert support for deliverability questions. No data touched. No list processed. Just honest answers.,สนับสนุนด้าน Deliverability ฟรีโดยผู้เชี่ยวชาญ ไม่แตะต้องข้อมูล ไม่ประมวลผลรายชื่อ มีแต่คำตอบที่จริงใจ,
pricing.sos_card_desc,pricing,SOS,"Ask any email question. Get a real answer from a real expert. No sales pitch, no strings attached.","ถามคำถามเรื่องอีเมลได้ทุกเรื่อง รับคำตอบจริงจากผู้เชี่ยวชาญตัวจริง ไม่มีการขาย ไม่มีข้อผูกมัด",
pricing.sos_status,pricing,SOS,"Use it before, during, or after cleaning to understand your situation.","ใช้ก่อน ระหว่าง หรือหลังการล้างรายชื่อเพื่อเข้าใจสถานการณ์ของคุณ",
sos.modal_subtitle,sos-hotline,MODAL,Tell us what's going on and we'll get back to you within 24-48 hours.,บอกเราว่าเกิดอะไรขึ้น และเราจะติดต่อกลับภายใน 24-48 ชั่วโมง,
sos.topics_headline,sos-hotline,TOPICS,If it touches email, we can help.,ถ้าเกี่ยวกับอีเมล เราช่วยได้,
sos.more_expert_cta,sos-hotline,BRIDGE,See the Process,ดูกระบวนการ,
Key,Page,Section,English,Thai,Notes
pricing.comp_them1,pricing,COMPARISON,Validators check if an inbox exists.,ตัวตรวจสอบเช็คว่า Inbox มีอยู่จริงหรือไม่,
pricing.comp_us1,pricing,COMPARISON,We assess whether sending there is safe.,เราประเมินว่าการส่งไปที่นั่นปลอดภัยหรือไม่,
pricing.comp_them2,pricing,COMPARISON,Validators give you a status.,ตัวตรวจสอบบอกสถานะให้คุณ,
pricing.comp_us2,pricing,COMPARISON,We give you the reasoning behind a decision.,เราบอกเหตุผลเบื้องหลังการตัดสินใจ,
pricing.comp_them3,pricing,COMPARISON,Validators flag what bounces.,ตัวตรวจสอบติดธงสิ่งที่ตีกลับ (Bounce),
pricing.comp_us3,pricing,COMPARISON,We flag what damages your reputation without bouncing.,เราติดธงสิ่งที่ทำลายชื่อเสียงของคุณโดยไม่ต้องตีกลับ,
pricing.comp_them4,pricing,COMPARISON,Validators process volume.,ตัวตรวจสอบเน้นปริมาณ,
pricing.comp_us4,pricing,COMPARISON,We interpret patterns across your entire list.,เราตีความรูปแบบทั่วทั้งรายชื่อของคุณ,
pricing.comp_them5,pricing,COMPARISON,Validators leave you guessing.,ตัวตรวจสอบปล่อยให้คุณเดาเอาเอง,
pricing.comp_us5,pricing,COMPARISON,We tell you what to do and why.,เราบอกคุณว่าต้องทำอะไรและทำไม,
pricing.compare_title,pricing,COMPARISON,What You Are Actually Paying For,สิ่งที่คุณกำลังจ่ายเงินให้จริงๆ,
pricing.compare_subtitle,pricing,COMPARISON,The difference between checking and interpreting.,ความแตกต่างระหว่างการตรวจสอบและการตีความ,
pricing.calc_heading,pricing,CALCULATOR,Calculate Your Price,คำนวณราคาของคุณ,
pricing.calc_intro,pricing,CALCULATOR,Simple. More volume, lower rate.,ง่ายๆ ปริมาณมาก ราคาต่อหน่วยยิ่งถูกลง,
pricing.calc_subtitle,pricing,CALCULATOR,Pay only for what you need. Credits never expire.,จ่ายเฉพาะสิ่งที่คุณต้องการ เครดิตไม่มีวันหมดอายุ,
pricing.calc_title,pricing,CALCULATOR,Pricing Calculator,เครื่องคำนวณราคา,
pricing.need_more,pricing,CALCULATOR,Need more than 1 million?,ต้องการมากกว่า 1 ล้าน?,
pricing.custom_pricing,pricing,CALCULATOR,for custom pricing.,เพื่อขอราคาพิเศษ,
pricing.contact_us,pricing,CALCULATOR,Contact us,ติดต่อเรา,
pricing.cta_clean_title,pricing,CTA,Get My List Cleaned,ล้างรายชื่อของฉัน,
pricing.cta_clean_desc,pricing,CTA,Done-for-you service. Send your list, get results.,บริการแบบครบวงจร ส่งรายชื่อมา รับผลลัพธ์กลับไป,
pricing.cta_waitlist_title,pricing,CTA,Join the Waitlist,เข้าร่วมรายชื่อรอ,
pricing.cta_waitlist_desc,pricing,CTA,Be first to access self-serve when it launches.,เป็นคนแรกที่ได้ใช้บริการแบบ Self-serve เมื่อเปิดตัว,
pricing.cta_help_title,pricing,CTA,Get Free Help,รับความช่วยเหลือฟรี,
pricing.cta_help_desc,pricing,CTA,Email our SOS hotline with your questions.,ส่งคำถามของคุณมาที่สายด่วน SOS ของเรา,DNT SOS Hotline
pricing.learn_more_btn,pricing,CTA,Learn More,เรียนรู้เพิ่มเติม,
pricing.option_guidance,pricing,OPTIONS,Guidance,คำแนะนำ,
pricing.option_execution,pricing,OPTIONS,Execution,การดำเนินการ,
pricing.option_automation,pricing,OPTIONS,Automation,ระบบอัตโนมัติ,
pricing.join,pricing,CONTENT,Join,เข้าร่วม,
pricing.get_started_btn,pricing,CONTENT,Get Started,เริ่มต้นใช้งาน,
pricing.questions_title,pricing,CONTENT,Questions?,มีคำถาม?,
pricing.waitlist_success_short,pricing,CONTENT,You're on the list!,คุณอยู่ในรายชื่อแล้ว!,
pricing.newsletter_opt,pricing,CONTENT,"Monthly deliverability insights (no spam, just signal)","ข้อมูลเชิงลึก Deliverability รายเดือน (ไม่มีสแปม มีแต่สาระ)",
pricing.for_custom,pricing,CONTENT,for custom pricing.,เพื่อขอราคาพิเศษ,
pricing.learn_more_sos,pricing,CONTENT,Learn More About SOS Hotline,เรียนรู้เพิ่มเติมเกี่ยวกับสายด่วน SOS,DNT SOS Hotline
pricing.free_help_title,pricing,FREE HELP,Free Email Help,ความช่วยเหลือเรื่องอีเมลฟรี,
pricing.free_help_desc,pricing,FREE HELP,"Ask any email question. Get a real answer from a real expert. No sales pitch, no strings attached.","ถามคำถามเรื่องอีเมลได้ทุกเรื่อง รับคำตอบจริงจากผู้เชี่ยวชาญตัวจริง ไม่มีการขาย ไม่มีข้อผูกมัด",
pricing.hero_headline1,pricing,HERO,Beyond Validation.,เหนือกว่าการตรวจสอบ (Validation),
pricing.hero_headline2,pricing,HERO,We Tell You What Your List Means.,เราบอกคุณว่ารายชื่อของคุณหมายความว่าอย่างไร,
pricing.hero_subhead,pricing,HERO,"Not just pass/fail. Every address comes with reasoning so you know what to keep, what to monitor, and what to suppress.","ไม่ใช่แค่ผ่าน/ไม่ผ่าน ทุกที่อยู่มีเหตุผลประกอบ เพื่อให้คุณรู้ว่าควรเก็บอะไร ควรเฝ้าระวังอะไร และควรระงับ (Suppress) อะไร",DNT Keep/Monitor/Suppress
pricing.what_you_get_title,pricing,OUTPUT,What You Get,สิ่งที่คุณจะได้รับ,
pricing.what_you_get_subtitle,pricing,OUTPUT,A cleaned list with clear recommendations.,รายชื่อที่ล้างแล้วพร้อมคำแนะนำที่ชัดเจน,
pricing.keep_title,pricing,OUTPUT,Cleared After Full Review,ผ่านการตรวจสอบอย่างละเอียดแล้ว,
pricing.keep_desc,pricing,OUTPUT,No risk patterns surfaced during review. Domain behavior and historical signals support continued sending.,ไม่พบรูปแบบความเสี่ยงระหว่างการตรวจสอบ พฤติกรรมโดเมนและสัญญาณในอดีตสนับสนุนให้ส่งต่อได้,
pricing.monitor_title,pricing,OUTPUT,Patterns Worth Watching,รูปแบบที่น่าจับตามอง,
pricing.monitor_desc,pricing,OUTPUT,"These require judgment. We surface historical patterns and relationship context.",สิ่งเหล่านี้ต้องใช้วิจารณญาณ เราเปิดเผยรูปแบบในอดีตและบริบทความสัมพันธ์,
pricing.suppress_title,pricing,OUTPUT,"Clear Risk, Clear Reasoning",ความเสี่ยงชัดเจน เหตุผลชัดเจน,
pricing.suppress_desc,pricing,OUTPUT,"Clear risk signals: known problem domains, disposable patterns, historical trap indicators.",สัญญาณความเสี่ยงชัดเจน: โดเมนที่มีปัญหา, รูปแบบอีเมลใช้แล้วทิ้ง, ตัวบ่งชี้กับดักในอดีต,
pricing.who_title,pricing,WHO FOR,Who This Is For,บริการนี้เหมาะกับใคร,
pricing.who_subtitle,pricing,WHO FOR,Marketers who already send email and want to protect their sender reputation.,นักการตลาดที่ส่งอีเมลอยู่แล้วและต้องการปกป้องชื่อเสียงผู้ส่ง (Sender Reputation),
pricing.who_note,pricing,WHO FOR,"If you care about long-term reputation, not just short-term volume, this is for you.","ถ้าคุณแคร์ชื่อเสียงระยะยาว ไม่ใช่แค่ปริมาณระยะสั้น นี่คือสิ่งที่คุณต้องการ",
pricing.who_item1,pricing,WHO FOR,Running campaigns but seeing declining engagement,กำลังรันแคมเปญแต่เห็นยอดการมีส่วนร่วมลดลง,
pricing.who_item2,pricing,WHO FOR,"Worried about bounces, complaints, or blocklists",กังวลเรื่องการตีกลับ (Bounces), การร้องเรียน, หรือการติด Blacklist,
pricing.who_item3,pricing,WHO FOR,Inheriting a list you did not build,รับช่วงต่อรายชื่อที่คุณไม่ได้สร้างเอง,
pricing.who_item4,pricing,WHO FOR,"Under pressure to ""just send"" but sensing risk","ถูกกดดันให้ ""ส่งๆ ไปเถอะ"" แต่รู้สึกถึงความเสี่ยง",
pricing.who_item5,pricing,WHO FOR,Trying to explain deliverability to a boss who does not get it,พยายามอธิบายเรื่อง Deliverability ให้หัวหน้าคนที่ไม่เข้าใจฟัง,
quiz.loading_analyzing,quiz,LOADING,Analyzing your responses...,กำลังวิเคราะห์คำตอบของคุณ...,
quiz.loading_comparing,quiz,LOADING,Comparing against common patterns,กำลังเปรียบเทียบกับรูปแบบทั่วไป,
quiz.loading_checking,quiz,LOADING,Checking risk indicators...,กำลังตรวจสอบตัวบ่งชี้ความเสี่ยง...,
quiz.loading_matching,quiz,LOADING,Matching against known patterns,กำลังจับคู่กับรูปแบบที่รู้จัก,
quiz.loading_preparing,quiz,LOADING,Preparing your diagnosis...,กำลังเตรียมผลวินิจฉัยของคุณ...,
quiz.step_indicator,quiz,INTRO,Question {n} of {total},คำถามที่ {n} จาก {total},Use {n} and {total} as placeholders
quiz.step_1_of_4,quiz,QUESTIONS,Question 1 of 4,คำถามที่ 1 จาก 4,
quiz.q1_text,quiz,QUESTIONS,How did the majority of these emails get on your list?,อีเมลส่วนใหญ่ในรายชื่อนี้มาได้อย่างไร?,
quiz.q2_text,quiz,QUESTIONS,Is your sending domain authenticated with DMARC?,โดเมนส่งอีเมลของคุณมีการยืนยันตัวตนด้วย DMARC หรือไม่?,DNT DMARC
quiz.q3_text,quiz,QUESTIONS,Have you run this list through a validation tool?,คุณเคยนำรายชื่อนี้ไปผ่านเครื่องมือตรวจสอบ (Validation) หรือไม่?,
quiz.q4_text,quiz,QUESTIONS,What brought you here today?,อะไรพาคุณมาที่นี่วันนี้?,
quiz.pattern_line,quiz,RESULTS,This is one of the most common patterns I see.,นี่เป็นหนึ่งในรูปแบบที่พบบ่อยที่สุดที่ฉันเจอ,
quiz.badge_higher_risk,quiz,RESULTS,Higher Risk,ความเสี่ยงสูงกว่า,
quiz.badge_critical,quiz,RESULTS,Critical,วิกฤต,
quiz.badge_high_risk,quiz,RESULTS,High Risk,ความเสี่ยงสูง,
quiz.badge_medium_risk,quiz,RESULTS,Medium Risk,ความเสี่ยงปานกลาง,
quiz.badge_low_risk,quiz,RESULTS,Low Risk,ความเสี่ยงต่ำ,
quiz.what_well_do,quiz,RESULTS,What we'll do,สิ่งที่เราจะทำ,
quiz.what_this_means,quiz,RESULTS,What this means,สิ่งนี้หมายความว่าอย่างไร,
quiz.reality_check_title,quiz,RESULTS,What we'll do,สิ่งที่เราจะทำ,
quiz.reality_check_title_alt,quiz,RESULTS,What this means,สิ่งนี้หมายความว่าอย่างไร,
quiz.cta_talk_specialist,quiz,RESULTS,Talk to a Specialist,คุยกับผู้เชี่ยวชาญ,
quiz.cta_full_review,quiz,RESULTS,Get a full review,รับการตรวจสอบฉบับเต็ม,
quiz.cta_diagnose,quiz,RESULTS,Let's diagnose this,มาวินิจฉัยเรื่องนี้กัน,
quiz.cta_clarity,quiz,RESULTS,Get clarity on your list,สร้างความชัดเจนให้รายชื่อของคุณ,
quiz.cta_get_diagnosis,quiz,CTA,Get the diagnosis,รับผลวินิจฉัย,
quiz.cta_safety_check,quiz,CTA,Get a safety check,รับการตรวจสอบความปลอดภัย,
quiz.res_infra_headline,quiz,RESULTS,Your infrastructure may be the problem.,โครงสร้างพื้นฐานของคุณอาจเป็นปัญหา,
quiz.res_catchall_headline,quiz,RESULTS,Those ""Unknown"" addresses are not unknown to me.,ที่อยู่ ""Unknown"" เหล่านั้น ไม่ใช่สิ่งลึกลับสำหรับฉัน,
quiz.res_decay_headline,quiz,RESULTS,Your list is slowly suffocating your delivery.,รายชื่อของคุณกำลังค่อยๆ บั่นทอนการส่งอีเมลของคุณ,
quiz.res_preventive_headline,quiz,RESULTS,You are in a good spot. Let's keep it that way.,คุณอยู่ในจุดที่ดีแล้ว มาช่วยกันรักษาไว้เถอะ,
quiz.res_noconsent_headline,quiz,RESULTS,We can absolutely help clean your list.,เราช่วยล้างรายชื่อของคุณได้แน่นอน,
quiz.res_crisis_headline,quiz,RESULTS,You need triage, not just cleaning.,คุณต้องการการคัดแยกผู้ป่วย (Triage) ไม่ใช่แค่การล้าง,
quiz.res_toolfail_headline,quiz,RESULTS,Your validation tool missed something.,เครื่องมือตรวจสอบของคุณพลาดอะไรบางอย่างไป,
quiz.res_noconsent_subhead,quiz,RESULTS,Lists without explicit consent carry more risk—but that doesn't mean you can't send safely. We'll remove the addresses most likely to hurt you.,รายชื่อที่ไม่มีการยินยอมชัดเจนมีความเสี่ยงสูงกว่า แต่ไม่ได้หมายความว่าคุณส่งอย่างปลอดภัยไม่ได้ เราจะลบที่อยู่ที่มีแนวโน้มจะทำร้ายคุณมากที่สุดออก,
quiz.res_crisis_subhead,quiz,RESULTS,An ESP warning is the final straw. Your reputation is already damaged. Automated cleaning alone will not get you reinstated.,คำเตือนจาก ESP คือฟางเส้นสุดท้าย ชื่อเสียงของคุณเสียหายไปแล้ว การล้างอัตโนมัติเพียงอย่างเดียวจะไม่ช่วยให้คุณกลับมาได้,DNT ESP
quiz.res_toolfail_subhead,quiz,RESULTS,You paid for syntax checking. You were punished for reputation. A 'Valid' email can still be a spam trap or chronic complainer.,คุณจ่ายเงินค่าเช็คไวยากรณ์ แต่ถูกลงโทษเรื่องชื่อเสียง อีเมลที่ 'Valid' ยังคงเป็น Spam Trap หรือคนที่ชอบร้องเรียนได้,
quiz.res_infra_subhead,quiz,RESULTS,Without proper DMARC authentication, even a clean list can land in spam. This is a fixable issue, but it needs attention before list cleaning matters.,หากไม่มีการยืนยันตัวตน DMARC ที่ถูกต้อง แม้แต่รายชื่อที่สะอาดก็อาจลง Spam ได้ ปัญหานี้แก้ได้ แต่ต้องใส่ใจก่อนที่จะไปกังวลเรื่องการล้างรายชื่อ,DNT DMARC
quiz.res_catchall_subhead,quiz,RESULTS,Catch-all domains accept everything. Validation tools cannot tell you which addresses are real. I can.,โดเมน Catch-all รับทุกอย่าง เครื่องมือตรวจสอบบอกไม่ได้ว่าที่อยู่ไหนมีจริง แต่ฉันบอกได้,
quiz.res_decay_subhead,quiz,RESULTS,No bounce spike. No warning. Just a quiet decline as dead weight accumulates and inbox providers filter you to spam.,ไม่มี Bounce พุ่งสูง ไม่มีคำเตือน มีแต่การลดลงอย่างเงียบๆ เมื่อน้ำหนักส่วนเกินสะสม และผู้ให้บริการ Inbox กรองคุณลง Spam,
quiz.res_preventive_subhead,quiz,RESULTS,Healthy lists still decay by about 22% every year. A preventative review before a big send catches recycled traps that formed since your last campaign.,รายชื่อที่มีคุณภาพยังเสื่อมลงประมาณ 22% ทุกปี การตรวจสอบป้องกันก่อนส่งล็อตใหญ่จะช่วยจับกับดัก (Traps) ที่เพิ่งเกิดขึ้นตั้งแต่แคมเปญล่าสุดของคุณ,
quiz.res_noconsent_reality,quiz,RESULTS,"We catch invalid addresses, spam traps, role accounts, and high-risk patterns that other validators miss. We're thorough. But we're also honest: no tool can catch every trap on a non-consent list because some are designed to be undetectable. That's true for every validator—we're just the ones who tell you.","เราจับที่อยู่ไม่ถูกต้อง, Spam Traps, บัญชี Role, และรูปแบบความเสี่ยงสูงที่เครื่องมืออื่นพลาด เราละเอียดรอบคอบ แต่เราก็จริงใจ: ไม่มีเครื่องมือไหนจับกับดักได้ทุกตัวในรายชื่อที่ไม่มีการยินยอม เพราะบางตัวถูกออกแบบมาให้ตรวจจับไม่ได้ นั่นเป็นความจริงสำหรับทุกเครื่องมือ—เราแค่เป็นคนที่บอกความจริงกับคุณ",
quiz.res_crisis_reality,quiz,RESULTS,You need a remediation strategy, not just a clean list. I help identify the root cause and build a path back to good standing with your ESP.,คุณต้องการกลยุทธ์การเยียวยา ไม่ใช่แค่รายชื่อสะอาด ฉันช่วยระบุสาเหตุต้นตอและสร้างเส้นทางกลับสู่สถานะที่ดีกับ ESP ของคุณ,DNT ESP
quiz.res_toolfail_reality,quiz,RESULTS,Automated tools cannot see behavioral history. They check code, not context. I find the 'Valid but Dangerous' addresses they miss.,เครื่องมืออัตโนมัติมองไม่เห็นประวัติพฤติกรรม มันเช็คโค้ด ไม่ใช่บริบท ฉันหาที่อยู่ 'Valid แต่อันตราย' ที่พวกมันพลาด,
quiz.res_infra_reality,quiz,RESULTS,Domain authentication tells inbox providers you are who you say you are. Without it, your emails look suspicious regardless of list quality.,การยืนยันตัวตนโดเมนบอกผู้ให้บริการ Inbox ว่าคุณคือคนที่คุณอ้างว่าเป็น หากไม่มีมัน อีเมลของคุณจะดูน่าสงสัยไม่ว่ารายชื่อจะดีแค่ไหน,
quiz.res_catchall_reality,quiz,RESULTS,A large percentage of business domains are catch-all. Validation marks them 'Unknown' because it cannot verify. Pattern recognition and engagement history tell a different story.,เปอร์เซ็นต์ใหญ่ของโดเมนธุรกิจคือ Catch-all เครื่องมือตรวจสอบระบุว่าเป็น 'Unknown' เพราะเช็คไม่ได้ แต่การจดจำรูปแบบและประวัติการมีส่วนร่วมบอกเล่าเรื่องราวที่ต่างออกไป,
quiz.res_decay_reality,quiz,RESULTS,This is the hardest problem to diagnose because there is no event. Your list has accumulated decay, and it is dragging down your engaged subscribers.,นี่เป็นปัญหาที่วินิจฉัยยากที่สุดเพราะไม่มีเหตุการณ์แจ้งเตือน รายชื่อของคุณสะสมความเสื่อมโทรม และมันกำลังฉุดรั้งผู้ติดตามที่มีส่วนร่วมของคุณลงมา,
quiz.res_preventive_reality,quiz,RESULTS,You are doing the right things. A safety check ensures you do not accidentally hit a trap that did not exist last time you sent.,คุณกำลังทำสิ่งที่ถูกต้อง การตรวจสอบความปลอดภัยช่วยให้มั่นใจว่าคุณจะไม่เผลอไปโดนกับดักที่ยังไม่มีในครั้งล่าสุดที่คุณส่ง,
quiz.additional_issues_title,quiz,RESULTS,Other things we noticed,สิ่งอื่นๆ ที่เราสังเกตเห็น,
quiz.result_directlink,quiz,RESULTS,Ready to go?,พร้อมหรือยัง?,
quiz.get_list_cleaned,quiz,RESULTS,Get My List Cleaned →,ล้างรายชื่อของฉัน →,
quiz.save_diagnosis,quiz,CAPTURE,Save your diagnosis,บันทึกผลวินิจฉัยของคุณ,
quiz.save_subtitle,quiz,CAPTURE,Get your results emailed and optionally join our waitlist for self-serve tools.,รับผลลัพธ์ทางอีเมลและเลือกเข้าร่วมรายชื่อรอสำหรับเครื่องมือ Self-serve,
quiz.newsletter_opt,quiz,CAPTURE,"Monthly deliverability insights (no spam, just signal)","ข้อมูลเชิงลึก Deliverability รายเดือน (ไม่มีสแปม มีแต่สาระ)",
quiz.bonus_credits,quiz,CAPTURE,1,500 credits when we launch,1,500 เครดิตเมื่อเราเปิดตัว,
quiz.send_results,quiz,CAPTURE,Send My Results,ส่งผลลัพธ์ให้ฉัน,
quiz.skip,quiz,CAPTURE,Skip,ข้าม,
quiz.notify_launch,quiz,CAPTURE,Notify me when self-serve launches,แจ้งเตือนฉันเมื่อเปิดตัว Self-serve,
quiz.request_contact,quiz,CAPTURE,Have someone reach out to discuss my situation (no sales pitch),ให้เจ้าหน้าที่ติดต่อกลับเพื่อหารือเกี่ยวกับสถานการณ์ของฉัน (ไม่มีการขาย),
quiz.capture_success,quiz,CAPTURE,Your results have been sent!,ส่งผลลัพธ์ของคุณเรียบร้อยแล้ว!,
quiz.capture_credits_bonus,quiz,CAPTURE,You've also earned 1,500 free credits.,คุณยังได้รับ 1,500 เครดิตฟรีอีกด้วย,
quiz.capture_reach_out,quiz,CAPTURE,We'll reach out soon.,เราจะติดต่อกลับเร็วๆ นี้,
quiz.ready_to_go,quiz,CAPTURE,Ready to go?,พร้อมหรือยัง?,
sos.bridge_dfy_cta,sos-hotline,BRIDGE,See What You Get,ดูสิ่งที่คุณจะได้รับ,
sos.bridge_dfy_desc,sos-hotline,BRIDGE,"Send us your list. We review every address and return it labeled: Keep, Monitor, or Suppress.","ส่งรายชื่อมาให้เรา เราตรวจสอบทุกที่อยู่และส่งคืนพร้อมป้ายกำกับ: เก็บ, เฝ้าระวัง, หรือ ระงับ",DNT Keep/Monitor/Suppress
sos.bridge_dfy_title,sos-hotline,BRIDGE,Done-For-You Review,การตรวจสอบแบบครบวงจร (Done-For-You),
sos.bridge_expert_cta,sos-hotline,BRIDGE,See the Process,ดูกระบวนการ,
sos.bridge_expert_desc,sos-hotline,BRIDGE,Every list review includes a walkthrough of your results. We explain what we found.,ทุกการตรวจสอบรายชื่อรวมถึงการอธิบายผลลัพธ์ เราอธิบายสิ่งที่เราพบ,
sos.bridge_expert_title,sos-hotline,BRIDGE,Expert Interpretation,การตีความโดยผู้เชี่ยวชาญ,
sos.bridge_intro,sos-hotline,BRIDGE,"SOS gives you guidance. If you need someone to actually touch your data, we offer:",SOS ให้คำแนะนำ ถ้าคุณต้องการใครสักคนที่มาจัดการข้อมูลของคุณจริงๆ เราเสนอ:,DNT SOS
sos.bridge_title,sos-hotline,BRIDGE,Need More Than Advice?,ต้องการมากกว่าคำแนะนำ?,
sos.final_cta_subtext,sos-hotline,FINAL CTA,"Email us. Within 48 hours. Often sooner.","ส่งอีเมลหาเรา ภายใน 48 ชั่วโมง บ่อยครั้งเร็วกว่านั้น",
sos.final_cta_title,sos-hotline,FINAL CTA,Ready to Ask Your Question?,พร้อมถามคำถามหรือยัง?,
sos.how_step1,sos-hotline,HOW IT WORKS,You send an email to the SOS Hotline,คุณส่งอีเมลไปที่สายด่วน SOS,DNT SOS Hotline
sos.how_step2,sos-hotline,HOW IT WORKS,You receive an automatic reply confirming we got it,คุณจะได้รับอีเมลตอบกลับอัตโนมัติยืนยันว่าเราได้รับเรื่องแล้ว,
sos.how_step3,sos-hotline,HOW IT WORKS,YT personally reads and responds within 48 hours,Yanna-Torry อ่านด้วยตัวเองและตอบกลับภายใน 48 ชั่วโมง,DNT YT
sos.topic_career_advice,sos-hotline,TOPICS,Career advice,คำแนะนำอาชีพ,
sos.why_free_p1,sos-hotline,WHY FREE,We offer real help without charging because it is the right thing to do.,"เราเสนอความช่วยเหลือจริงโดยไม่คิดเงิน เพียงเพราะมันเป็นสิ่งที่ควรทำ",
sos.why_free_p2,sos-hotline,WHY FREE,"If you need more than guidance, we offer done-for-you list reviews with expert interpretation included.","ถ้าคุณต้องการมากกว่าคำแนะนำ เราเสนอบริการตรวจสอบรายชื่อแบบครบวงจรพร้อมการตีความโดยผู้เชี่ยวชาญ",
sos.why_free_tagline,sos-hotline,WHY FREE,Trust beats tactics.,ความไว้ใจชนะกลยุทธ์,
sos.why_free_title,sos-hotline,WHY FREE,Why Is This Free?,ทำไมถึงฟรี?,
audit.badge,audit,INTRO,Free Self-Assessment,แบบประเมินตนเองฟรี,
audit.title,audit,INTRO,Inbox Placement Self-Audit,ตรวจสอบ Inbox Placement ด้วยตัวเอง,
audit.subtitle,audit,INTRO,What most senders never check. Use this monthly. Be honest. This is how problems get caught before revenue drops.,สิ่งที่ผู้ส่งส่วนใหญ่ไม่เคยเช็ค ใช้ทุกเดือน ตอบตามจริง นี่คือวิธีจับผิดปัญหาก่อนที่รายได้จะตก,
audit.disclaimer,audit,INTRO,Important: This audit covers general best practices. Every business is different. A monthly newsletter has different needs than a daily SaaS notification. Some items here may not apply to you at all. The goal is awareness, not a perfect score.,สำคัญ: การตรวจสอบนี้ครอบคลุมแนวทางปฏิบัติที่ดีที่สุดทั่วไป ทุกธุรกิจแตกต่างกัน จดหมายข่าวรายเดือนมีความต้องการต่างจากการแจ้งเตือน SaaS รายวัน บางหัวข้ออาจไม่เกี่ยวกับคุณเลย เป้าหมายคือความตระหนักรู้ ไม่ใช่คะแนนเต็ม,
audit.meta_time,audit,INTRO,5-7 minutes,5-7 นาที,
audit.meta_sections,audit,INTRO,10 sections,10 ส่วน,
audit.meta_tips,audit,INTRO,Personalized tips,เคล็ดลับเฉพาะบุคคล,
audit.start_button,audit,INTRO,Start Audit,เริ่มการตรวจสอบ,
audit.section_automation,audit,SECTIONS,Automation Timing,เวลาของระบบอัตโนมัติ,
audit.section_header,audit,SECTIONS,Header & Footer Hygiene,ความสะอาดของส่วนหัวและท้ายอีเมล,
audit.section_tracking,audit,SECTIONS,Tracking Domain Risk,ความเสี่ยงของโดเมนติดตามผล (Tracking Domain),
audit.section_engagement,audit,SECTIONS,Engagement Logic,ตรรกะการมีส่วนร่วม (Engagement),
audit.section_layout,audit,SECTIONS,Layout Pattern Risk,ความเสี่ยงของรูปแบบเลย์เอาต์,
audit.section_sendtime,audit,SECTIONS,Send Time Logic,ตรรกะเวลาส่ง,
audit.section_migration,audit,SECTIONS,ESP Migration Risk,ความเสี่ยงในการย้าย ESP,
audit.section_subject,audit,SECTIONS,Subject vs Preview Trust,ความน่าเชื่อถือของหัวข้อ vs พรีวิว,
audit.section_spam,audit,SECTIONS,Spam Folder Rendering,การแสดงผลในโฟลเดอร์สแปม,
audit.section_validation,audit,SECTIONS,Validation Frequency,ความถี่ในการตรวจสอบ (Validation),
audit.grade_strong,audit,RESULTS,Strong Foundation,พื้นฐานแข็งแกร่ง,
audit.grade_attention,audit,RESULTS,Needs Attention,ต้องใส่ใจ,
audit.grade_risk,audit,RESULTS,High Risk,ความเสี่ยงสูง,
audit.out_of_100,audit,RESULTS,out of 100,จาก 100,
audit.score_by_section,audit,RESULTS,Score by Section,คะแนนตามหมวดหมู่,
audit.next_section,audit,BUTTONS,Next Section,ส่วนถัดไป,
audit.see_results,audit,BUTTONS,See Results,ดูผลลัพธ์,
audit.retake,audit,BUTTONS,Retake Audit,ทำแบบตรวจสอบใหม่,
audit.save_title,audit,CAPTURE,Save Your Results,บันทึกผลลัพธ์ของคุณ,
audit.send_report,audit,CAPTURE,Send My Report,ส่งรายงานให้ฉัน,
audit.report_sent,audit,CAPTURE,Report Sent!,ส่งรายงานแล้ว!,
audit.save_subtitle,audit,CAPTURE,Get a detailed report emailed and optionally join our waitlist.,รับรายงานละเอียดทางอีเมลและเลือกเข้าร่วมรายชื่อรอของเรา,
audit.capture_newsletter,audit,CAPTURE,"Monthly deliverability insights (no spam, just signal)","ข้อมูลเชิงลึก Deliverability รายเดือน (ไม่มีสแปม มีแต่สาระ)",
audit.capture_bonus,audit,CAPTURE,1,500 credits when we launch,1,500 เครดิตเมื่อเราเปิดตัว,
audit.capture_waitlist,audit,CAPTURE,Notify me when self-serve launches,แจ้งเตือนฉันเมื่อเปิดตัว Self-serve,
audit.capture_contact,audit,CAPTURE,Have someone reach out to discuss my audit results (no sales pitch),ให้เจ้าหน้าที่ติดต่อกลับเพื่อหารือเกี่ยวกับผลการตรวจสอบ (ไม่มีการขาย),
audit.capture_skip,audit,CAPTURE,"Skip, I'll just review on screen","ข้าม, ฉันจะดูบนหน้าจอ",
audit.recommendations_title,audit,RESULTS,Action Items by Section,สิ่งที่ต้องทำตามหมวดหมู่,
audit.recommendations_subtitle,audit,RESULTS,Everything flagged based on your answers. Review what applies to you:,ทุกสิ่งที่ถูกแจ้งเตือนตามคำตอบของคุณ ตรวจสอบสิ่งที่เกี่ยวข้องกับคุณ:,
audit.sos_title,audit,SOS PLUG,Not Sure What Applies to You?,ไม่แน่ใจว่าอันไหนเกี่ยวกับคุณ?,
audit.sos_desc,audit,SOS PLUG,Every business is different. What's critical for a daily sender might be irrelevant for a monthly newsletter. If you're unsure which items actually matter for your situation, talk to someone who's seen it all.,ทุกธุรกิจแตกต่างกัน สิ่งสำคัญสำหรับคนส่งอีเมลทุกวันอาจไม่สำคัญสำหรับจดหมายข่าวรายเดือน ถ้าคุณไม่แน่ใจว่าข้อไหนสำคัญกับคุณจริงๆ คุยกับคนที่เห็นมาหมดแล้วดีกว่า,
audit.sos_badge,audit,SOS PLUG,Free. No pitch. Just answers.,ฟรี ไม่มีการขาย มีแต่คำตอบ,
audit.sos_card_desc,audit,SOS PLUG,"The SOS Hotline connects you with YT, a deliverability specialist who's cleaned thousands of lists and diagnosed hundreds of sending problems. Ask anything.","สายด่วน SOS เชื่อมต่อคุณกับ YT ผู้เชี่ยวชาญด้าน Deliverability ที่ล้างรายชื่อมาเป็นพันและวินิจฉัยปัญหาการส่งมาเป็นร้อย ถามได้ทุกเรื่อง",DNT SOS Hotline, YT
audit.sos_cta,audit,SOS PLUG,Talk to a Specialist,คุยกับผู้เชี่ยวชาญ,
audit.sos_learn_more,audit,SOS PLUG,Learn About SOS Hotline,เรียนรู้เกี่ยวกับสายด่วน SOS,DNT SOS Hotline
audit.testimonial_quote,audit,TESTIMONIAL,Review My Emails goes beyond standard tools by identifying risky patterns others miss.,Review My Emails เหนือกว่าเครื่องมือทั่วไปด้วยการระบุรูปแบบความเสี่ยงที่คนอื่นมองข้าม,DNT Review My Emails
audit.testimonial_author,audit,TESTIMONIAL,"Julia S., Italy","Julia S., อิตาลี",DNT
audit.get_cleaning,audit,BUTTONS,Get Expert List Cleaning,รับบริการล้างรายชื่อโดยผู้เชี่ยวชาญ,
about.email_link,about,CONTENT,Email,อีเมล,
about.founder_title,about,CONTENT,"Founder, Review My Emails","ผู้ก่อตั้ง, Review My Emails",
audit.back,audit,CONTENT,Back,ย้อนกลับ,
audit.built_by,audit,CONTENT,Built by,สร้างโดย,
audit.get_cleaned,audit,CONTENT,Get Your List Cleaned,ล้างรายชื่อของคุณ,
audit.important,audit,CONTENT,Important:,สำคัญ:,
audit.what_cover,audit,CONTENT,What we'll cover,สิ่งที่เราจะครอบคลุม,
contact.modal_subtitle,common,CONTACT MODAL,Tell us what you're working on. We'll get back to you within one business day.,บอกเราว่าคุณกำลังทำอะไร เราจะติดต่อกลับภายในหนึ่งวันทำการ,
contact.modal_title,common,CONTACT MODAL,Get in Touch,ติดต่อเรา,
contact.submit,common,CONTACT MODAL,Send Message,ส่งข้อความ,
footer.legal,common,FOOTER,Privacy Policy · Terms,นโยบายความเป็นส่วนตัว · ข้อกำหนด,
form.email_label,common,FORM FIELDS,Email \*,อีเมล \*,
form.message_hint,common,FORM FIELDS,Optional - but helps us prepare for the conversation.,ไม่บังคับ - แต่ช่วยให้เราเตรียมตัวสำหรับการสนทนาได้ดีขึ้น,
form.message_label,common,FORM FIELDS,Message,ข้อความ,
form.message_optional_label,common,FORM FIELDS,Message (optional),ข้อความ (ไม่บังคับ),
form.name_label,common,FORM FIELDS,Name \*,ชื่อ \*,
form.timezone_label,common,FORM FIELDS,Timezone (optional),เขตเวลา (ไม่บังคับ),
form.timezone_select,common,FORM FIELDS,Select your timezone,เลือกเขตเวลาของคุณ,
form.timezone_select_optional,common,FORM FIELDS,Select your timezone (optional),เลือกเขตเวลาของคุณ (ไม่บังคับ),
form.tz_alaska,common,FORM FIELDS,Alaska Time,เวลาอลาสก้า,
form.tz_central,common,FORM FIELDS,Central Time (CT),เวลากลาง (CT),
form.tz_cet,common,FORM FIELDS,Central European Time (CET),เวลายุโรปกลาง (CET),
form.tz_eastern,common,FORM FIELDS,Eastern Time (ET),เวลาตะวันออก (ET),
form.tz_eet,common,FORM FIELDS,Eastern European Time,เวลายุโรปตะวันออก,
form.tz_gmt,common,FORM FIELDS,GMT / UTC,GMT / UTC,
form.tz_gulf,common,FORM FIELDS,Gulf Standard Time,เวลามาตรฐานกัลฟ์,
form.tz_hawaii,common,FORM FIELDS,Hawaii Time,เวลาฮาวาย,
form.tz_india,common,FORM FIELDS,India Standard Time,เวลามาตรฐานอินเดีย,
form.tz_japan,common,FORM FIELDS,Japan Standard Time,เวลามาตรฐานญี่ปุ่น,
form.tz_london,common,FORM FIELDS,London (GMT/BST),ลอนดอน (GMT/BST),
form.tz_mountain,common,FORM FIELDS,Mountain Time (MT),เวลาภูเขา (MT),
form.tz_nz,common,FORM FIELDS,New Zealand Time,เวลานิวซีแลนด์,
form.tz_other,common,FORM FIELDS,Other,อื่นๆ,
form.tz_pacific,common,FORM FIELDS,Pacific Time (PT),เวลาแปซิฟิก (PT),
form.tz_singapore,common,FORM FIELDS,Singapore Time,เวลาสิงคโปร์,
form.tz_sydney,common,FORM FIELDS,Australian Eastern Time,เวลาออสเตรเลียตะวันออก,
modal.subtitle,common,CONTACT MODAL,Tell us about your situation and we'll get back to you within 24 hours.,เล่าสถานการณ์ของคุณให้เราฟัง เราจะติดต่อกลับภายใน 24 ชั่วโมง,
ui.message_received,common,UI,Message Received,ได้รับข้อความแล้ว,
ui.message_sent,common,UI,Message Sent!,ส่งข้อความแล้ว!,
ui.request_received,common,UI,Request Received,ได้รับคำขอแล้ว,
ui.response_time,common,UI,We'll get back to you within 24-48 hours.,เราจะติดต่อกลับภายใน 24-48 ชั่วโมง,
ui.response_time_business,common,UI,We'll get back to you within one business day.,เราจะติดต่อกลับภายในหนึ่งวันทำการ,
Key,Page,Section,English,Thai,Notes
about.title,about,HERO,About,เกี่ยวกับเรา,
about.subtitle,about,HERO,The person behind Review My Emails.,คนที่อยู่เบื้องหลัง Review My Emails,DNT Review My Emails
about.name,about,BIO,Yanna-Torry Aspraki,Yanna-Torry Aspraki,DNT name
about.role,about,BIO,"Founder, Review My Emails","ผู้ก่อตั้ง, Review My Emails",DNT Review My Emails
about.bio_p1,about,BIO,"I started Review My Emails because I kept seeing the same problem. Marketers would run their lists through validation tools, get a clean bill of health, and then watch their deliverability tank anyway.","ฉันเริ่มทำ Review My Emails เพราะฉันเห็นปัญหาเดิมๆ ซ้ำแล้วซ้ำเล่า นักการตลาดเอารายชื่อไปผ่านเครื่องมือตรวจสอบ ได้ผลลัพธ์ว่าสะอาด แต่แล้ว Deliverability ก็ยังดิ่งลงเหวอยู่ดี",DNT Review My Emails
about.bio_p2,about,BIO,The tools were not lying. They just were not telling the whole story.,เครื่องมือไม่ได้โกหก แค่มันบอกความจริงไม่หมด,
about.bio_p3,about,BIO,"Validation checks if an address exists. It does not check if sending there is safe. It does not know about complaint histories, engagement patterns, or domain-level risk signals that accumulate over time.","Validation ตรวจสอบว่าที่อยู่มีอยู่จริงหรือไม่ แต่มันไม่เช็คว่าส่งไปแล้วปลอดภัยไหม มันไม่รู้เรื่องประวัติการร้องเรียน รูปแบบการมีส่วนร่วม หรือสัญญาณความเสี่ยงระดับโดเมนที่สะสมตามกาลเวลา",
about.bio_p4,about,BIO,"I spent years in email deliverability, working with senders of all sizes. I learned that list health is not binary. An address can be technically valid and still damage your reputation. The question is not ""will this bounce?"" but ""should I send here?""","ฉันใช้เวลาหลายปีในวงการ Email Deliverability ทำงานกับผู้ส่งทุกขนาด ฉันเรียนรู้ว่าสุขภาพของรายชื่อไม่ใช่แค่ขาวกับดำ ที่อยู่อาจจะถูกต้องทางเทคนิคแต่ยังทำลายชื่อเสียงของคุณได้ คำถามไม่ใช่ ""มันจะตีกลับไหม?"" แต่คือ ""ฉันควรส่งไปที่นี่ไหม?""",
about.bio_p5,about,BIO,"That is what Review My Emails answers. Every address gets labeled Keep, Monitor, or Suppress. And every label comes with the reasoning behind it. No black boxes. No guessing.","นั่นคือสิ่งที่ Review My Emails ตอบโจทย์ ทุกที่อยู่จะถูกติดป้ายกำกับว่า เก็บ, เฝ้าระวัง, หรือ ระงับ และทุกป้ายกำกับมาพร้อมเหตุผลเบื้องหลัง ไม่มีกล่องดำ ไม่มีการเดา",DNT Review My Emails, Keep, Monitor, Suppress
about.bio_p6,about,BIO,"If you have questions about your list or your deliverability, I am happy to talk. That is what the SOS Hotline is for.","ถ้าคุณมีคำถามเกี่ยวกับรายชื่อหรือ Deliverability ของคุณ ฉันยินดีคุยด้วย นั่นคือเหตุผลที่มีสายด่วน SOS",DNT SOS Hotline
about.cta_title,about,CTA,Questions?,มีคำถาม?,
about.cta_subtitle,about,CTA,Talk through your situation. No pitch. Just answers.,คุยเรื่องสถานการณ์ของคุณ ไม่มีการขาย มีแต่คำตอบ,
about.cta_sos,about,CTA,Learn About SOS Hotline,เรียนรู้เกี่ยวกับสายด่วน SOS,DNT SOS Hotline
about.cta_pricing,about,CTA,See Pricing,ดูราคา,
about.team_title,about,TEAM,The Team,ทีมงาน,
about.team_subtitle,about,TEAM,Need a hand (or eight)? We have got you covered.,ต้องการคนช่วย (หรือหลายคน)? เราจัดให้,
about.team_contact,about,TEAM,Get in touch:,ติดต่อเรา:,
about.modal_title,about,MODAL,Get in Touch,ติดต่อเรา,
about.modal_subtitle,about,MODAL,Tell us what you're working on. We'll get back to you within one business day.,บอกเราว่าคุณกำลังทำอะไร เราจะติดต่อกลับภายในหนึ่งวันทำการ,
about.modal_success,about,MODAL,Message Sent!,ส่งข้อความแล้ว!,
about.modal_close,about,MODAL,Close,ปิด,
footer.tagline,common,FOOTER,We see what algorithms can't.,เราเห็นสิ่งที่อัลกอริทึมมองไม่เห็น,
footer.services,common,FOOTER,Services,บริการ,
footer.company,common,FOOTER,Company,บริษัท,
footer.contact,common,FOOTER,Contact,ติดต่อ,
footer.security,common,FOOTER,Security,ความปลอดภัย,
footer.copyright,common,FOOTER,© 2026 Review My Emails. All rights reserved.,© 2026 Review My Emails. สงวนลิขสิทธิ์,DNT brand
footer.privacy,common,FOOTER,Privacy Policy,นโยบายความเป็นส่วนตัว,
footer.terms,common,FOOTER,Terms,ข้อกำหนด,
lang.select,common,LANGUAGE,Language,ภาษา,
lang.current_en,common,LANGUAGE,Language: English,ภาษา: ไทย,
ui.loading,common,UI,Loading...,กำลังโหลด...,
ui.submit,common,UI,Submit,ส่ง,
ui.cancel,common,UI,Cancel,ยกเลิก,
ui.close,common,UI,Close,ปิด,
ui.learn_more,common,UI,Learn More,เรียนรู้เพิ่มเติม,
ui.view_details,common,UI,View Details,ดูรายละเอียด,
ui.success,common,UI,Success!,สำเร็จ!,
ui.error,common,UI,Something went wrong. Please try again.,เกิดข้อผิดพลาด โปรดลองอีกครั้ง,
ui.required,common,UI,Required,จำเป็น,
og.headline,common,OG IMAGE,Stop guessing what's wrong with your list,เลิกเดาว่าเกิดอะไรขึ้นกับรายชื่อของคุณ,Main text on OG image
og.subhead,common,OG IMAGE,We find the problems tools miss,เราพบปัญหาที่เครื่องมือมองข้าม,Secondary text
og.tagline,common,OG IMAGE,Expert Email List Cleaning,บริการล้างรายชื่ออีเมลโดยผู้เชี่ยวชาญ,Bottom tagline
easter.fish_message,common,EASTER EGG,You found me! Here's 20% off your first order.,คุณเจอฉันแล้ว! นี่คือส่วนลด 20% สำหรับคำสั่งซื้อแรกของคุณ,Optional
easter.fish_coupon,common,EASTER EGG,Coupon: DEEPDIVE20,คูปอง: DEEPDIVE20,DNT coupon code
easter.exit_button,common,EASTER EGG,Return to Surface,กลับสู่ผิวน้ำ,
easter.hint,common,EASTER EGG,Something is swimming in the deep...,มีบางอย่างว่ายอยู่ในน้ำลึก...,
ui.menu_open,common,UI,Open menu,เปิดเมนู,Accessibility label
ui.menu_close,common,UI,Close menu,ปิดเมนู,Accessibility label
nav.home,common,NAVIGATION,Home,หน้าแรก,
nav.how_it_works,common,NAVIGATION,How It Works,วิธีการทำงาน,
nav.pricing,common,NAVIGATION,Pricing,ราคา,
nav.sos_hotline,common,NAVIGATION,SOS Hotline,สายด่วน SOS,DNT SOS Hotline
nav.about,common,NAVIGATION,About,เกี่ยวกับเรา,
nav.partner,common,NAVIGATION,Partner,พันธมิตร,
nav.quiz,common,NAVIGATION,Free Quiz,แบบทดสอบฟรี,
nav.audit,common,NAVIGATION,Self-Audit,ตรวจสอบด้วยตัวเอง,
nav.cta,common,NAVIGATION,Get My List Cleaned,ล้างรายชื่อของฉัน,
audit.sos_badge,audit,SOS PLUG,Free. No pitch. Just answers.,ฟรี ไม่มีการขาย มีแต่คำตอบ,
audit.get_cleaning,audit,BUTTONS,Get Expert List Cleaning,รับบริการล้างรายชื่อโดยผู้เชี่ยวชาญ,
audit.what_cover,audit,CONTENT,What we'll cover,สิ่งที่เราจะครอบคลุม,
partner.cta_title,partner,CTA,Interested?,สนใจไหม?,
partner.cta_subtitle,partner,CTA,Reach out to discuss how we can work together. No pitch deck required. Just tell us what you are trying to solve.,ติดต่อมาเพื่อคุยกันว่าเราจะร่วมงานกันได้อย่างไร ไม่ต้องมีสไลด์นำเสนอ แค่บอกเราว่าคุณพยายามแก้ปัญหาอะไร,
partner.cta_button,partner,CTA,Email Us,ส่งอีเมลหาเรา,
partner.modal_title,partner,MODAL,Partner With Us,ร่วมเป็นพันธมิตรกับเรา,
partner.modal_subtitle,partner,MODAL,Tell us about your business and we'll get back to you within 24 hours.,บอกเราเกี่ยวกับธุรกิจของคุณ แล้วเราจะติดต่อกลับภายใน 24 ชั่วโมง,
partner.modal_placeholder,partner,MODAL,Tell us about your business and how you'd like to partner...,บอกเราเกี่ยวกับธุรกิจของคุณและรูปแบบที่คุณอยากร่วมมือ...,
partner.modal_button,partner,MODAL,Send Message,ส่งข้อความ,
partner.modal_success_title,partner,MODAL,Message Received,ได้รับข้อความแล้ว,
partner.modal_success_text,partner,MODAL,We'll get back to you within 24 hours.,เราจะติดต่อกลับภายใน 24 ชั่วโมง,
Key,Page,Section,English,Thai,Notes
contact.modal_subtitle,common,CONTACT MODAL,Tell us what you're working on. We'll get back to you within one business day.,บอกเราว่าคุณกำลังทำอะไรอยู่ เราจะติดต่อกลับภายในหนึ่งวันทำการ,
contact.modal_title,common,CONTACT MODAL,Get in Touch,ติดต่อเรา,
contact.submit,common,CONTACT MODAL,Send Message,ส่งข้อความ,
footer.legal,common,FOOTER,Privacy Policy · Terms,นโยบายความเป็นส่วนตัว · ข้อกำหนด,
form.email_label,common,FORM FIELDS,Email \*,อีเมล \*,
form.message_hint,common,FORM FIELDS,Optional - but helps us prepare for the conversation.,ไม่บังคับ - แต่ช่วยให้เราเตรียมตัวสำหรับการสนทนาได้ดีขึ้น,
form.message_label,common,FORM FIELDS,Message,ข้อความ,
form.message_optional_label,common,FORM FIELDS,Message (optional),ข้อความ (ไม่บังคับ),
form.name_label,common,FORM FIELDS,Name \*,ชื่อ \*,
form.timezone_label,common,FORM FIELDS,Timezone (optional),เขตเวลา (ไม่บังคับ),
form.timezone_select,common,FORM FIELDS,Select your timezone,เลือกเขตเวลาของคุณ,
form.timezone_select_optional,common,FORM FIELDS,Select your timezone (optional),เลือกเขตเวลาของคุณ (ไม่บังคับ),
form.tz_alaska,common,FORM FIELDS,Alaska Time,เวลาอลาสก้า,
form.tz_central,common,FORM FIELDS,Central Time (CT),เวลากลาง (CT),
form.tz_cet,common,FORM FIELDS,Central European Time (CET),เวลายุโรปกลาง (CET),
form.tz_eastern,common,FORM FIELDS,Eastern Time (ET),เวลาตะวันออก (ET),
form.tz_eet,common,FORM FIELDS,Eastern European Time,เวลายุโรปตะวันออก,
form.tz_gmt,common,FORM FIELDS,GMT / UTC,GMT / UTC,
form.tz_gulf,common,FORM FIELDS,Gulf Standard Time,เวลามาตรฐานกัลฟ์,
form.tz_hawaii,common,FORM FIELDS,Hawaii Time,เวลาฮาวาย,
form.tz_india,common,FORM FIELDS,India Standard Time,เวลามาตรฐานอินเดีย,
form.tz_japan,common,FORM FIELDS,Japan Standard Time,เวลามาตรฐานญี่ปุ่น,
form.tz_london,common,FORM FIELDS,London (GMT/BST),ลอนดอน (GMT/BST),
form.tz_mountain,common,FORM FIELDS,Mountain Time (MT),เวลาภูเขา (MT),
form.tz_nz,common,FORM FIELDS,New Zealand Time,เวลานิวซีแลนด์,
form.tz_other,common,FORM FIELDS,Other,อื่นๆ,
form.tz_pacific,common,FORM FIELDS,Pacific Time (PT),เวลาแปซิฟิก (PT),
form.tz_singapore,common,FORM FIELDS,Singapore Time,เวลาสิงคโปร์,
form.tz_sydney,common,FORM FIELDS,Australian Eastern Time,เวลาออสเตรเลียตะวันออก,
modal.subtitle,common,CONTACT MODAL,Tell us about your situation and we'll get back to you within 24 hours.,เล่าสถานการณ์ของคุณให้เราฟัง เราจะติดต่อกลับภายใน 24 ชั่วโมง,
ui.message_received,common,UI,Message Received,ได้รับข้อความแล้ว,
ui.message_sent,common,UI,Message Sent!,ส่งข้อความแล้ว!,
ui.request_received,common,UI,Request Received,ได้รับคำขอแล้ว,
ui.response_time,common,UI,We'll get back to you within 24-48 hours.,เราจะติดต่อกลับภายใน 24-48 ชั่วโมง,
ui.response_time_business,common,UI,We'll get back to you within one business day.,เราจะติดต่อกลับภายในหนึ่งวันทำการ,
partner.title,partner,HERO,Partner With Us,ร่วมเป็นพันธมิตรกับเรา,
partner.subtitle,partner,HERO,Work with Review My Emails to help your clients protect their sender reputation.,ร่วมงานกับ Review My Emails เพื่อช่วยลูกค้าของคุณปกป้องชื่อเสียงผู้ส่ง,DNT Review My Emails
partner.types_title,partner,TYPES,Who We Work With,เราทำงานร่วมกับใคร,
partner.esp_title,partner,TYPES,Email Service Providers,ผู้ให้บริการอีเมล (ESP),
partner.esp_desc,partner,TYPES,Help your customers maintain clean lists. Reduce complaints and bounces before they hurt your shared infrastructure.,ช่วยลูกค้าของคุณรักษาความสะอาดรายชื่อ ลดการร้องเรียนและการตีกลับก่อนที่จะส่งผลกระทบต่อโครงสร้างพื้นฐานที่ใช้ร่วมกัน,
partner.agency_title,partner,TYPES,Marketing Agencies,เอเจนซี่การตลาด,
partner.agency_desc,partner,TYPES,Offer list hygiene as part of your email marketing services. Give clients clear recommendations, not just validation scores.,นำเสนอบริการดูแลความสะอาดรายชื่อเป็นส่วนหนึ่งของบริการการตลาดผ่านอีเมล ให้คำแนะนำที่ชัดเจนแก่ลูกค้า ไม่ใช่แค่คะแนนการตรวจสอบ,
partner.consultant_title,partner,TYPES,Deliverability Consultants,ที่ปรึกษาด้าน Deliverability,
partner.consultant_desc,partner,TYPES,Add list interpretation to your toolkit. Get detailed analysis you can use in client reports and remediation plans.,เพิ่มการตีความรายชื่อลงในชุดเครื่องมือของคุณ รับการวิเคราะห์โดยละเอียดที่คุณสามารถใช้ในรายงานลูกค้าและแผนการแก้ไขปัญหา,
partner.data_title,partner,TYPES,Data Providers,ผู้ให้บริการข้อมูล,
partner.data_desc,partner,TYPES,Validate the quality of email data before it reaches your customers. Reduce complaints and build trust.,ตรวจสอบคุณภาพข้อมูลอีเมลก่อนที่จะถึงมือลูกค้า ลดการร้องเรียนและสร้างความไว้วางใจ,
Key,Page,Section,English,Thai,Notes
sos.bridge_dfy_cta,sos-hotline,BRIDGE,See What You Get,ดูสิ่งที่คุณจะได้รับ,
sos.bridge_dfy_desc,sos-hotline,BRIDGE,"Send us your list. We review every address and return it labeled: Keep, Monitor, or Suppress.","ส่งรายชื่อมาให้เรา เราตรวจสอบทุกที่อยู่และส่งคืนพร้อมป้ายกำกับ: เก็บ, เฝ้าระวัง, หรือ ระงับ",DNT Keep/Monitor/Suppress
sos.bridge_dfy_title,sos-hotline,BRIDGE,Done-For-You Review,การตรวจสอบแบบครบวงจร (Done-For-You),
sos.bridge_expert_cta,sos-hotline,BRIDGE,See the Process,ดูกระบวนการ,
sos.bridge_expert_desc,sos-hotline,BRIDGE,Every list review includes a walkthrough of your results. We explain what we found.,ทุกการตรวจสอบรายชื่อรวมถึงการอธิบายผลลัพธ์ เราอธิบายสิ่งที่เราพบ,
sos.bridge_expert_title,sos-hotline,BRIDGE,Expert Interpretation,การตีความโดยผู้เชี่ยวชาญ,
sos.bridge_intro,sos-hotline,BRIDGE,"SOS gives you guidance. If you need someone to actually touch your data, we offer:",SOS ให้คำแนะนำ ถ้าคุณต้องการใครสักคนที่มาจัดการข้อมูลของคุณจริงๆ เราเสนอ:,DNT SOS
sos.bridge_title,sos-hotline,BRIDGE,Need More Than Advice?,ต้องการมากกว่าคำแนะนำ?,
sos.final_cta_subtext,sos-hotline,FINAL CTA,"Email us. Within 48 hours. Often sooner.","ส่งอีเมลหาเรา ภายใน 48 ชั่วโมง บ่อยครั้งเร็วกว่านั้น",
sos.final_cta_title,sos-hotline,FINAL CTA,Ready to Ask Your Question?,พร้อมถามคำถามหรือยัง?,
sos.how_step1,sos-hotline,HOW IT WORKS,You send an email to the SOS Hotline,คุณส่งอีเมลไปที่สายด่วน SOS,DNT SOS Hotline
sos.how_step2,sos-hotline,HOW IT WORKS,You receive an automatic reply confirming we got it,คุณจะได้รับอีเมลตอบกลับอัตโนมัติยืนยันว่าเราได้รับเรื่องแล้ว,
sos.how_step3,sos-hotline,HOW IT WORKS,YT personally reads and responds within 48 hours,Yanna-Torry อ่านด้วยตัวเองและตอบกลับภายใน 48 ชั่วโมง,DNT YT
sos.topic_career_advice,sos-hotline,TOPICS,Career advice,คำแนะนำอาชีพ,
sos.why_free_p1,sos-hotline,WHY FREE,We offer real help without charging because it is the right thing to do.,"เราเสนอความช่วยเหลือจริงโดยไม่คิดเงิน เพียงเพราะมันเป็นสิ่งที่ควรทำ",
sos.why_free_p2,sos-hotline,WHY FREE,"If you need more than guidance, we offer done-for-you list reviews with expert interpretation included.","ถ้าคุณต้องการมากกว่าคำแนะนำ เราเสนอบริการตรวจสอบรายชื่อแบบครบวงจรพร้อมการตีความโดยผู้เชี่ยวชาญ",
sos.why_free_tagline,sos-hotline,WHY FREE,Trust beats tactics.,ความไว้ใจชนะกลยุทธ์,
sos.why_free_title,sos-hotline,WHY FREE,Why Is This Free?,ทำไมถึงฟรี?,
sos.more_title,sos-hotline,MORE,Need More Than Advice?,ต้องการมากกว่าคำแนะนำ?,
sos.more_dfy,sos-hotline,MORE,Done-For-You Review,การตรวจสอบแบบครบวงจร (Done-For-You),
sos.more_dfy_cta,sos-hotline,MORE,See What You Get,ดูสิ่งที่คุณจะได้รับ,
sos.more_expert,sos-hotline,MORE,Expert Interpretation,การตีความโดยผู้เชี่ยวชาญ,
sos.more_expert_cta,sos-hotline,MORE,See the Process,ดูกระบวนการ,
sos.topics_headline,sos-hotline,WHO THIS IS FOR,If it touches email, we can help.,ถ้าเกี่ยวกับอีเมล เราช่วยได้,
sos.topics_subhead,sos-hotline,WHO THIS IS FOR,"You do not need to be a client. You do not need to buy anything.","คุณไม่จำเป็นต้องเป็นลูกค้า ไม่ต้องซื้ออะไรทั้งนั้น",
sos.topics_footer,sos-hotline,WHO THIS IS FOR,...and anything else you are wondering about.,...และเรื่องอื่นๆ ที่คุณสงสัย,
sos.topic_deliverability,sos-hotline,TOPICS,Deliverability,Deliverability,
sos.topic_bounces,sos-hotline,TOPICS,Bounces,Bounces,
sos.topic_blocklists,sos-hotline,TOPICS,Blocklists,Blocklists,
sos.topic_open_rates,sos-hotline,TOPICS,Open rates,Open rates,
sos.topic_esp_migration,sos-hotline,TOPICS,ESP migration,การย้าย ESP,DNT ESP
sos.topic_warmup,sos-hotline,TOPICS,Warmup,Warmup,
sos.topic_list_cleaning,sos-hotline,TOPICS,List cleaning,การล้างรายชื่อ,
sos.topic_engagement,sos-hotline,TOPICS,Engagement,Engagement,
sos.topic_spam_complaints,sos-hotline,TOPICS,Spam complaints,Spam complaints,
sos.topic_reputation,sos-hotline,TOPICS,Reputation,Reputation,
sos.topic_ip_warming,sos-hotline,TOPICS,IP warming,IP warming,DNT IP
sos.topic_segmentation,sos-hotline,TOPICS,Segmentation,Segmentation,
sos.topic_inbox_placement,sos-hotline,TOPICS,Inbox placement,Inbox placement,
sos.topic_sunsetting,sos-hotline,TOPICS,Sunsetting,Sunsetting,
sos.topic_reengagement,sos-hotline,TOPICS,Re-engagement,Re-engagement,
sos.topic_career,sos-hotline,TOPICS,Career advice,คำแนะนำอาชีพ,
sos.how_footer,sos-hotline,HOW IT WORKS,That is it. No booking system. Just reach out.,แค่นั้นแหละ ไม่มีระบบจอง แค่ติดต่อมา,
sos.how_send_message,sos-hotline,HOW IT WORKS,Send a message,ส่งข้อความ,
sos.testimonial1_quote,sos-hotline,TESTIMONIALS,"The SOS Hotline gave me extremely helpful guidance. Yanna-Torry cleaned our list and supported us beyond the call.","สายด่วน SOS ให้คำแนะนำที่เป็นประโยชน์มาก Yanna-Torry ล้างรายชื่อของเราและสนับสนุนเราเกินกว่าแค่การคุยกัน",DNT SOS Hotline, Yanna-Torry
sos.testimonial1_author,sos-hotline,TESTIMONIALS,"Megan S, UK","Megan S, UK",DNT
sos.testimonial2_quote,sos-hotline,TESTIMONIALS,Real human expertise. Tailor-made solutions. Not an AI tool.,ความเชี่ยวชาญจากคนจริงๆ โซลูชันที่ออกแบบมาเฉพาะ ไม่ใช่เครื่องมือ AI,
sos.testimonial2_author,sos-hotline,TESTIMONIALS,"Chris Mead, UK","Chris Mead, UK",DNT
sos.testimonial3_quote,sos-hotline,TESTIMONIALS,RME provides deep insights our ESP misses and helped us segment smarter.,RME ให้ข้อมูลเชิงลึกที่ ESP ของเรามองข้าม และช่วยให้เราแบ่งกลุ่มได้ฉลาดขึ้น,DNT RME, ESP
sos.testimonial3_author,sos-hotline,TESTIMONIALS,"Adeola Sole, UK","Adeola Sole, UK",DNT
sos.more_intro,sos-hotline,MORE,"SOS gives you guidance. If you need someone to actually touch your data, we offer:",SOS ให้คำแนะนำ ถ้าคุณต้องการใครสักคนที่มาจัดการข้อมูลของคุณจริงๆ เราเสนอ:,DNT SOS
sos.more_dfy_desc,sos-hotline,MORE,"Send us your list. We review every address and return it labeled: Keep, Monitor, or Suppress. Each gets a clear label, a definition, and why it matters.","ส่งรายชื่อมาให้เรา เราตรวจสอบทุกที่อยู่และส่งคืนพร้อมป้ายกำกับ: เก็บ, เฝ้าระวัง, หรือ ระงับ แต่ละอันมีป้ายกำกับชัดเจน คำจำกัดความ และเหตุผลว่าทำไมถึงสำคัญ",DNT Keep, Monitor, Suppress
sos.more_expert_desc,sos-hotline,MORE,"Every list review includes a walkthrough of your results. We explain what we found, what it means, and what to do next. Included free with every cleaning.",ทุกการตรวจสอบรายชื่อรวมถึงการอธิบายผลลัพธ์ เราอธิบายสิ่งที่เราพบ ความหมายของมัน และสิ่งที่ต้องทำต่อไป รวมฟรีทุกการล้าง,
sos.final_subtext,sos-hotline,CTA,"Email us. Within 48 hours. Often sooner.","ส่งอีเมลหาเรา ภายใน 48 ชั่วโมง บ่อยครั้งเร็วกว่านั้น",
Key,Page,Section,English,Thai,Notes
contact.modal_subtitle,common,CONTACT MODAL,Tell us what you're working on. We'll get back to you within one business day.,บอกเราว่าคุณกำลังทำอะไรอยู่ เราจะติดต่อกลับภายในหนึ่งวันทำการ,
contact.modal_title,common,CONTACT MODAL,Get in Touch,ติดต่อเรา,
contact.submit,common,CONTACT MODAL,Send Message,ส่งข้อความ,
footer.legal,common,FOOTER,Privacy Policy · Terms,นโยบายความเป็นส่วนตัว · ข้อกำหนด,
form.email_label,common,FORM FIELDS,Email \*,อีเมล \*,
form.message_hint,common,FORM FIELDS,Optional - but helps us prepare for the conversation.,ไม่บังคับ - แต่ช่วยให้เราเตรียมตัวสำหรับการสนทนาได้ดีขึ้น,
form.message_label,common,FORM FIELDS,Message,ข้อความ,
form.message_optional_label,common,FORM FIELDS,Message (optional),ข้อความ (ไม่บังคับ),
form.name_label,common,FORM FIELDS,Name \*,ชื่อ \*,
form.timezone_label,common,FORM FIELDS,Timezone (optional),เขตเวลา (ไม่บังคับ),
form.timezone_select,common,FORM FIELDS,Select your timezone,เลือกเขตเวลาของคุณ,
form.timezone_select_optional,common,FORM FIELDS,Select your timezone (optional),เลือกเขตเวลาของคุณ (ไม่บังคับ),
form.tz_alaska,common,FORM FIELDS,Alaska Time,เวลาอลาสก้า,
form.tz_central,common,FORM FIELDS,Central Time (CT),เวลากลาง (CT),
form.tz_cet,common,FORM FIELDS,Central European Time (CET),เวลายุโรปกลาง (CET),
form.tz_eastern,common,FORM FIELDS,Eastern Time (ET),เวลาตะวันออก (ET),
form.tz_eet,common,FORM FIELDS,Eastern European Time,เวลายุโรปตะวันออก,
form.tz_gmt,common,FORM FIELDS,GMT / UTC,GMT / UTC,
form.tz_gulf,common,FORM FIELDS,Gulf Standard Time,เวลามาตรฐานกัลฟ์,
form.tz_hawaii,common,FORM FIELDS,Hawaii Time,เวลาฮาวาย,
form.tz_india,common,FORM FIELDS,India Standard Time,เวลามาตรฐานอินเดีย,
form.tz_japan,common,FORM FIELDS,Japan Standard Time,เวลามาตรฐานญี่ปุ่น,
form.tz_london,common,FORM FIELDS,London (GMT/BST),ลอนดอน (GMT/BST),
form.tz_mountain,common,FORM FIELDS,Mountain Time (MT),เวลาภูเขา (MT),
form.tz_nz,common,FORM FIELDS,New Zealand Time,เวลานิวซีแลนด์,
form.tz_other,common,FORM FIELDS,Other,อื่นๆ,
form.tz_pacific,common,FORM FIELDS,Pacific Time (PT),เวลาแปซิฟิก (PT),
form.tz_singapore,common,FORM FIELDS,Singapore Time,เวลาสิงคโปร์,
form.tz_sydney,common,FORM FIELDS,Australian Eastern Time,เวลาออสเตรเลียตะวันออก,
modal.subtitle,common,CONTACT MODAL,Tell us about your situation and we'll get back to you within 24 hours.,เล่าสถานการณ์ของคุณให้เราฟัง เราจะติดต่อกลับภายใน 24 ชั่วโมง,
ui.message_received,common,UI,Message Received,ได้รับข้อความแล้ว,
ui.message_sent,common,UI,Message Sent!,ส่งข้อความแล้ว!,
ui.request_received,common,UI,Request Received,ได้รับคำขอแล้ว,
ui.response_time,common,UI,We'll get back to you within 24-48 hours.,เราจะติดต่อกลับภายใน 24-48 ชั่วโมง,
ui.response_time_business,common,UI,We'll get back to you within one business day.,เราจะติดต่อกลับภายในหนึ่งวันทำการ,
partner.title,partner,HERO,Partner With Us,ร่วมเป็นพันธมิตรกับเรา,
partner.subtitle,partner,HERO,Work with Review My Emails to help your clients protect their sender reputation.,ร่วมงานกับ Review My Emails เพื่อช่วยลูกค้าของคุณปกป้องชื่อเสียงผู้ส่ง,DNT Review My Emails
partner.types_title,partner,TYPES,Who We Work With,เราทำงานร่วมกับใคร,
partner.esp_title,partner,TYPES,Email Service Providers,ผู้ให้บริการอีเมล (ESP),
partner.esp_desc,partner,TYPES,Help your customers maintain clean lists. Reduce complaints and bounces before they hurt your shared infrastructure.,ช่วยลูกค้าของคุณรักษาความสะอาดรายชื่อ ลดการร้องเรียนและการตีกลับก่อนที่จะส่งผลกระทบต่อโครงสร้างพื้นฐานที่ใช้ร่วมกัน,
partner.agency_title,partner,TYPES,Marketing Agencies,เอเจนซี่การตลาด,
partner.agency_desc,partner,TYPES,Offer list hygiene as part of your email marketing services. Give clients clear recommendations, not just validation scores.,นำเสนอบริการดูแลความสะอาดรายชื่อเป็นส่วนหนึ่งของบริการการตลาดผ่านอีเมล ให้คำแนะนำที่ชัดเจนแก่ลูกค้า ไม่ใช่แค่คะแนนการตรวจสอบ,
partner.consultant_title,partner,TYPES,Deliverability Consultants,ที่ปรึกษาด้าน Deliverability,
partner.consultant_desc,partner,TYPES,Add list interpretation to your toolkit. Get detailed analysis you can use in client reports and remediation plans.,เพิ่มการตีความรายชื่อลงในชุดเครื่องมือของคุณ รับการวิเคราะห์โดยละเอียดที่คุณสามารถใช้ในรายงานลูกค้าและแผนการแก้ไขปัญหา,
partner.data_title,partner,TYPES,Data Providers,ผู้ให้บริการข้อมูล,
partner.data_desc,partner,TYPES,Validate the quality of email data before it reaches your customers. Reduce complaints and build trust.,ตรวจสอบคุณภาพข้อมูลอีเมลก่อนที่จะถึงมือลูกค้า ลดการร้องเรียนและสร้างความไว้วางใจ,
Key,Page,Section,English,Thai,Notes
about.title,about,HERO,About,เกี่ยวกับเรา,
about.subtitle,about,HERO,The person behind Review My Emails.,คนที่อยู่เบื้องหลัง Review My Emails,DNT Review My Emails
about.name,about,BIO,Yanna-Torry Aspraki,Yanna-Torry Aspraki,DNT name
about.role,about,BIO,"Founder, Review My Emails","ผู้ก่อตั้ง, Review My Emails",DNT Review My Emails
about.bio_p1,about,BIO,"I started Review My Emails because I kept seeing the same problem. Marketers would run their lists through validation tools, get a clean bill of health, and then watch their deliverability tank anyway.","ฉันเริ่มทำ Review My Emails เพราะฉันเห็นปัญหาเดิมๆ ซ้ำแล้วซ้ำเล่า นักการตลาดเอารายชื่อไปผ่านเครื่องมือตรวจสอบ ได้ผลลัพธ์ว่าสะอาด แต่แล้ว Deliverability ก็ยังดิ่งลงเหวอยู่ดี",DNT Review My Emails
about.bio_p2,about,BIO,The tools were not lying. They just were not telling the whole story.,เครื่องมือไม่ได้โกหก แค่มันบอกความจริงไม่หมด,
about.bio_p3,about,BIO,"Validation checks if an address exists. It does not check if sending there is safe. It does not know about complaint histories, engagement patterns, or domain-level risk signals that accumulate over time.","Validation ตรวจสอบว่าที่อยู่มีอยู่จริงหรือไม่ แต่มันไม่เช็คว่าส่งไปแล้วปลอดภัยไหม มันไม่รู้เรื่องประวัติการร้องเรียน รูปแบบการมีส่วนร่วม หรือสัญญาณความเสี่ยงระดับโดเมนที่สะสมตามกาลเวลา",
about.bio_p4,about,BIO,"I spent years in email deliverability, working with senders of all sizes. I learned that list health is not binary. An address can be technically valid and still damage your reputation. The question is not ""will this bounce?"" but ""should I send here?""","ฉันใช้เวลาหลายปีในวงการ Email Deliverability ทำงานกับผู้ส่งทุกขนาด ฉันเรียนรู้ว่าสุขภาพของรายชื่อไม่ใช่แค่ขาวกับดำ ที่อยู่อาจจะถูกต้องทางเทคนิคแต่ยังทำลายชื่อเสียงของคุณได้ คำถามไม่ใช่ ""มันจะตีกลับไหม?"" แต่คือ ""ฉันควรส่งไปที่นี่ไหม?""",
about.bio_p5,about,BIO,"That is what Review My Emails answers. Every address gets labeled Keep, Monitor, or Suppress. And every label comes with the reasoning behind it. No black boxes. No guessing.","นั่นคือสิ่งที่ Review My Emails ตอบโจทย์ ทุกที่อยู่จะถูกติดป้ายกำกับว่า เก็บ, เฝ้าระวัง, หรือ ระงับ และทุกป้ายกำกับมาพร้อมเหตุผลเบื้องหลัง ไม่มีกล่องดำ ไม่มีการเดา",DNT Review My Emails, Keep, Monitor, Suppress
about.bio_p6,about,BIO,"If you have questions about your list or your deliverability, I am happy to talk. That is what the SOS Hotline is for.","ถ้าคุณมีคำถามเกี่ยวกับรายชื่อหรือ Deliverability ของคุณ ฉันยินดีคุยด้วย นั่นคือเหตุผลที่มีสายด่วน SOS",DNT SOS Hotline
about.cta_title,about,CTA,Questions?,มีคำถาม?,
about.cta_subtitle,about,CTA,Talk through your situation. No pitch. Just answers.,คุยเรื่องสถานการณ์ของคุณ ไม่มีการขาย มีแต่คำตอบ,
about.cta_sos,about,CTA,Learn About SOS Hotline,เรียนรู้เกี่ยวกับสายด่วน SOS,DNT SOS Hotline
about.cta_pricing,about,CTA,See Pricing,ดูราคา,
about.team_title,about,TEAM,The Team,ทีมงาน,
about.team_subtitle,about,TEAM,Need a hand (or eight)? We have got you covered.,ต้องการคนช่วย (หรือหลายคน)? เราจัดให้,
about.team_contact,about,TEAM,Get in touch:,ติดต่อเรา:,
about.modal_title,about,MODAL,Get in Touch,ติดต่อเรา,
about.modal_subtitle,about,MODAL,Tell us what you're working on. We'll get back to you within one business day.,บอกเราว่าคุณกำลังทำอะไร เราจะติดต่อกลับภายในหนึ่งวันทำการ,
about.modal_success,about,MODAL,Message Sent!,ส่งข้อความแล้ว!,
about.modal_close,about,MODAL,Close,ปิด,
footer.tagline,common,FOOTER,We see what algorithms can't.,เราเห็นสิ่งที่อัลกอริทึมมองไม่เห็น,
footer.services,common,FOOTER,Services,บริการ,
footer.company,common,FOOTER,Company,บริษัท,
footer.contact,common,FOOTER,Contact,ติดต่อ,
footer.security,common,FOOTER,Security,ความปลอดภัย,
footer.copyright,common,FOOTER,© 2026 Review My Emails. All rights reserved.,© 2026 Review My Emails. สงวนลิขสิทธิ์,DNT brand
footer.privacy,common,FOOTER,Privacy Policy,นโยบายความเป็นส่วนตัว,
footer.terms,common,FOOTER,Terms,ข้อกำหนด,
lang.select,common,LANGUAGE,Language,ภาษา,
lang.current_en,common,LANGUAGE,Language: English,ภาษา: ไทย,
ui.loading,common,UI,Loading...,กำลังโหลด...,
ui.submit,common,UI,Submit,ส่ง,
ui.cancel,common,UI,Cancel,ยกเลิก,
ui.close,common,UI,Close,ปิด,
ui.learn_more,common,UI,Learn More,เรียนรู้เพิ่มเติม,
ui.view_details,common,UI,View Details,ดูรายละเอียด,
ui.success,common,UI,Success!,สำเร็จ!,
ui.error,common,UI,Something went wrong. Please try again.,เกิดข้อผิดพลาด โปรดลองอีกครั้ง,
ui.required,common,UI,Required,จำเป็น,
og.headline,common,OG IMAGE,Stop guessing what's wrong with your list,เลิกเดาว่าเกิดอะไรขึ้นกับรายชื่อของคุณ,Main text on OG image
og.subhead,common,OG IMAGE,We find the problems tools miss,เราพบปัญหาที่เครื่องมือมองข้าม,Secondary text
og.tagline,common,OG IMAGE,Expert Email List Cleaning,บริการล้างรายชื่ออีเมลโดยผู้เชี่ยวชาญ,Bottom tagline
easter.fish_message,common,EASTER EGG,You found me! Here's 20% off your first order.,คุณเจอฉันแล้ว! นี่คือส่วนลด 20% สำหรับคำสั่งซื้อแรกของคุณ,Optional
easter.fish_coupon,common,EASTER EGG,Coupon: DEEPDIVE20,คูปอง: DEEPDIVE20,DNT coupon code
easter.exit_button,common,EASTER EGG,Return to Surface,กลับสู่ผิวน้ำ,
easter.hint,common,EASTER EGG,Something is swimming in the deep...,มีบางอย่างว่ายอยู่ในน้ำลึก...,
ui.menu_open,common,UI,Open menu,เปิดเมนู,Accessibility label
ui.menu_close,common,UI,Close menu,ปิดเมนู,Accessibility label
nav.home,common,NAVIGATION,Home,หน้าแรก,
nav.how_it_works,common,NAVIGATION,How It Works,วิธีการทำงาน,
nav.pricing,common,NAVIGATION,Pricing,ราคา,
nav.sos_hotline,common,NAVIGATION,SOS Hotline,สายด่วน SOS,DNT SOS Hotline
nav.about,common,NAVIGATION,About,เกี่ยวกับเรา,
nav.partner,common,NAVIGATION,Partner,พันธมิตร,
nav.quiz,common,NAVIGATION,Free Quiz,แบบทดสอบฟรี,
nav.audit,common,NAVIGATION,Self-Audit,ตรวจสอบด้วยตัวเอง,
nav.cta,common,NAVIGATION,Get My List Cleaned,ล้างรายชื่อของฉัน,
audit.sos_badge,audit,SOS PLUG,Free. No pitch. Just answers.,ฟรี ไม่มีการขาย มีแต่คำตอบ,
audit.get_cleaning,audit,BUTTONS,Get Expert List Cleaning,รับบริการล้างรายชื่อโดยผู้เชี่ยวชาญ,
audit.what_cover,audit,CONTENT,What we'll cover,สิ่งที่เราจะครอบคลุม,
partner.cta_title,partner,CTA,Interested?,สนใจไหม?,
partner.cta_subtitle,partner,CTA,Reach out to discuss how we can work together. No pitch deck required. Just tell us what you are trying to solve.,ติดต่อมาเพื่อคุยกันว่าเราจะร่วมงานกันได้อย่างไร ไม่ต้องมีสไลด์นำเสนอ แค่บอกเราว่าคุณพยายามแก้ปัญหาอะไร,
partner.cta_button,partner,CTA,Email Us,ส่งอีเมลหาเรา,
partner.modal_title,partner,MODAL,Partner With Us,ร่วมเป็นพันธมิตรกับเรา,
partner.modal_subtitle,partner,MODAL,Tell us about your business and we'll get back to you within 24 hours.,บอกเราเกี่ยวกับธุรกิจของคุณ แล้วเราจะติดต่อกลับภายใน 24 ชั่วโมง,
partner.modal_placeholder,partner,MODAL,Tell us about your business and how you'd like to partner...,บอกเราเกี่ยวกับธุรกิจของคุณและรูปแบบที่คุณอยากร่วมมือ...,
partner.modal_button,partner,MODAL,Send Message,ส่งข้อความ,
partner.modal_success_title,partner,MODAL,Message Received,ได้รับข้อความแล้ว,
partner.modal_success_text,partner,MODAL,We'll get back to you within 24 hours.,เราจะติดต่อกลับภายใน 24 ชั่วโมง,
Key,Page,Section,English,Thai,Notes
pricing.comp_them1,pricing,COMPARISON,Validators check if an inbox exists.,ตัวตรวจสอบเช็คว่า Inbox มีอยู่จริงหรือไม่,
pricing.comp_us1,pricing,COMPARISON,We assess whether sending there is safe.,เราประเมินว่าการส่งไปที่นั่นปลอดภัยหรือไม่,
pricing.comp_them2,pricing,COMPARISON,Validators give you a status.,ตัวตรวจสอบบอกสถานะให้คุณ,
pricing.comp_us2,pricing,COMPARISON,We give you the reasoning behind a decision.,เราบอกเหตุผลเบื้องหลังการตัดสินใจ,
pricing.comp_them3,pricing,COMPARISON,Validators flag what bounces.,ตัวตรวจสอบติดธงสิ่งที่ตีกลับ (Bounce),
pricing.comp_us3,pricing,COMPARISON,We flag what damages your reputation without bouncing.,เราติดธงสิ่งที่ทำลายชื่อเสียงของคุณโดยไม่ต้องตีกลับ,
pricing.comp_them4,pricing,COMPARISON,Validators process volume.,ตัวตรวจสอบเน้นปริมาณ,
pricing.comp_us4,pricing,COMPARISON,We interpret patterns across your entire list.,เราตีความรูปแบบทั่วทั้งรายชื่อของคุณ,
pricing.comp_them5,pricing,COMPARISON,Validators leave you guessing.,ตัวตรวจสอบปล่อยให้คุณเดาเอาเอง,
pricing.comp_us5,pricing,COMPARISON,We tell you what to do and why.,เราบอกคุณว่าต้องทำอะไรและทำไม,
pricing.compare_title,pricing,COMPARISON,What You Are Actually Paying For,สิ่งที่คุณกำลังจ่ายเงินให้จริงๆ,
pricing.compare_subtitle,pricing,COMPARISON,The difference between checking and interpreting.,ความแตกต่างระหว่างการตรวจสอบและการตีความ,
pricing.calc_heading,pricing,CALCULATOR,Calculate Your Price,คำนวณราคาของคุณ,
pricing.calc_intro,pricing,CALCULATOR,Simple. More volume, lower rate.,ง่ายๆ ปริมาณมาก ราคาต่อหน่วยยิ่งถูกลง,
pricing.calc_subtitle,pricing,CALCULATOR,Pay only for what you need. Credits never expire.,จ่ายเฉพาะสิ่งที่คุณต้องการ เครดิตไม่มีวันหมดอายุ,
pricing.calc_title,pricing,CALCULATOR,Pricing Calculator,เครื่องคำนวณราคา,
pricing.need_more,pricing,CALCULATOR,Need more than 1 million?,ต้องการมากกว่า 1 ล้าน?,
pricing.custom_pricing,pricing,CALCULATOR,for custom pricing.,เพื่อขอราคาพิเศษ,
pricing.contact_us,pricing,CALCULATOR,Contact us,ติดต่อเรา,
pricing.cta_clean_title,pricing,CTA,Get My List Cleaned,ล้างรายชื่อของฉัน,
pricing.cta_clean_desc,pricing,CTA,Done-for-you service. Send your list, get results.,บริการแบบครบวงจร ส่งรายชื่อมา รับผลลัพธ์กลับไป,
pricing.cta_waitlist_title,pricing,CTA,Join the Waitlist,เข้าร่วมรายชื่อรอ,
pricing.cta_waitlist_desc,pricing,CTA,Be first to access self-serve when it launches.,เป็นคนแรกที่ได้ใช้บริการแบบ Self-serve เมื่อเปิดตัว,
pricing.cta_help_title,pricing,CTA,Get Free Help,รับความช่วยเหลือฟรี,
pricing.cta_help_desc,pricing,CTA,Email our SOS hotline with your questions.,ส่งคำถามของคุณมาที่สายด่วน SOS ของเรา,DNT SOS Hotline
pricing.learn_more_btn,pricing,CTA,Learn More,เรียนรู้เพิ่มเติม,
pricing.option_guidance,pricing,OPTIONS,Guidance,คำแนะนำ,
pricing.option_execution,pricing,OPTIONS,Execution,การดำเนินการ,
pricing.option_automation,pricing,OPTIONS,Automation,ระบบอัตโนมัติ,
pricing.join,pricing,CONTENT,Join,เข้าร่วม,
pricing.get_started_btn,pricing,CONTENT,Get Started,เริ่มต้นใช้งาน,
pricing.questions_title,pricing,CONTENT,Questions?,มีคำถาม?,
pricing.waitlist_success_short,pricing,CONTENT,You're on the list!,คุณอยู่ในรายชื่อแล้ว!,
pricing.newsletter_opt,pricing,CONTENT,"Monthly deliverability insights (no spam, just signal)","ข้อมูลเชิงลึก Deliverability รายเดือน (ไม่มีสแปม มีแต่สาระ)",
pricing.for_custom,pricing,CONTENT,for custom pricing.,เพื่อขอราคาพิเศษ,
pricing.learn_more_sos,pricing,CONTENT,Learn More About SOS Hotline,เรียนรู้เพิ่มเติมเกี่ยวกับสายด่วน SOS,DNT SOS Hotline
pricing.free_help_title,pricing,FREE HELP,Free Email Help,ความช่วยเหลือเรื่องอีเมลฟรี,
pricing.free_help_desc,pricing,FREE HELP,"Ask any email question. Get a real answer from a real expert. No sales pitch, no strings attached.","ถามคำถามเรื่องอีเมลได้ทุกเรื่อง รับคำตอบจริงจากผู้เชี่ยวชาญตัวจริง ไม่มีการขาย ไม่มีข้อผูกมัด",
pricing.hero_headline1,pricing,HERO,Beyond Validation.,เหนือกว่าการตรวจสอบ (Validation),
pricing.hero_headline2,pricing,HERO,We Tell You What Your List Means.,เราบอกคุณว่ารายชื่อของคุณหมายความว่าอย่างไร,
pricing.hero_subhead,pricing,HERO,"Not just pass/fail. Every address comes with reasoning so you know what to keep, what to monitor, and what to suppress.","ไม่ใช่แค่ผ่าน/ไม่ผ่าน ทุกที่อยู่มีเหตุผลประกอบ เพื่อให้คุณรู้ว่าควรเก็บอะไร ควรเฝ้าระวังอะไร และควรระงับ (Suppress) อะไร",DNT Keep/Monitor/Suppress
pricing.what_you_get_title,pricing,OUTPUT,What You Get,สิ่งที่คุณจะได้รับ,
pricing.what_you_get_subtitle,pricing,OUTPUT,A cleaned list with clear recommendations.,รายชื่อที่ล้างแล้วพร้อมคำแนะนำที่ชัดเจน,
pricing.keep_title,pricing,OUTPUT,Cleared After Full Review,ผ่านการตรวจสอบอย่างละเอียดแล้ว,
pricing.keep_desc,pricing,OUTPUT,No risk patterns surfaced during review. Domain behavior and historical signals support continued sending.,ไม่พบรูปแบบความเสี่ยงระหว่างการตรวจสอบ พฤติกรรมโดเมนและสัญญาณในอดีตสนับสนุนให้ส่งต่อได้,
pricing.monitor_title,pricing,OUTPUT,Patterns Worth Watching,รูปแบบที่น่าจับตามอง,
pricing.monitor_desc,pricing,OUTPUT,"These require judgment. We surface historical patterns and relationship context.",สิ่งเหล่านี้ต้องใช้วิจารณญาณ เราเปิดเผยรูปแบบในอดีตและบริบทความสัมพันธ์,
pricing.suppress_title,pricing,OUTPUT,"Clear Risk, Clear Reasoning",ความเสี่ยงชัดเจน เหตุผลชัดเจน,
pricing.suppress_desc,pricing,OUTPUT,"Clear risk signals: known problem domains, disposable patterns, historical trap indicators.",สัญญาณความเสี่ยงชัดเจน: โดเมนที่มีปัญหา, รูปแบบอีเมลใช้แล้วทิ้ง, ตัวบ่งชี้กับดักในอดีต,
pricing.who_title,pricing,WHO FOR,Who This Is For,บริการนี้เหมาะกับใคร,
pricing.who_subtitle,pricing,WHO FOR,Marketers who already send email and want to protect their sender reputation.,นักการตลาดที่ส่งอีเมลอยู่แล้วและต้องการปกป้องชื่อเสียงผู้ส่ง (Sender Reputation),
pricing.who_note,pricing,WHO FOR,"If you care about long-term reputation, not just short-term volume, this is for you.","ถ้าคุณแคร์ชื่อเสียงระยะยาว ไม่ใช่แค่ปริมาณระยะสั้น นี่คือสิ่งที่คุณต้องการ",
pricing.who_item1,pricing,WHO FOR,Running campaigns but seeing declining engagement,กำลังรันแคมเปญแต่เห็นยอดการมีส่วนร่วมลดลง,
pricing.who_item2,pricing,WHO FOR,"Worried about bounces, complaints, or blocklists",กังวลเรื่องการตีกลับ (Bounces), การร้องเรียน, หรือการติด Blacklist,
pricing.who_item3,pricing,WHO FOR,Inheriting a list you did not build,รับช่วงต่อรายชื่อที่คุณไม่ได้สร้างเอง,
pricing.who_item4,pricing,WHO FOR,"Under pressure to ""just send"" but sensing risk","ถูกกดดันให้ ""ส่งๆ ไปเถอะ"" แต่รู้สึกถึงความเสี่ยง",
pricing.who_item5,pricing,WHO FOR,Trying to explain deliverability to a boss who does not get it,พยายามอธิบายเรื่อง Deliverability ให้หัวหน้าคนที่ไม่เข้าใจฟัง,
quiz.loading_analyzing,quiz,LOADING,Analyzing your responses...,กำลังวิเคราะห์คำตอบของคุณ...,
quiz.loading_comparing,quiz,LOADING,Comparing against common patterns,กำลังเปรียบเทียบกับรูปแบบทั่วไป,
quiz.loading_checking,quiz,LOADING,Checking risk indicators...,กำลังตรวจสอบตัวบ่งชี้ความเสี่ยง...,
quiz.loading_matching,quiz,LOADING,Matching against known patterns,กำลังจับคู่กับรูปแบบที่รู้จัก,
quiz.loading_preparing,quiz,LOADING,Preparing your diagnosis...,กำลังเตรียมผลวินิจฉัยของคุณ...,
quiz.step_indicator,quiz,INTRO,Question {n} of {total},คำถามที่ {n} จาก {total},Use {n} and {total} as placeholders
quiz.step_1_of_4,quiz,QUESTIONS,Question 1 of 4,คำถามที่ 1 จาก 4,
quiz.q1_text,quiz,QUESTIONS,How did the majority of these emails get on your list?,อีเมลส่วนใหญ่ในรายชื่อนี้มาได้อย่างไร?,
quiz.q2_text,quiz,QUESTIONS,Is your sending domain authenticated with DMARC?,โดเมนส่งอีเมลของคุณมีการยืนยันตัวตนด้วย DMARC หรือไม่?,DNT DMARC
quiz.q3_text,quiz,QUESTIONS,Have you run this list through a validation tool?,คุณเคยนำรายชื่อนี้ไปผ่านเครื่องมือตรวจสอบ (Validation) หรือไม่?,
quiz.q4_text,quiz,QUESTIONS,What brought you here today?,อะไรพาคุณมาที่นี่วันนี้?,
quiz.pattern_line,quiz,RESULTS,This is one of the most common patterns I see.,นี่เป็นหนึ่งในรูปแบบที่พบบ่อยที่สุดที่ฉันเจอ,
quiz.badge_higher_risk,quiz,RESULTS,Higher Risk,ความเสี่ยงสูงกว่า,
quiz.badge_critical,quiz,RESULTS,Critical,วิกฤต,
quiz.badge_high_risk,quiz,RESULTS,High Risk,ความเสี่ยงสูง,
quiz.badge_medium_risk,quiz,RESULTS,Medium Risk,ความเสี่ยงปานกลาง,
quiz.badge_low_risk,quiz,RESULTS,Low Risk,ความเสี่ยงต่ำ,
quiz.what_well_do,quiz,RESULTS,What we'll do,สิ่งที่เราจะทำ,
quiz.what_this_means,quiz,RESULTS,What this means,สิ่งนี้หมายความว่าอย่างไร,
quiz.reality_check_title,quiz,RESULTS,What we'll do,สิ่งที่เราจะทำ,
quiz.reality_check_title_alt,quiz,RESULTS,What this means,สิ่งนี้หมายความว่าอย่างไร,
quiz.cta_talk_specialist,quiz,RESULTS,Talk to a Specialist,คุยกับผู้เชี่ยวชาญ,
quiz.cta_full_review,quiz,RESULTS,Get a full review,รับการตรวจสอบฉบับเต็ม,
quiz.cta_diagnose,quiz,RESULTS,Let's diagnose this,มาวินิจฉัยเรื่องนี้กัน,
quiz.cta_clarity,quiz,RESULTS,Get clarity on your list,สร้างความชัดเจนให้รายชื่อของคุณ,
quiz.cta_get_diagnosis,quiz,CTA,Get the diagnosis,รับผลวินิจฉัย,
quiz.cta_safety_check,quiz,CTA,Get a safety check,รับการตรวจสอบความปลอดภัย,
quiz.res_infra_headline,quiz,RESULTS,Your infrastructure may be the problem.,โครงสร้างพื้นฐานของคุณอาจเป็นปัญหา,
quiz.res_catchall_headline,quiz,RESULTS,Those ""Unknown"" addresses are not unknown to me.,ที่อยู่ ""Unknown"" เหล่านั้น ไม่ใช่สิ่งลึกลับสำหรับฉัน,
quiz.res_decay_headline,quiz,RESULTS,Your list is slowly suffocating your delivery.,รายชื่อของคุณกำลังค่อยๆ บั่นทอนการส่งอีเมลของคุณ,
quiz.res_preventive_headline,quiz,RESULTS,You are in a good spot. Let's keep it that way.,คุณอยู่ในจุดที่ดีแล้ว มาช่วยกันรักษาไว้เถอะ,
quiz.res_noconsent_headline,quiz,RESULTS,We can absolutely help clean your list.,เราช่วยล้างรายชื่อของคุณได้แน่นอน,
quiz.res_crisis_headline,quiz,RESULTS,You need triage, not just cleaning.,คุณต้องการการคัดแยกผู้ป่วย (Triage) ไม่ใช่แค่การล้าง,
quiz.res_toolfail_headline,quiz,RESULTS,Your validation tool missed something.,เครื่องมือตรวจสอบของคุณพลาดอะไรบางอย่างไป,
quiz.res_noconsent_subhead,quiz,RESULTS,Lists without explicit consent carry more risk—but that doesn't mean you can't send safely. We'll remove the addresses most likely to hurt you.,รายชื่อที่ไม่มีการยินยอมชัดเจนมีความเสี่ยงสูงกว่า แต่ไม่ได้หมายความว่าคุณส่งอย่างปลอดภัยไม่ได้ เราจะลบที่อยู่ที่มีแนวโน้มจะทำร้ายคุณมากที่สุดออก,
quiz.res_crisis_subhead,quiz,RESULTS,An ESP warning is the final straw. Your reputation is already damaged. Automated cleaning alone will not get you reinstated.,คำเตือนจาก ESP คือฟางเส้นสุดท้าย ชื่อเสียงของคุณเสียหายไปแล้ว การล้างอัตโนมัติเพียงอย่างเดียวจะไม่ช่วยให้คุณกลับมาได้,DNT ESP
quiz.res_toolfail_subhead,quiz,RESULTS,You paid for syntax checking. You were punished for reputation. A 'Valid' email can still be a spam trap or chronic complainer.,คุณจ่ายเงินค่าเช็คไวยากรณ์ แต่ถูกลงโทษเรื่องชื่อเสียง อีเมลที่ 'Valid' ยังคงเป็น Spam Trap หรือคนที่ชอบร้องเรียนได้,
quiz.res_infra_subhead,quiz,RESULTS,Without proper DMARC authentication, even a clean list can land in spam. This is a fixable issue, but it needs attention before list cleaning matters.,หากไม่มีการยืนยันตัวตน DMARC ที่ถูกต้อง แม้แต่รายชื่อที่สะอาดก็อาจลง Spam ได้ ปัญหานี้แก้ได้ แต่ต้องใส่ใจก่อนที่จะไปกังวลเรื่องการล้างรายชื่อ,DNT DMARC
quiz.res_catchall_subhead,quiz,RESULTS,Catch-all domains accept everything. Validation tools cannot tell you which addresses are real. I can.,โดเมน Catch-all รับทุกอย่าง เครื่องมือตรวจสอบบอกไม่ได้ว่าที่อยู่ไหนมีจริง แต่ฉันบอกได้,
quiz.res_decay_subhead,quiz,RESULTS,No bounce spike. No warning. Just a quiet decline as dead weight accumulates and inbox providers filter you to spam.,ไม่มี Bounce พุ่งสูง ไม่มีคำเตือน มีแต่การลดลงอย่างเงียบๆ เมื่อน้ำหนักส่วนเกินสะสม และผู้ให้บริการ Inbox กรองคุณลง Spam,
quiz.res_preventive_subhead,quiz,RESULTS,Healthy lists still decay by about 22% every year. A preventative review before a big send catches recycled traps that formed since your last campaign.,รายชื่อที่มีคุณภาพยังเสื่อมลงประมาณ 22% ทุกปี การตรวจสอบป้องกันก่อนส่งล็อตใหญ่จะช่วยจับกับดัก (Traps) ที่เพิ่งเกิดขึ้นตั้งแต่แคมเปญล่าสุดของคุณ,
quiz.res_noconsent_reality,quiz,RESULTS,"We catch invalid addresses, spam traps, role accounts, and high-risk patterns that other validators miss. We're thorough. But we're also honest: no tool can catch every trap on a non-consent list because some are designed to be undetectable. That's true for every validator—we're just the ones who tell you.","เราจับที่อยู่ไม่ถูกต้อง, Spam Traps, บัญชี Role, และรูปแบบความเสี่ยงสูงที่เครื่องมืออื่นพลาด เราละเอียดรอบคอบ แต่เราก็จริงใจ: ไม่มีเครื่องมือไหนจับกับดักได้ทุกตัวในรายชื่อที่ไม่มีการยินยอม เพราะบางตัวถูกออกแบบมาให้ตรวจจับไม่ได้ นั่นเป็นความจริงสำหรับทุกเครื่องมือ—เราแค่เป็นคนที่บอกความจริงกับคุณ",
quiz.res_crisis_reality,quiz,RESULTS,You need a remediation strategy, not just a clean list. I help identify the root cause and build a path back to good standing with your ESP.,คุณต้องการกลยุทธ์การเยียวยา ไม่ใช่แค่รายชื่อสะอาด ฉันช่วยระบุสาเหตุต้นตอและสร้างเส้นทางกลับสู่สถานะที่ดีกับ ESP ของคุณ,DNT ESP
quiz.res_toolfail_reality,quiz,RESULTS,Automated tools cannot see behavioral history. They check code, not context. I find the 'Valid but Dangerous' addresses they miss.,เครื่องมืออัตโนมัติมองไม่เห็นประวัติพฤติกรรม มันเช็คโค้ด ไม่ใช่บริบท ฉันหาที่อยู่ 'Valid แต่อันตราย' ที่พวกมันพลาด,
quiz.res_infra_reality,quiz,RESULTS,Domain authentication tells inbox providers you are who you say you are. Without it, your emails look suspicious regardless of list quality.,การยืนยันตัวตนโดเมนบอกผู้ให้บริการ Inbox ว่าคุณคือคนที่คุณอ้างว่าเป็น หากไม่มีมัน อีเมลของคุณจะดูน่าสงสัยไม่ว่ารายชื่อจะดีแค่ไหน,
quiz.res_catchall_reality,quiz,RESULTS,A large percentage of business domains are catch-all. Validation marks them 'Unknown' because it cannot verify. Pattern recognition and engagement history tell a different story.,เปอร์เซ็นต์ใหญ่ของโดเมนธุรกิจคือ Catch-all เครื่องมือตรวจสอบระบุว่าเป็น 'Unknown' เพราะเช็คไม่ได้ แต่การจดจำรูปแบบและประวัติการมีส่วนร่วมบอกเล่าเรื่องราวที่ต่างออกไป,
quiz.res_decay_reality,quiz,RESULTS,This is the hardest problem to diagnose because there is no event. Your list has accumulated decay, and it is dragging down your engaged subscribers.,นี่เป็นปัญหาที่วินิจฉัยยากที่สุดเพราะไม่มีเหตุการณ์แจ้งเตือน รายชื่อของคุณสะสมความเสื่อมโทรม และมันกำลังฉุดรั้งผู้ติดตามที่มีส่วนร่วมของคุณลงมา,
quiz.res_preventive_reality,quiz,RESULTS,You are doing the right things. A safety check ensures you do not accidentally hit a trap that did not exist last time you sent.,คุณกำลังทำสิ่งที่ถูกต้อง การตรวจสอบความปลอดภัยช่วยให้มั่นใจว่าคุณจะไม่เผลอไปโดนกับดักที่ยังไม่มีในครั้งล่าสุดที่คุณส่ง,
quiz.additional_issues_title,quiz,RESULTS,Other things we noticed,สิ่งอื่นๆ ที่เราสังเกตเห็น,
quiz.result_directlink,quiz,RESULTS,Ready to go?,พร้อมหรือยัง?,
quiz.get_list_cleaned,quiz,RESULTS,Get My List Cleaned →,ล้างรายชื่อของฉัน →,
quiz.save_diagnosis,quiz,CAPTURE,Save your diagnosis,บันทึกผลวินิจฉัยของคุณ,
quiz.save_subtitle,quiz,CAPTURE,Get your results emailed and optionally join our waitlist for self-serve tools.,รับผลลัพธ์ทางอีเมลและเลือกเข้าร่วมรายชื่อรอสำหรับเครื่องมือ Self-serve,
quiz.newsletter_opt,quiz,CAPTURE,"Monthly deliverability insights (no spam, just signal)","ข้อมูลเชิงลึก Deliverability รายเดือน (ไม่มีสแปม มีแต่สาระ)",
quiz.bonus_credits,quiz,CAPTURE,1,500 credits when we launch,1,500 เครดิตเมื่อเราเปิดตัว,
quiz.send_results,quiz,CAPTURE,Send My Results,ส่งผลลัพธ์ให้ฉัน,
quiz.skip,quiz,CAPTURE,Skip,ข้าม,
quiz.notify_launch,quiz,CAPTURE,Notify me when self-serve launches,แจ้งเตือนฉันเมื่อเปิดตัว Self-serve,
quiz.request_contact,quiz,CAPTURE,Have someone reach out to discuss my situation (no sales pitch),ให้เจ้าหน้าที่ติดต่อกลับเพื่อหารือเกี่ยวกับสถานการณ์ของฉัน (ไม่มีการขาย),
quiz.capture_success,quiz,CAPTURE,Your results have been sent!,ส่งผลลัพธ์ของคุณเรียบร้อยแล้ว!,
quiz.capture_credits_bonus,quiz,CAPTURE,You've also earned 1,500 free credits.,คุณยังได้รับ 1,500 เครดิตฟรีอีกด้วย,
quiz.capture_reach_out,quiz,CAPTURE,We'll reach out soon.,เราจะติดต่อกลับเร็วๆ นี้,
quiz.ready_to_go,quiz,CAPTURE,Ready to go?,พร้อมหรือยัง?,
sos.bridge_dfy_cta,sos-hotline,BRIDGE,See What You Get,ดูสิ่งที่คุณจะได้รับ,
sos.bridge_dfy_desc,sos-hotline,BRIDGE,"Send us your list. We review every address and return it labeled: Keep, Monitor, or Suppress.","ส่งรายชื่อมาให้เรา เราตรวจสอบทุกที่อยู่และส่งคืนพร้อมป้ายกำกับ: เก็บ, เฝ้าระวัง, หรือ ระงับ",DNT Keep/Monitor/Suppress
sos.bridge_dfy_title,sos-hotline,BRIDGE,Done-For-You Review,การตรวจสอบแบบครบวงจร (Done-For-You),
sos.bridge_expert_cta,sos-hotline,BRIDGE,See the Process,ดูกระบวนการ,
sos.bridge_expert_desc,sos-hotline,BRIDGE,Every list review includes a walkthrough of your results. We explain what we found.,ทุกการตรวจสอบรายชื่อรวมถึงการอธิบายผลลัพธ์ เราอธิบายสิ่งที่เราพบ,
sos.bridge_expert_title,sos-hotline,BRIDGE,Expert Interpretation,การตีความโดยผู้เชี่ยวชาญ,
sos.bridge_intro,sos-hotline,BRIDGE,"SOS gives you guidance. If you need someone to actually touch your data, we offer:",SOS ให้คำแนะนำ ถ้าคุณต้องการใครสักคนที่มาจัดการข้อมูลของคุณจริงๆ เราเสนอ:,DNT SOS
sos.bridge_title,sos-hotline,BRIDGE,Need More Than Advice?,ต้องการมากกว่าคำแนะนำ?,
sos.final_cta_subtext,sos-hotline,FINAL CTA,"Email us. Within 48 hours. Often sooner.","ส่งอีเมลหาเรา ภายใน 48 ชั่วโมง บ่อยครั้งเร็วกว่านั้น",
sos.final_cta_title,sos-hotline,FINAL CTA,Ready to Ask Your Question?,พร้อมถามคำถามหรือยัง?,
sos.how_step1,sos-hotline,HOW IT WORKS,You send an email to the SOS Hotline,คุณส่งอีเมลไปที่สายด่วน SOS,DNT SOS Hotline
sos.how_step2,sos-hotline,HOW IT WORKS,You receive an automatic reply confirming we got it,คุณจะได้รับอีเมลตอบกลับอัตโนมัติยืนยันว่าเราได้รับเรื่องแล้ว,
sos.how_step3,sos-hotline,HOW IT WORKS,YT personally reads and responds within 48 hours,Yanna-Torry อ่านด้วยตัวเองและตอบกลับภายใน 48 ชั่วโมง,DNT YT
sos.topic_career_advice,sos-hotline,TOPICS,Career advice,คำแนะนำอาชีพ,
sos.why_free_p1,sos-hotline,WHY FREE,We offer real help without charging because it is the right thing to do.,"เราเสนอความช่วยเหลือจริงโดยไม่คิดเงิน เพียงเพราะมันเป็นสิ่งที่ควรทำ",
sos.why_free_p2,sos-hotline,WHY FREE,"If you need more than guidance, we offer done-for-you list reviews with expert interpretation included.","ถ้าคุณต้องการมากกว่าคำแนะนำ เราเสนอบริการตรวจสอบรายชื่อแบบครบวงจรพร้อมการตีความโดยผู้เชี่ยวชาญ",
sos.why_free_tagline,sos-hotline,WHY FREE,Trust beats tactics.,ความไว้ใจชนะกลยุทธ์,
sos.why_free_title,sos-hotline,WHY FREE,Why Is This Free?,ทำไมถึงฟรี?,
audit.badge,audit,INTRO,Free Self-Assessment,แบบประเมินตนเองฟรี,
audit.title,audit,INTRO,Inbox Placement Self-Audit,ตรวจสอบ Inbox Placement ด้วยตัวเอง,
audit.subtitle,audit,INTRO,What most senders never check. Use this monthly. Be honest. This is how problems get caught before revenue drops.,สิ่งที่ผู้ส่งส่วนใหญ่ไม่เคยเช็ค ใช้ทุกเดือน ตอบตามจริง นี่คือวิธีจับผิดปัญหาก่อนที่รายได้จะตก,
audit.disclaimer,audit,INTRO,Important: This audit covers general best practices. Every business is different. A monthly newsletter has different needs than a daily SaaS notification. Some items here may not apply to you at all. The goal is awareness, not a perfect score.,สำคัญ: การตรวจสอบนี้ครอบคลุมแนวทางปฏิบัติที่ดีที่สุดทั่วไป ทุกธุรกิจแตกต่างกัน จดหมายข่าวรายเดือนมีความต้องการต่างจากการแจ้งเตือน SaaS รายวัน บางหัวข้ออาจไม่เกี่ยวกับคุณเลย เป้าหมายคือความตระหนักรู้ ไม่ใช่คะแนนเต็ม,
audit.meta_time,audit,INTRO,5-7 minutes,5-7 นาที,
audit.meta_sections,audit,INTRO,10 sections,10 ส่วน,
audit.meta_tips,audit,INTRO,Personalized tips,เคล็ดลับเฉพาะบุคคล,
audit.start_button,audit,INTRO,Start Audit,เริ่มการตรวจสอบ,
audit.section_automation,audit,SECTIONS,Automation Timing,เวลาของระบบอัตโนมัติ,
audit.section_header,audit,SECTIONS,Header & Footer Hygiene,ความสะอาดของส่วนหัวและท้ายอีเมล,
audit.section_tracking,audit,SECTIONS,Tracking Domain Risk,ความเสี่ยงของโดเมนติดตามผล (Tracking Domain),
audit.section_engagement,audit,SECTIONS,Engagement Logic,ตรรกะการมีส่วนร่วม (Engagement),
audit.section_layout,audit,SECTIONS,Layout Pattern Risk,ความเสี่ยงของรูปแบบเลย์เอาต์,
audit.section_sendtime,audit,SECTIONS,Send Time Logic,ตรรกะเวลาส่ง,
audit.section_migration,audit,SECTIONS,ESP Migration Risk,ความเสี่ยงในการย้าย ESP,
audit.section_subject,audit,SECTIONS,Subject vs Preview Trust,ความน่าเชื่อถือของหัวข้อ vs พรีวิว,
audit.section_spam,audit,SECTIONS,Spam Folder Rendering,การแสดงผลในโฟลเดอร์สแปม,
audit.section_validation,audit,SECTIONS,Validation Frequency,ความถี่ในการตรวจสอบ (Validation),
audit.grade_strong,audit,RESULTS,Strong Foundation,พื้นฐานแข็งแกร่ง,
audit.grade_attention,audit,RESULTS,Needs Attention,ต้องใส่ใจ,
audit.grade_risk,audit,RESULTS,High Risk,ความเสี่ยงสูง,
audit.out_of_100,audit,RESULTS,out of 100,จาก 100,
audit.score_by_section,audit,RESULTS,Score by Section,คะแนนตามหมวดหมู่,
audit.next_section,audit,BUTTONS,Next Section,ส่วนถัดไป,
audit.see_results,audit,BUTTONS,See Results,ดูผลลัพธ์,
audit.retake,audit,BUTTONS,Retake Audit,ทำแบบตรวจสอบใหม่,
audit.save_title,audit,CAPTURE,Save Your Results,บันทึกผลลัพธ์ของคุณ,
audit.send_report,audit,CAPTURE,Send My Report,ส่งรายงานให้ฉัน,
audit.report_sent,audit,CAPTURE,Report Sent!,ส่งรายงานแล้ว!,
audit.save_subtitle,audit,CAPTURE,Get a detailed report emailed and optionally join our waitlist.,รับรายงานละเอียดทางอีเมลและเลือกเข้าร่วมรายชื่อรอของเรา,
audit.capture_newsletter,audit,CAPTURE,"Monthly deliverability insights (no spam, just signal)","ข้อมูลเชิงลึก Deliverability รายเดือน (ไม่มีสแปม มีแต่สาระ)",
audit.capture_bonus,audit,CAPTURE,1,500 credits when we launch,1,500 เครดิตเมื่อเราเปิดตัว,
audit.capture_waitlist,audit,CAPTURE,Notify me when self-serve launches,แจ้งเตือนฉันเมื่อเปิดตัว Self-serve,
audit.capture_contact,audit,CAPTURE,Have someone reach out to discuss my audit results (no sales pitch),ให้เจ้าหน้าที่ติดต่อกลับเพื่อหารือเกี่ยวกับผลการตรวจสอบ (ไม่มีการขาย),
audit.capture_skip,audit,CAPTURE,"Skip, I'll just review on screen","ข้าม, ฉันจะดูบนหน้าจอ",
audit.recommendations_title,audit,RESULTS,Action Items by Section,สิ่งที่ต้องทำตามหมวดหมู่,
audit.recommendations_subtitle,audit,RESULTS,Everything flagged based on your answers. Review what applies to you:,ทุกสิ่งที่ถูกแจ้งเตือนตามคำตอบของคุณ ตรวจสอบสิ่งที่เกี่ยวข้องกับคุณ:,
audit.sos_title,audit,SOS PLUG,Not Sure What Applies to You?,ไม่แน่ใจว่าอันไหนเกี่ยวกับคุณ?,
audit.sos_desc,audit,SOS PLUG,Every business is different. What's critical for a daily sender might be irrelevant for a monthly newsletter. If you're unsure which items actually matter for your situation, talk to someone who's seen it all.,ทุกธุรกิจแตกต่างกัน สิ่งสำคัญสำหรับคนส่งอีเมลทุกวันอาจไม่สำคัญสำหรับจดหมายข่าวรายเดือน ถ้าคุณไม่แน่ใจว่าข้อไหนสำคัญกับคุณจริงๆ คุยกับคนที่เห็นมาหมดแล้วดีกว่า,
audit.sos_badge,audit,SOS PLUG,Free. No pitch. Just answers.,ฟรี ไม่มีการขาย มีแต่คำตอบ,
audit.sos_card_desc,audit,SOS PLUG,"The SOS Hotline connects you with YT, a deliverability specialist who's cleaned thousands of lists and diagnosed hundreds of sending problems. Ask anything.","สายด่วน SOS เชื่อมต่อคุณกับ YT ผู้เชี่ยวชาญด้าน Deliverability ที่ล้างรายชื่อมาเป็นพันและวินิจฉัยปัญหาการส่งมาเป็นร้อย ถามได้ทุกเรื่อง",DNT SOS Hotline, YT
audit.sos_cta,audit,SOS PLUG,Talk to a Specialist,คุยกับผู้เชี่ยวชาญ,
audit.sos_learn_more,audit,SOS PLUG,Learn About SOS Hotline,เรียนรู้เกี่ยวกับสายด่วน SOS,DNT SOS Hotline
audit.testimonial_quote,audit,TESTIMONIAL,Review My Emails goes beyond standard tools by identifying risky patterns others miss.,Review My Emails เหนือกว่าเครื่องมือทั่วไปด้วยการระบุรูปแบบความเสี่ยงที่คนอื่นมองข้าม,DNT Review My Emails
audit.testimonial_author,audit,TESTIMONIAL,"Julia S., Italy","Julia S., อิตาลี",DNT
audit.get_cleaning,audit,BUTTONS,Get Expert List Cleaning,รับบริการล้างรายชื่อโดยผู้เชี่ยวชาญ,
about.email_link,about,CONTENT,Email,อีเมล,
about.founder_title,about,CONTENT,"Founder, Review My Emails","ผู้ก่อตั้ง, Review My Emails",
audit.back,audit,CONTENT,Back,ย้อนกลับ,
audit.built_by,audit,CONTENT,Built by,สร้างโดย,
audit.get_cleaned,audit,CONTENT,Get Your List Cleaned,ล้างรายชื่อของคุณ,
audit.important,audit,CONTENT,Important:,สำคัญ:,
audit.what_cover,audit,CONTENT,What we'll cover,สิ่งที่เราจะครอบคลุม,
contact.modal_subtitle,common,CONTACT MODAL,Tell us what you're working on. We'll get back to you within one business day.,บอกเราว่าคุณกำลังทำอะไร เราจะติดต่อกลับภายในหนึ่งวันทำการ,
contact.modal_title,common,CONTACT MODAL,Get in Touch,ติดต่อเรา,
contact.submit,common,CONTACT MODAL,Send Message,ส่งข้อความ,
footer.legal,common,FOOTER,Privacy Policy · Terms,นโยบายความเป็นส่วนตัว · ข้อกำหนด,
form.email_label,common,FORM FIELDS,Email \*,อีเมล \*,
form.message_hint,common,FORM FIELDS,Optional - but helps us prepare for the conversation.,ไม่บังคับ - แต่ช่วยให้เราเตรียมตัวสำหรับการสนทนาได้ดีขึ้น,
form.message_label,common,FORM FIELDS,Message,ข้อความ,
form.message_optional_label,common,FORM FIELDS,Message (optional),ข้อความ (ไม่บังคับ),
form.name_label,common,FORM FIELDS,Name \*,ชื่อ \*,
form.timezone_label,common,FORM FIELDS,Timezone (optional),เขตเวลา (ไม่บังคับ),
form.timezone_select,common,FORM FIELDS,Select your timezone,เลือกเขตเวลาของคุณ,
form.timezone_select_optional,common,FORM FIELDS,Select your timezone (optional),เลือกเขตเวลาของคุณ (ไม่บังคับ),
form.tz_alaska,common,FORM FIELDS,Alaska Time,เวลาอลาสก้า,
form.tz_central,common,FORM FIELDS,Central Time (CT),เวลากลาง (CT),
form.tz_cet,common,FORM FIELDS,Central European Time (CET),เวลายุโรปกลาง (CET),
form.tz_eastern,common,FORM FIELDS,Eastern Time (ET),เวลาตะวันออก (ET),
form.tz_eet,common,FORM FIELDS,Eastern European Time,เวลายุโรปตะวันออก,
form.tz_gmt,common,FORM FIELDS,GMT / UTC,GMT / UTC,
form.tz_gulf,common,FORM FIELDS,Gulf Standard Time,เวลามาตรฐานกัลฟ์,
form.tz_hawaii,common,FORM FIELDS,Hawaii Time,เวลาฮาวาย,
form.tz_india,common,FORM FIELDS,India Standard Time,เวลามาตรฐานอินเดีย,
form.tz_japan,common,FORM FIELDS,Japan Standard Time,เวลามาตรฐานญี่ปุ่น,
form.tz_london,common,FORM FIELDS,London (GMT/BST),ลอนดอน (GMT/BST),
form.tz_mountain,common,FORM FIELDS,Mountain Time (MT),เวลาภูเขา (MT),
form.tz_nz,common,FORM FIELDS,New Zealand Time,เวลานิวซีแลนด์,
form.tz_other,common,FORM FIELDS,Other,อื่นๆ,
form.tz_pacific,common,FORM FIELDS,Pacific Time (PT),เวลาแปซิฟิก (PT),
form.tz_singapore,common,FORM FIELDS,Singapore Time,เวลาสิงคโปร์,
form.tz_sydney,common,FORM FIELDS,Australian Eastern Time,เวลาออสเตรเลียตะวันออก,
modal.subtitle,common,CONTACT MODAL,Tell us about your situation and we'll get back to you within 24 hours.,เล่าสถานการณ์ของคุณให้เราฟัง เราจะติดต่อกลับภายใน 24 ชั่วโมง,
ui.message_received,common,UI,Message Received,ได้รับข้อความแล้ว,
ui.message_sent,common,UI,Message Sent!,ส่งข้อความแล้ว!,
ui.request_received,common,UI,Request Received,ได้รับคำขอแล้ว,
ui.response_time,common,UI,We'll get back to you within 24-48 hours.,เราจะติดต่อกลับภายใน 24-48 ชั่วโมง,
ui.response_time_business,common,UI,We'll get back to you within one business day.,เราจะติดต่อกลับภายในหนึ่งวันทำการ,