Key,Page,Section,English,Turkish,Notes
home.title,homepage,META & SEO,Review My Emails | Email List Cleaning That Tells You What to Do,Review My Emails | Size Ne Yapmanız Gerektiğini Söyleyen E-posta Listesi Temizliği,DNT "Review My Emails"
home.meta_desc,homepage,META & SEO,"Validation tools see addresses. We see patterns, context, and risk. Then we tell you exactly what to do. Clear labels: Keep, Monitor, Suppress. With the reasoning behind each one.","Doğrulama araçları adresleri görür. Biz kalıpları, bağlamı ve riski görürüz. Sonra size tam olarak ne yapmanız gerektiğini söyleriz. Net etiketler: Sakla (Keep), İzle (Monitor), Kaldır (Suppress). Her birinin arkasındaki gerekçeyle birlikte.",DNT Keep/Monitor/Suppress
home.og_title,homepage,META & SEO,Review My Emails | Email List Cleaning That Tells You What to Do,Review My Emails | Size Ne Yapmanız Gerektiğini Söyleyen E-posta Listesi Temizliği,Same as title, for social sharing
home.og_desc,homepage,META & SEO,"Validation tools see addresses. We see patterns, context, and risk. Then we tell you exactly what to do.","Doğrulama araçları adresleri görür. Biz kalıpları görürüz. Riski tanımlar ve size tam olarak bir sonraki adımın ne olduğunu söyleriz.",For social sharing
home.hero_badge,homepage,HERO,By Yanna-Torry Aspraki,Yanna-Torry Aspraki Tarafından,DNT name
home.hero_headline_1,homepage,HERO,Stop guessing what is wrong with your list.,Listenizdeki sorunun ne olduğunu tahmin etmeyi bırakın.,First line of headline
home.hero_headline_2,homepage,HERO,We find the problems tools miss.,Araçların kaçırdığı sorunları buluyoruz.,Second line, highlighted
home.hero_subhead,homepage,HERO,"Validation tools see addresses. We see patterns, context, and risk. Then we tell you exactly what to do.","Doğrulama araçları sadece adresleri görür. Biz kalıpları ve riski analiz eder, size tam olarak ne yapmanız gerektiğini söyleriz.",
home.cta_primary,homepage,HERO,Get My List Cleaned,Listemi Temizle,Main CTA button
home.hero_bridge,homepage,HERO,Most email inboxing and deliverability problems trace back to list quality.,Çoğu gelen kutusu (inboxing) ve teslim edilebilirlik (deliverability) sorunu liste kalitesine dayanır.,
home.hero_quiz_prefix,homepage,HERO,Not sure yet?,Henüz emin değil misiniz?,
home.hero_quiz_link,homepage,HERO,Take the 2-minute risk check,2 dakikalık risk kontrolünü yapın,
dfy.hero_title,done-for-you,HERO,Validators check addresses. I read risk.,Doğrulayıcılar adresleri kontrol eder. Ben riski okurum.,
dfy.hero_subtitle,done-for-you,HERO,"Your list isn't broken. The assumptions behind it are. I read lists the way experience taught me, not the way software defaults to.","Listeniz bozuk değil. Arkasındaki varsayımlar öyle. Listeleri yazılımın varsayılanlarıyla değil, deneyimimin bana öğrettiği şekilde okurum.",
dfy.hero_cta,done-for-you,HERO,Get My List Cleaned,Listemi Temizle,
dfy.hero_cta_secondary,done-for-you,HERO,Contact Us First,Önce Bize Ulaşın,
dfy.output_title,done-for-you,OUTPUT,What You Get Back,Ne Geri Alırsınız,
dfy.output_subtitle,done-for-you,OUTPUT,"Your list sorted into three buckets, with the labels and reasoning behind each decision.","Listeniz, her kararın arkasındaki etiketler ve gerekçelerle üç gruba ayrılır.",
dfy.output_safe,done-for-you,OUTPUT,Safe to Mail,Gönderim İçin Güvenli (Safe),
dfy.output_safe_desc,done-for-you,OUTPUT,"No flags found. Domain checks out, validation passed, no risk signals. These are clear to send.","Herhangi bir bayrak bulunamadı. Alan adı doğrulandı, doğrulama geçti, risk sinyali yok. Bunlar gönderim için temiz.",
dfy.output_yellow,done-for-you,OUTPUT,Yellow Flags,Sarı Bayraklar (Yellow Flags),
dfy.output_yellow_desc,done-for-you,OUTPUT,Each address comes with specific labels explaining why it landed here. Context matters. How you segment and send to these decides the outcome.,Her adres, neden burada olduğunu açıklayan özel etiketlerle gelir. Bağlam önemlidir. Bunları nasıl segmentlere ayırıp gönderim yapacağınız sonucu belirler.,
dfy.output_donotmail,done-for-you,OUTPUT,Do Not Mail,Gönderme (Do Not Mail),
dfy.output_donotmail_desc,done-for-you,OUTPUT,"Each address comes with specific labels explaining why. Invalid, trap-likely, disposable, or other risk signals. Don't send here.","Her adres nedenini açıklayan özel etiketlerle gelir. Geçersiz (Invalid), tuzak ihtimali (Trap), geçici (Disposable) veya diğer risk sinyalleri. Buraya göndermeyin.",
dfy.output_note,done-for-you,OUTPUT,You also get the validation and DNS data that informed each decision. Not just buckets. The full picture.,Ayrıca her kararı bilgilendiren doğrulama ve DNS verilerini de alırsınız. Sadece gruplar değil. Resmin tamamı.,
dfy.howread_title,done-for-you,HOW I READ,How I Read Your List,Listenizi Nasıl Okuyorum,
dfy.howread_beyond,done-for-you,HOW I READ,I Look Beyond the Address,Adresin Ötesine Bakarım,
dfy.howread_beyond_desc,done-for-you,HOW I READ,"Domain behavior, history, and patterns across your entire list. Context, not just existence. An address that ""works"" can still be dangerous.","Tüm listenizdeki alan adı davranışı, geçmişi ve kalıpları. Bağlam, sadece varoluş değil. ""Çalışan"" bir adres hala tehlikeli olabilir.",
dfy.howread_miss,done-for-you,HOW I READ,I Check What Others Miss,Başkalarının Kaçırdığını Kontrol Ederim,
dfy.howread_miss_desc,done-for-you,HOW I READ,"Traps, role accounts, toxic domains, disposable patterns. The things that don't bounce but still hurt you. I've learned what to look for.","Tuzaklar, rol hesapları, toksik alan adları, geçici kalıplar. Geri dönmeyen (bounce etmeyen) ama yine de size zarar veren şeyler. Neye bakmam gerektiğini öğrendim.",
dfy.howread_reasoning,done-for-you,HOW I READ,I Explain My Reasoning,Gerekçemi Açıklarım,
dfy.howread_reasoning_desc,done-for-you,HOW I READ,"Not just labels. You get the thinking behind each decision so you understand why, and can make smarter calls next time.","Sadece etiketler değil. Her kararın arkasındaki düşünceyi alırsınız, böylece nedenini anlar ve bir dahaki sefere daha akıllıca kararlar verebilirsiniz.",
sos.badge,sos-hotline,HERO,Free Service,Ücretsiz Hizmet,
sos.title,sos-hotline,HERO,Email SOS Hotline,E-posta SOS Hattı,DNT SOS Hotline
sos.subtitle,sos-hotline,HERO,"Free expert guidance for anyone with an email question. No sales pitch. No catch. Just honest answers from a deliverability specialist who gets emails into inboxes for a living.","E-posta sorusu olan herkes için ücretsiz uzman rehberliği. Satış yok. Gizli şart yok. Sadece işi e-postaları gelen kutusuna ulaştırmak olan bir teslim edilebilirlik uzmanından dürüst cevaplar.",
sos.cta,sos-hotline,HERO,Contact the SOS Hotline,SOS Hattı ile İletişime Geçin,DNT SOS Hotline
sos.note,sos-hotline,HERO,"Within 48 hours. Often sooner.","48 saat içinde. Genellikle daha erken.",
sos.how_title,sos-hotline,HOW IT WORKS,How It Works,Nasıl Çalışır,
sos.testimonials_title,sos-hotline,TESTIMONIALS,What People Say,İnsanlar Ne Diyor,
sos.why_title,sos-hotline,WHY FREE,Why Is This Free?,Bu Neden Ücretsiz?,
sos.why_free_p1,sos-hotline,WHY FREE,"We offer real help without charging because it is the right thing to do.","Gerçek yardımı ücret almadan sunuyoruz, çünkü yapılması gereken doğru şey bu.",
sos.final_cta_subtext,sos-hotline,FINAL CTA,"Email us. Within 48 hours. Often sooner.","Bize e-posta gönderin. 48 saat içinde. Genellikle daha erken.",
sos.how_step1,sos-hotline,HOW IT WORKS,You send an email to the SOS Hotline,SOS Hattına bir e-posta gönderirsiniz,DNT SOS Hotline
sos.how_step2,sos-hotline,HOW IT WORKS,You receive an automatic reply confirming we got it,Aldığımızı onaylayan otomatik bir yanıt alırsınız,
sos.how_step3,sos-hotline,HOW IT WORKS,YT personally reads and responds within 48 hours,Yanna-Torry şahsen okur ve 48 saat içinde yanıt verir,DNT YT
pricing.sos_desc,pricing,SOS,Free expert support for deliverability questions. No data touched. No list processed. Just honest answers.,Teslim edilebilirlik soruları için ücretsiz uzman desteği. Verilerinize dokunulmaz. Liste işlenmez. Sadece dürüst cevaplar.,
pricing.sos_card_desc,pricing,SOS,"Ask any email question. Get a real answer from a real expert. No sales pitch, no strings attached.","Herhangi bir e-posta sorusu sorun. Gerçek bir uzmandan gerçek bir cevap alın. Satış konuşması yok, bağlayıcılık yok.",
pricing.sos_status,pricing,SOS,"Use it before, during, or after cleaning to understand your situation.","Durumunuzu anlamak için temizlikten önce, sırasında veya sonrasında kullanın.",
sos.modal_subtitle,sos-hotline,MODAL,Tell us what's going on and we'll get back to you within 24-48 hours.,Bize neler olduğunu anlatın, size 24-48 saat içinde geri dönelim.,
sos.topics_headline,sos-hotline,TOPICS,If it touches email, we can help.,Konu e-posta ise, yardımcı olabiliriz.,
sos.more_expert_cta,sos-hotline,BRIDGE,See the Process,Süreci Gör,
Key,Page,Section,English,Turkish,Notes
pricing.hero_title,pricing,HERO,Beyond Validation. We Tell You What Your List Means.,Doğrulamanın Ötesinde. Listenizin Ne Anlama Geldiğini Size Söylüyoruz.,
pricing.hero_subtitle,pricing,HERO,"Not just pass/fail. Every address comes with reasoning so you know what to keep, what to monitor, and what to suppress.","Sadece geçti/kaldı değil. Her adres bir gerekçeyle gelir, böylece neyi saklayacağınızı, neyi izleyeceğinizi ve neyi kaldıracağınızı (suppress) bilirsiniz.",
pricing.output_title,pricing,OUTPUT,What You Get,Ne Alırsınız,
pricing.output_cleared,pricing,OUTPUT,Cleared After Full Review,Tam İncelemeden Sonra Onaylandı,
pricing.output_patterns,pricing,OUTPUT,Patterns Worth Watching,İzlemeye Değer Kalıplar,
pricing.output_risk,pricing,OUTPUT,"Clear Risk, Clear Reasoning",Net Risk, Net Gerekçe,
pricing.whofor_title,pricing,WHO FOR,Who This Is For,Bu Kimin İçin,
pricing.problem_title,pricing,PROBLEM,The Problem,Sorun,
pricing.value_title,pricing,VALUE,What You Are Actually Paying For,Aslında Ne İçin Ödeme Yapıyorsunuz,
pricing.options_title,pricing,OPTIONS,Service Options,Hizmet Seçenekleri,
pricing.sos_title,pricing,OPTIONS,SOS Hotline,SOS Hattı,DNT SOS Hotline
pricing.dfy_title,pricing,OPTIONS,Done-For-You,Anahtar Teslim (Done-For-You),
pricing.selfserve_title,pricing,OPTIONS,Self-Serve,Self-Servis,
pricing.coming_soon,pricing,OPTIONS,Coming Soon,Çok Yakında,
pricing.calculator_title,pricing,CALCULATOR,Pricing Calculator,Fiyat Hesaplayıcı,
pricing.calculate_price,pricing,CALCULATOR,Calculate Your Price,Fiyatınızı Hesaplayın,
pricing.get_started,pricing,CALCULATOR,Get Started,Başlayın,
pricing.sos_section_title,pricing,SOS SECTION,SOS Email Hotline,E-posta SOS Hattı,DNT SOS
pricing.sos_free_help,pricing,SOS SECTION,Free Email Help,Ücretsiz E-posta Yardımı,
pricing.sos_learn_more,pricing,SOS SECTION,Learn More About SOS Hotline,SOS Hattı Hakkında Daha Fazla Bilgi Edinin,DNT SOS Hotline
pricing.cta_title,pricing,CTA,Ready to Clean Your List?,Listenizi Temizlemeye Hazır mısınız?,
pricing.cta_getstarted,pricing,CTA,Get My List Cleaned,Listemi Temizle,
pricing.cta_waitlist,pricing,CTA,Join the Waitlist,Bekleme Listesine Katılın,
pricing.cta_freehelp,pricing,CTA,Get Free Help,Ücretsiz Yardım Alın,
pricing.faq_title,pricing,FAQ,Questions?,Sorular?,
pricing.output_subtitle,pricing,OUTPUT,A cleaned list with clear recommendations.,Net önerilerle temizlenmiş bir liste.,
pricing.output_cleared_desc,pricing,OUTPUT,No risk patterns surfaced during review. Domain behavior and historical signals support continued sending.,İnceleme sırasında risk kalıpları ortaya çıkmadı. Alan adı davranışı ve geçmiş sinyaller gönderime devam etmeyi destekliyor.,
pricing.output_patterns_desc,pricing,OUTPUT,These require judgment. We surface historical patterns and relationship context. You decide how to segment based on your tolerance and goals.,Bunlar muhakeme gerektirir. Geçmiş kalıpları ve ilişki bağlamını ortaya çıkarıyoruz. Toleransınıza ve hedeflerinize göre nasıl segmentlere ayıracağınıza siz karar verirsiniz.,
pricing.output_risk_desc,pricing,OUTPUT,Clear risk signals: known problem domains, disposable patterns, historical trap indicators. Each address includes the specific flags that earned suppression. You will know exactly why.,Net risk sinyalleri: bilinen sorunlu alan adları, geçici e-posta kalıpları, geçmiş tuzak göstergeleri. Her adres, kaldırılmasını (suppression) gerektiren belirli bayrakları içerir. Nedenini tam olarak bileceksiniz.,
pricing.output_note,pricing,OUTPUT,Every decision comes with the reasoning behind it. This is not a pass/fail list. It is a decision-making tool built on historical domain behavior and pattern recognition.,Her karar arkasındaki gerekçeyle gelir. Bu bir geçti/kaldı listesi değildir. Geçmiş alan adı davranışına ve kalıp tanımaya dayalı bir karar verme aracıdır.,
pricing.whofor_subtitle,pricing,WHO FOR,Marketers who already send email and want to protect their sender reputation.,Halihazırda e-posta gönderen ve gönderici itibarını korumak isteyen pazarlamacılar.,
pricing.whofor_note,pricing,WHO FOR,"If you care about long-term reputation, not just short-term volume, this is for you.","Sadece kısa vadeli hacmi değil, uzun vadeli itibarı önemsiyorsanız, bu sizin içindir.",
pricing.whofor_item1,pricing,WHO FOR,Running campaigns but seeing declining engagement,Kampanyalar yürütüyor ancak etkileşimin düştüğünü görüyorsunuz,
pricing.whofor_item2,pricing,WHO FOR,"Worried about bounces, complaints, or blocklists",Bounce'lar, şikayetler veya blok listeleri hakkında endişelisiniz,
pricing.whofor_item3,pricing,WHO FOR,Inheriting a list you did not build,Sizin oluşturmadığınız bir listeyi devraldınız,
pricing.whofor_item4,pricing,WHO FOR,"Under pressure to ""just send"" but sensing risk","""Sadece gönder"" baskısı altındasınız ama risk hissediyorsunuz",
pricing.whofor_item5,pricing,WHO FOR,Trying to explain deliverability to a boss who does not get it,Bunu anlamayan bir patrona deliverability kavramını açıklamaya çalışıyorsunuz,
pricing.badge_deliverable,pricing,PROBLEM,Deliverable,Teslim Edilebilir,
pricing.badge_undeliverable,pricing,PROBLEM,Undeliverable,Teslim Edilemez,
pricing.badge_risky,pricing,PROBLEM,Risky,Riskli,
pricing.badge_unknown,pricing,PROBLEM,Unknown,Bilinmiyor,
pricing.problem_intro,pricing,PROBLEM,Most list cleaning tools give you a status and leave you guessing. That tells you what to remove. It does not tell you what is actually wrong.,Çoğu liste temizleme aracı size bir durum verir ve sizi tahminde bulunmaya bırakır. Bu size neyi kaldırmanız gerektiğini söyler. Aslında neyin yanlış olduğunu söylemez.,
pricing.problem_q1,pricing,PROBLEM,Why is engagement dropping?,Etkileşim neden düşüyor?,
pricing.problem_q2,pricing,PROBLEM,Why are complaints rising?,Şikayetler neden artıyor?,
pricing.problem_q3,pricing,PROBLEM,"Is it the list, the sending, or both?","Sorun listede mi, gönderimde mi, yoksa her ikisinde mi?",
pricing.problem_q4,pricing,PROBLEM,Which addresses are actually hurting me?,Hangi adresler bana gerçekten zarar veriyor?,
pricing.problem_q5,pricing,PROBLEM,What patterns should I watch for?,Hangi kalıplara dikkat etmeliyim?,
pricing.problem_q6,pricing,PROBLEM,What should I do about the ""risky"" ones?,"""Riskli"" olanlar hakkında ne yapmalıyım?",
pricing.problem_footer,pricing,PROBLEM,We give you the context to answer those questions.,Bu soruları cevaplamanız için size bağlamı sunuyoruz.,
pricing.value_subtitle,pricing,VALUE,The difference between checking and interpreting.,Kontrol etmek ve yorumlamak arasındaki fark.,
pricing.comp_them1,pricing,VALUE,Validators check if an inbox exists.,Doğrulayıcılar bir gelen kutusunun var olup olmadığını kontrol eder.,
pricing.comp_us1,pricing,VALUE,We assess whether sending there is safe.,Oraya göndermenin güvenli olup olmadığını değerlendiririz.,
pricing.comp_them2,pricing,VALUE,Validators give you a status.,Doğrulayıcılar size bir durum verir.,
pricing.comp_us2,pricing,VALUE,We give you the reasoning behind a decision.,Size bir kararın arkasındaki gerekçeyi veririz.,
pricing.comp_them3,pricing,VALUE,Validators flag what bounces.,Doğrulayıcılar bounce edenleri işaretler.,
pricing.comp_us3,pricing,VALUE,We flag what damages your reputation without bouncing.,Biz bounce etmeden itibarınıza zarar verenleri işaretleriz.,
pricing.comp_them4,pricing,VALUE,Validators process volume.,Doğrulayıcılar hacmi işler.,
pricing.comp_us4,pricing,VALUE,We interpret patterns across your entire list.,Listenizin tamamındaki kalıpları yorumlarız.,
pricing.comp_them5,pricing,VALUE,Validators leave you guessing.,Doğrulayıcılar sizi tahminde bulunmaya bırakır.,
pricing.comp_us5,pricing,VALUE,We tell you what to do and why.,Size ne yapmanız gerektiğini ve nedenini söyleriz.,
pricing.badge_guidance,pricing,OPTIONS,Guidance,Rehberlik,
pricing.badge_execution,pricing,OPTIONS,Execution,Uygulama,
pricing.badge_automation,pricing,OPTIONS,Automation,Otomasyon,
pricing.sos_desc,pricing,OPTIONS,Free expert support for deliverability questions. No data touched. No list processed. Just honest answers.,Teslim edilebilirlik soruları için ücretsiz uzman desteği. Verilerinize dokunulmaz. Liste işlenmez. Sadece dürüst cevaplar.,
pricing.sos_status,pricing,OPTIONS,Use it before, during, or after cleaning to understand your situation.,Durumunuzu anlamak için temizlikten önce, sırasında veya sonrasında kullanın.,
pricing.learn_more,pricing,OPTIONS,Learn more →,Daha fazla bilgi →,
pricing.dfy_desc,pricing,OPTIONS,"Send us your list. We process it, label every address, and return results with clear reasoning.","Listenizi bize gönderin. İşleyelim, her adresi etiketleyelim ve net gerekçelerle sonuçları geri gönderelim.",
pricing.dfy_status,pricing,OPTIONS,You get the decisions made for you. Available now.,Kararlar sizin adınıza verilir. Şu anda mevcut.,
pricing.get_started_arrow,pricing,OPTIONS,Get started →,Başlayın →,
pricing.selfserve_desc,pricing,OPTIONS,"Upload your list. Download results. Same methodology as done-for-you, but you run it yourself.","Listenizi yükleyin. Sonuçları indirin. Anahtar teslim ile aynı metodoloji, ancak kendiniz çalıştırırsınız.",
pricing.selfserve_status,pricing,OPTIONS,Coming soon. Join the waitlist to get notified.,Çok yakında. Haberdar olmak için bekleme listesine katılın.,
pricing.join_waitlist,pricing,OPTIONS,Join Waitlist,Bekleme Listesine Katıl,
pricing.newsletter_checkbox,pricing,OPTIONS,"Monthly deliverability insights (no spam, just signal)","Aylık deliverability içgörüleri (spam yok, sadece bilgi)",
pricing.free_credits,pricing,OPTIONS,+1,500 free credits,+1.500 ücretsiz kredi,
pricing.waitlist_success,pricing,OPTIONS,You're on the list! We'll notify you when self-serve launches.,Listedesiniz! Self-servis başladığında size haber vereceğiz.,
pricing.options_note,pricing,OPTIONS,SOS tells you what to think about. Done-for-you does the thinking for you. Self-serve lets you do the thinking yourself.,SOS ne hakkında düşünmeniz gerektiğini söyler. Anahtar teslim (Done-for-you) sizin yerinize düşünür. Self-servis kendiniz düşünmenizi sağlar.,
pricing.calculator_subtitle,pricing,CALCULATOR,Pay only for what you need. Credits never expire.,Sadece ihtiyacınız olanı ödeyin. Kredilerin süresi asla dolmaz.,
pricing.calculator_intro,pricing,CALCULATOR,Simple. More volume, lower rate.,Basit. Daha fazla hacim, daha düşük oran.,
pricing.how_many_emails,pricing,CALCULATOR,How many emails?,Kaç e-posta?,
pricing.emails_unit,pricing,CALCULATOR,emails,e-posta,
pricing.price_per_email,pricing,CALCULATOR,Price per email,E-posta başına fiyat,
pricing.total,pricing,CALCULATOR,Total,Toplam,
pricing.calculator_note,pricing,CALCULATOR,Need more than 1 million?,1 milyondan fazlasına mı ihtiyacınız var?,
pricing.contact_us,pricing,CALCULATOR,Contact us,Bize ulaşın,
pricing.custom_pricing,pricing,CALCULATOR,for custom pricing.,özel fiyatlandırma için.,
pricing.volume_pricing,pricing,CALCULATOR,Volume Pricing,Hacim Fiyatlandırması,
pricing.list_size,pricing,CALCULATOR,List Size,Liste Boyutu,
pricing.per_email,pricing,CALCULATOR,Per Email,E-posta Başına,
pricing.sos_section_intro,pricing,SOS SECTION,Free email support for any email-related question.,E-posta ile ilgili her türlü soru için ücretsiz e-posta desteği.,
pricing.sos_card_desc,pricing,SOS SECTION,Ask any email question. Get a real answer from a real expert. No sales pitch, no strings attached.,Herhangi bir e-posta sorusu sorun. Gerçek bir uzmandan gerçek bir cevap alın. Satış yok, bağlayıcılık yok.,
pricing.sos_duration,pricing,SOS SECTION,Response within 48 hours. Usually faster.,48 saat içinde yanıt. Genellikle daha hızlı.,
pricing.cta_subtitle,pricing,CTA,Choose what works for you.,Size uygun olanı seçin.,
pricing.cta_getstarted_desc,pricing,CTA,Done-for-you service. Send your list, get results.,Anahtar teslim hizmet. Listenizi gönderin, sonuçları alın.,
pricing.cta_waitlist_desc,pricing,CTA,Be first to access self-serve when it launches.,Başladığında self-servise ilk erişen siz olun.,
pricing.cta_freehelp_desc,pricing,CTA,Email our SOS hotline with your questions.,Sorularınızla SOS hattımıza e-posta gönderin.,
pricing.learn_more_btn,pricing,CTA,Learn More,Daha Fazla Bilgi,
pricing.send_message,pricing,FAQ,Send us a message,Bize mesaj gönderin,
pricing.response_time,pricing,FAQ,We respond within 48 hours. Usually faster.,48 saat içinde yanıt veriyoruz. Genellikle daha hızlı.,
quiz.title,quiz,INTRO,Is Your List Safe?,Listeniz Güvenli mi?,
quiz.result_noconsent_headline,quiz,RESULTS,We can absolutely help clean your list.,Listenizi temizlemenize kesinlikle yardımcı olabiliriz.,
quiz.result_crisis_headline,quiz,RESULTS,You need triage, not just cleaning.,Sadece temizliğe değil, acil müdahaleye ihtiyacınız var.,
quiz.result_toolfailure_headline,quiz,RESULTS,Your validation tool missed something.,Doğrulama aracınız bir şeyleri kaçırmış.,
quiz.result_directlink,quiz,RESULTS,Ready to go?,Başlamaya hazır mısınız?,
quiz.result_directlink_cta,quiz,RESULTS,Get My List Cleaned →,Listemi Temizle →,
quiz.capture_title,quiz,CAPTURE,Save your diagnosis,Teşhisinizi kaydedin,
quiz.capture_subtitle,quiz,CAPTURE,Get your results emailed and optionally join our waitlist for self-serve tools.,Sonuçlarınızı e-posta ile alın ve isteğe bağlı olarak self-servis araçlar için bekleme listemize katılın.,
quiz.capture_newsletter,quiz,CAPTURE,"Monthly deliverability insights (no spam, just signal)","Aylık deliverability içgörüleri (spam yok, sadece bilgi)",
quiz.capture_bonus,quiz,CAPTURE,1,500 credits when we launch,Başladığımızda 1.500 kredi,
quiz.capture_submit,quiz,CAPTURE,Send My Results,Sonuçlarımı Gönder,
quiz.capture_skip,quiz,CAPTURE,Skip,Atla,
quiz.capture_waitlist,quiz,CAPTURE,Notify me when self-serve launches,Self-servis başladığında bana bildir,
quiz.capture_contact,quiz,CAPTURE,Have someone reach out to discuss my situation (no sales pitch),Durumumu görüşmek için birinin bana ulaşmasını istiyorum (satış yok),
quiz.step_indicator,quiz,INTRO,Question {n} of {total},Soru {n} / {total},Use {n} and {total} as placeholders
quiz.q1,quiz,QUESTIONS,How did the majority of these emails get on your list?,Bu e-postaların çoğunluğu listenize nasıl girdi?,
quiz.q1_a1,quiz,QUESTIONS,They filled out a form on my website or app,Web sitemdeki veya uygulamamdaki bir formu doldurdular,
quiz.q1_a2,quiz,QUESTIONS,"Purchased, scraped, or cold outreach (no opt-in)","Satın alındı, kazındı (scraped) veya soğuk erişim (izin yok)",
quiz.q1_a3,quiz,QUESTIONS,Mixed sources / I inherited this list,Karışık kaynaklar / Bu listeyi devraldım,
quiz.q2,quiz,QUESTIONS,Is your sending domain authenticated with DMARC?,Gönderen alan adınız DMARC ile doğrulandı mı?,DNT DMARC
quiz.q2_a1,quiz,QUESTIONS,"Yes, DMARC is set to Reject or Quarantine","Evet, DMARC Reject veya Quarantine olarak ayarlı",DNT DMARC, Reject, Quarantine
quiz.q2_a2,quiz,QUESTIONS,"I think so, but I'm not sure of the settings","Sanırım öyle, ama ayarlardan emin değilim",
quiz.q2_a3,quiz,QUESTIONS,No / What is DMARC?,Hayır / DMARC nedir?,DNT DMARC
quiz.q3,quiz,QUESTIONS,Have you run this list through a validation tool?,Bu listeyi bir doğrulama aracından geçirdiniz mi?,
quiz.q3_a1,quiz,QUESTIONS,No, never / Not in the last 6 months,Hayır, asla / Son 6 ayda değil,
quiz.q3_a2,quiz,QUESTIONS,Yes, it said ""Valid"" but I'm still seeing issues,Evet, ""Geçerli"" dedi ama hala sorunlar görüyorum,
quiz.q3_a3,quiz,QUESTIONS,Yes, it flagged a lot as ""Unknown"" or ""Catch-All"",Evet, çoğunu ""Bilinmeyen"" veya ""Catch-All"" olarak işaretledi,
quiz.q3_a4,quiz,QUESTIONS,Yes, and everything seems fine,Evet ve her şey yolunda görünüyor,
quiz.q4,quiz,QUESTIONS,What brought you here today?,Sizi bugün buraya ne getirdi?,
quiz.q4_a1,quiz,QUESTIONS,Open rates are slowly dropping over time,Açılma oranları zamanla yavaşça düşüyor,
quiz.q4_a2,quiz,QUESTIONS,ESP warning or suspension,ESP uyarısı veya askıya alma,DNT ESP
quiz.q4_a3,quiz,QUESTIONS,I want to be safe before a big send,Büyük bir gönderimden önce güvende olmak istiyorum,
quiz.q4_a4,quiz,QUESTIONS,Tools give conflicting answers,Araçlar çelişkili cevaplar veriyor,
quiz.loading_main,quiz,LOADING,Analyzing your responses...,Yanıtlarınız analiz ediliyor...,
quiz.loading_sub,quiz,LOADING,Comparing against common patterns,Yaygın kalıplarla karşılaştırılıyor,
quiz.loading_checking,quiz,LOADING,Checking risk indicators...,Risk göstergeleri kontrol ediliyor...,
quiz.loading_matching,quiz,LOADING,Matching against known patterns,Bilinen kalıplarla eşleştiriliyor,
quiz.loading_preparing,quiz,LOADING,Preparing your diagnosis...,Teşhisiniz hazırlanıyor...,
quiz.result_pattern,quiz,RESULTS,This is one of the most common patterns I see.,Bu gördüğüm en yaygın kalıplardan biri.,
quiz.badge_higher_risk,quiz,RESULTS,Higher Risk,Daha Yüksek Risk,
quiz.badge_critical,quiz,RESULTS,Critical,Kritik,
quiz.badge_high_risk,quiz,RESULTS,High Risk,Yüksek Risk,
quiz.badge_medium_risk,quiz,RESULTS,Medium Risk,Orta Risk,
quiz.badge_low_risk,quiz,RESULTS,Low Risk,Düşük Risk,
quiz.reality_check_title,quiz,RESULTS,What we'll do,Ne yapacağız,
quiz.reality_check_title_alt,quiz,RESULTS,What this means,Bu ne anlama geliyor,
quiz.cta_talk_specialist,quiz,RESULTS,Talk to a Specialist,Bir Uzmanla Konuşun,
quiz.cta_full_review,quiz,RESULTS,Get a full review,Tam inceleme alın,
quiz.cta_diagnose,quiz,RESULTS,Let's diagnose this,Bunu teşhis edelim,
quiz.cta_clarity,quiz,RESULTS,Get clarity on your list,Listenizde netlik kazanın,
quiz.cta_diagnosis,quiz,RESULTS,Get the diagnosis,Teşhisi alın,
quiz.cta_safety,quiz,RESULTS,Get a safety check,Güvenlik kontrolü yapın,
quiz.result_infra_headline,quiz,RESULTS,Your infrastructure may be the problem.,Altyapınız sorun olabilir.,
quiz.result_catchall_headline,quiz,RESULTS,Those ""Unknown"" addresses are not unknown to me.,O ""Bilinmeyen"" adresler benim için bilinmeyen değil.,
quiz.result_decay_headline,quiz,RESULTS,Your list is slowly suffocating your delivery.,Listeniz teslimatınızı yavaşça boğuyor.,
quiz.result_preventive_headline,quiz,RESULTS,You are in a good spot. Let's keep it that way.,İyi bir noktadasınız. Böyle devam edelim.,
quiz.result_noconsent_subhead,quiz,RESULTS,Lists without explicit consent carry more risk—but that doesn't mean you can't send safely. We'll remove the addresses most likely to hurt you.,Açık rıza olmayan listeler daha fazla risk taşır—ancak bu güvenli gönderim yapamayacağınız anlamına gelmez. Size zarar verme olasılığı en yüksek olan adresleri kaldıracağız.,
quiz.result_crisis_subhead,quiz,RESULTS,An ESP warning is the final straw. Your reputation is already damaged. Automated cleaning alone will not get you reinstated.,Bir ESP uyarısı son damladır. İtibarınız zaten zarar görmüş. Sadece otomatik temizlik sizi eski halinize getirmez.,DNT ESP
quiz.result_toolfailure_subhead,quiz,RESULTS,You paid for syntax checking. You were punished for reputation. A 'Valid' email can still be a spam trap or chronic complainer.,Sözdizimi kontrolü için ödeme yaptınız. İtibar için cezalandırıldınız. 'Geçerli' bir e-posta hala bir spam tuzağı veya kronik şikayetçi olabilir.,
quiz.result_infra_subhead,quiz,RESULTS,Without proper DMARC authentication, even a clean list can land in spam. This is a fixable issue, but it needs attention before list cleaning matters.,Uygun DMARC kimlik doğrulaması olmadan temiz bir liste bile spame düşebilir. Bu düzeltilebilir bir sorundur, ancak liste temizliğinden önce ilgilenilmesi gerekir.,DNT DMARC
quiz.result_catchall_subhead,quiz,RESULTS,Catch-all domains accept everything. Validation tools cannot tell you which addresses are real. I can.,Catch-all alan adları her şeyi kabul eder. Doğrulama araçları hangi adreslerin gerçek olduğunu size söyleyemez. Ben söyleyebilirim.,
quiz.result_decay_subhead,quiz,RESULTS,No bounce spike. No warning. Just a quiet decline as dead weight accumulates and inbox providers filter you to spam.,Bounce artışı yok. Uyarı yok. Sadece ölü ağırlık biriktikçe ve gelen kutusu sağlayıcıları sizi spame filtreledikçe sessiz bir düşüş.,
quiz.result_preventive_subhead,quiz,RESULTS,Healthy lists still decay by about 22% every year. A preventative review before a big send catches recycled traps that formed since your last campaign.,Sağlıklı listeler bile her yıl yaklaşık %22 oranında bozulur. Büyük bir gönderimden önce önleyici bir inceleme, son kampanyanızdan bu yana oluşan geri dönüştürülmüş tuzakları yakalar.,
quiz.reality_noconsent,quiz,RESULTS,"We catch invalid addresses, spam traps, role accounts, and high-risk patterns that other validators miss. We're thorough. But we're also honest: no tool can catch every trap on a non-consent list because some are designed to be undetectable. That's true for every validator—we're just the ones who tell you.","Diğer doğrulayıcıların kaçırdığı geçersiz adresleri, spam tuzaklarını, rol hesaplarını ve yüksek riskli kalıpları yakalıyoruz. Titiziz. Ama aynı zamanda dürüstüz: hiçbir araç izinli olmayan bir listedeki her tuzağı yakalayamaz çünkü bazıları tespit edilemez olacak şekilde tasarlanmıştır. Bu her doğrulayıcı için geçerlidir—sadece biz size bunu söylüyoruz.",
quiz.reality_crisis,quiz,RESULTS,You need a remediation strategy, not just a clean list. I help identify the root cause and build a path back to good standing with your ESP.,Sadece temiz bir listeye değil, bir iyileştirme stratejisine ihtiyacınız var. Kök nedeni belirlemeye ve ESP'nizle tekrar iyi bir duruma gelmek için bir yol oluşturmaya yardımcı olurum.,DNT ESP
quiz.reality_toolfailure,quiz,RESULTS,Automated tools cannot see behavioral history. They check code, not context. I find the 'Valid but Dangerous' addresses they miss.,Otomatik araçlar davranışsal geçmişi göremez. Kodu kontrol ederler, bağlamı değil. Onların kaçırdığı 'Geçerli ama Tehlikeli' adresleri bulurum.,
quiz.reality_infra,quiz,RESULTS,Domain authentication tells inbox providers you are who you say you are. Without it, your emails look suspicious regardless of list quality.,Alan adı kimlik doğrulaması, gelen kutusu sağlayıcılarına kim olduğunuzu söyler. O olmadan, liste kalitesinden bağımsız olarak e-postalarınız şüpheli görünür.,
quiz.reality_catchall,quiz,RESULTS,A large percentage of business domains are catch-all. Validation marks them 'Unknown' because it cannot verify. Pattern recognition and engagement history tell a different story.,İş alan adlarının büyük bir yüzdesi catch-all'dır. Doğrulama, doğrulayamadığı için bunları 'Bilinmeyen' olarak işaretler. Kalıp tanıma ve etkileşim geçmişi farklı bir hikaye anlatır.,
quiz.reality_decay,quiz,RESULTS,This is the hardest problem to diagnose because there is no event. Your list has accumulated decay, and it is dragging down your engaged subscribers.,Bu teşhis edilmesi en zor sorundur çünkü bir olay yoktur. Listeniz bozulma biriktirmiştir ve etkileşimdeki abonelerinizi aşağı çekmektedir.,
quiz.reality_preventive,quiz,RESULTS,You are doing the right things. A safety check ensures you do not accidentally hit a trap that did not exist last time you sent.,Doğru şeyleri yapıyorsunuz. Güvenlik kontrolü, en son gönderim yaptığınızda var olmayan bir tuzağa yanlışlıkla çarpmamanızı sağlar.,
quiz.additional_issues_title,quiz,RESULTS,Other things we noticed,Fark ettiğimiz diğer şeyler,
quiz.modal_title,quiz,MODAL,Talk to a Specialist,Bir Uzmanla Konuşun,
quiz.modal_subtitle,quiz,MODAL,Tell us about your situation and we'll get back to you within 24 hours.,Bize durumunuzu anlatın, 24 saat içinde size geri dönelim.,
quiz.modal_message_placeholder,quiz,MODAL,Tell us about your situation...,Bize durumunuzu anlatın...,
quiz.capture_success,quiz,CAPTURE,Your results have been sent!,Sonuçlarınız gönderildi!,
quiz.capture_credits_bonus,quiz,CAPTURE,You've also earned 1,500 free credits.,Ayrıca 1.500 ücretsiz kredi kazandınız.,
quiz.capture_reach_out,quiz,CAPTURE,We'll reach out soon.,Yakında ulaşacağız.,
audit.badge,audit,INTRO,Free Self-Assessment,Ücretsiz Öz Değerlendirme,
audit.title,audit,INTRO,Inbox Placement Self-Audit,Gelen Kutusu Yerleşimi Öz Denetimi,
audit.subtitle,audit,INTRO,What most senders never check. Use this monthly. Be honest. This is how problems get caught before revenue drops.,Çoğu göndericinin asla kontrol etmediği şeyler. Bunu aylık kullanın. Dürüst olun. Sorunlar gelir düşmeden önce böyle yakalanır.,
audit.disclaimer,audit,INTRO,Important: This audit covers general best practices. Every business is different. A monthly newsletter has different needs than a daily SaaS notification. Some items here may not apply to you at all. The goal is awareness, not a perfect score.,Önemli: Bu denetim genel en iyi uygulamaları kapsar. Her iş farklıdır. Aylık bir bültenin günlük bir SaaS bildiriminden farklı ihtiyaçları vardır. Buradaki bazı maddeler sizin için hiç geçerli olmayabilir. Amaç farkındalıktır, mükemmel bir puan değil.,
audit.meta_time,audit,INTRO,5-7 minutes,5-7 dakika,
audit.meta_sections,audit,INTRO,10 sections,10 bölüm,
audit.meta_tips,audit,INTRO,Personalized tips,Kişiselleştirilmiş ipuçları,
audit.start_button,audit,INTRO,Start Audit,Denetimi Başlat,
audit.section_automation,audit,SECTIONS,Automation Timing,Otomasyon Zamanlaması,
audit.section_header,audit,SECTIONS,Header & Footer Hygiene,Üstbilgi ve Altbilgi Hijyeni,
audit.section_tracking,audit,SECTIONS,Tracking Domain Risk,İzleme Alan Adı Riski,
audit.section_engagement,audit,SECTIONS,Engagement Logic,Etkileşim Mantığı,
audit.section_layout,audit,SECTIONS,Layout Pattern Risk,Düzen Kalıbı Riski,
audit.section_sendtime,audit,SECTIONS,Send Time Logic,Gönderim Zamanı Mantığı,
audit.section_migration,audit,SECTIONS,ESP Migration Risk,ESP Geçiş Riski,
audit.section_subject,audit,SECTIONS,Subject vs Preview Trust,Konu ve Önizleme Güveni,
audit.section_spam,audit,SECTIONS,Spam Folder Rendering,Spam Klasörü Görünümü,
audit.section_validation,audit,SECTIONS,Validation Frequency,Doğrulama Sıklığı,
audit.grade_strong,audit,RESULTS,Strong Foundation,Güçlü Temel,
audit.grade_attention,audit,RESULTS,Needs Attention,Dikkat Gerektiriyor,
audit.grade_risk,audit,RESULTS,High Risk,Yüksek Risk,
audit.out_of_100,audit,RESULTS,out of 100,100 üzerinden,
audit.score_by_section,audit,RESULTS,Score by Section,Bölüme Göre Puan,
audit.next_section,audit,BUTTONS,Next Section,Sonraki Bölüm,
audit.see_results,audit,BUTTONS,See Results,Sonuçları Gör,
audit.retake,audit,BUTTONS,Retake Audit,Denetimi Tekrarla,
audit.save_title,audit,CAPTURE,Save Your Results,Sonuçlarınızı Kaydedin,
audit.send_report,audit,CAPTURE,Send My Report,Raporumu Gönder,
audit.report_sent,audit,CAPTURE,Report Sent!,Rapor Gönderildi!,
audit.save_subtitle,audit,CAPTURE,Get a detailed report emailed and optionally join our waitlist.,Ayrıntılı bir raporu e-postayla alın ve isteğe bağlı olarak bekleme listemize katılın.,
audit.capture_newsletter,audit,CAPTURE,"Monthly deliverability insights (no spam, just signal)","Aylık deliverability içgörüleri (spam yok, sadece bilgi)",
audit.capture_bonus,audit,CAPTURE,1,500 credits when we launch,Başladığımızda 1.500 kredi,
audit.capture_waitlist,audit,CAPTURE,Notify me when self-serve launches,Self-servis başladığında bana bildir,
audit.capture_contact,audit,CAPTURE,Have someone reach out to discuss my audit results (no sales pitch),Denetim sonuçlarımı tartışmak için birinin bana ulaşmasını istiyorum (satış yok),
audit.capture_skip,audit,CAPTURE,"Skip, I'll just review on screen","Atla, sadece ekranda inceleyeceğim",
audit.recommendations_title,audit,RESULTS,Action Items by Section,Bölüme Göre Eylem Öğeleri,
audit.recommendations_subtitle,audit,RESULTS,Everything flagged based on your answers. Review what applies to you:,Cevaplarınıza göre işaretlenen her şey. Sizin için geçerli olanları inceleyin:,
audit.sos_title,audit,SOS PLUG,Not Sure What Applies to You?,Sizin İçin Neyin Geçerli Olduğundan Emin Değil misiniz?,
audit.sos_desc,audit,SOS PLUG,Every business is different. What's critical for a daily sender might be irrelevant for a monthly newsletter. If you're unsure which items actually matter for your situation, talk to someone who's seen it all.,Her iş farklıdır. Günlük bir gönderici için kritik olan şey, aylık bir bülten için önemsiz olabilir. Durumunuz için hangi öğelerin gerçekten önemli olduğundan emin değilseniz, her şeyi görmüş biriyle konuşun.,
audit.sos_badge,audit,SOS PLUG,Free. No pitch. Just answers.,Ücretsiz. Satış yok. Sadece cevaplar.,
audit.sos_card_desc,audit,SOS PLUG,"The SOS Hotline connects you with YT, a deliverability specialist who's cleaned thousands of lists and diagnosed hundreds of sending problems. Ask anything.","SOS Hattı sizi binlerce listeyi temizlemiş ve yüzlerce gönderim sorununu teşhis etmiş bir teslim edilebilirlik uzmanı olan YT ile bağlar. Her şeyi sorun.",DNT SOS Hotline, YT
audit.sos_cta,audit,SOS PLUG,Talk to a Specialist,Bir Uzmanla Konuşun,
audit.sos_learn_more,audit,SOS PLUG,Learn About SOS Hotline,SOS Hattı Hakkında Bilgi Edinin,DNT SOS Hotline
audit.testimonial_quote,audit,TESTIMONIAL,Review My Emails goes beyond standard tools by identifying risky patterns others miss.,Review My Emails, başkalarının kaçırdığı riskli kalıpları belirleyerek standart araçların ötesine geçer.,DNT Review My Emails
audit.testimonial_author,audit,TESTIMONIAL,"Julia S., Italy","Julia S., İtalya",DNT
audit.get_cleaning,audit,BUTTONS,Get Expert List Cleaning,Uzman Liste Temizliği Alın,
about.email_link,about,CONTENT,Email,E-posta,
about.founder_title,about,CONTENT,"Founder, Review My Emails","Kurucu, Review My Emails",
audit.back,audit,CONTENT,Back,Geri,
audit.built_by,audit,CONTENT,Built by,Tarafından yapıldı,
audit.get_cleaned,audit,CONTENT,Get Your List Cleaned,Listenizi Temizletin,
audit.important,audit,CONTENT,Important:,Önemli:,
audit.what_cover,audit,CONTENT,What we'll cover,Neleri kapsayacağız,
contact.modal_subtitle,common,CONTACT MODAL,Tell us what you're working on. We'll get back to you within one business day.,Bize ne üzerinde çalıştığınızı söyleyin. Size bir iş günü içinde geri döneceğiz.,
contact.modal_title,common,CONTACT MODAL,Get in Touch,İletişime Geçin,
contact.submit,common,CONTACT MODAL,Send Message,Mesaj Gönder,
footer.legal,common,FOOTER,Privacy Policy · Terms,Gizlilik Politikası · Şartlar,
form.email_label,common,FORM FIELDS,Email \*,E-posta \*,
form.message_hint,common,FORM FIELDS,Optional - but helps us prepare for the conversation.,İsteğe bağlı - ancak görüşmeye hazırlanmamıza yardımcı olur.,
form.message_label,common,FORM FIELDS,Message,Mesaj,
form.message_optional_label,common,FORM FIELDS,Message (optional),Mesaj (isteğe bağlı),
form.name_label,common,FORM FIELDS,Name \*,İsim \*,
form.timezone_label,common,FORM FIELDS,Timezone (optional),Saat Dilimi (isteğe bağlı),
form.timezone_select,common,FORM FIELDS,Select your timezone,Saat diliminizi seçin,
form.timezone_select_optional,common,FORM FIELDS,Select your timezone (optional),Saat diliminizi seçin (isteğe bağlı),
form.tz_alaska,common,FORM FIELDS,Alaska Time,Alaska Saati,
form.tz_central,common,FORM FIELDS,Central Time (CT),Merkezi Saat (CT),
form.tz_cet,common,FORM FIELDS,Central European Time (CET),Orta Avrupa Saati (CET),
form.tz_eastern,common,FORM FIELDS,Eastern Time (ET),Doğu Saati (ET),
form.tz_eet,common,FORM FIELDS,Eastern European Time,Doğu Avrupa Saati,
form.tz_gmt,common,FORM FIELDS,GMT / UTC,GMT / UTC,
form.tz_gulf,common,FORM FIELDS,Gulf Standard Time,Körfez Standart Saati,
form.tz_hawaii,common,FORM FIELDS,Hawaii Time,Hawaii Saati,
form.tz_india,common,FORM FIELDS,India Standard Time,Hindistan Standart Saati,
form.tz_japan,common,FORM FIELDS,Japan Standard Time,Japonya Standart Saati,
form.tz_london,common,FORM FIELDS,London (GMT/BST),Londra (GMT/BST),
form.tz_mountain,common,FORM FIELDS,Mountain Time (MT),Dağ Saati (MT),
form.tz_nz,common,FORM FIELDS,New Zealand Time,Yeni Zelanda Saati,
form.tz_other,common,FORM FIELDS,Other,Diğer,
form.tz_pacific,common,FORM FIELDS,Pacific Time (PT),Pasifik Saati (PT),
form.tz_singapore,common,FORM FIELDS,Singapore Time,Singapur Saati,
form.tz_sydney,common,FORM FIELDS,Australian Eastern Time,Avustralya Doğu Saati,
modal.subtitle,common,CONTACT MODAL,Tell us about your situation and we'll get back to you within 24 hours.,Bize durumunuzu anlatın, 24 saat içinde size geri dönelim.,
ui.message_received,common,UI,Message Received,Mesaj Alındı,
ui.message_sent,common,UI,Message Sent!,Mesaj Gönderildi!,
ui.request_received,common,UI,Request Received,Talep Alındı,
ui.response_time,common,UI,We'll get back to you within 24-48 hours.,24-48 saat içinde size geri döneceğiz.,
ui.response_time_business,common,UI,We'll get back to you within one business day.,Bir iş günü içinde size geri döneceğiz.,
Key,Page,Section,English,Turkish,Notes
dfy.hero_title,done-for-you,HERO,Validators check addresses. I read risk.,Doğrulayıcılar adresleri kontrol eder. Ben riski okurum.,
dfy.hero_subtitle,done-for-you,HERO,"Your list isn't broken. The assumptions behind it are. I read lists the way experience taught me, not the way software defaults to.","Listeniz bozuk değil. Arkasındaki varsayımlar öyle. Listeleri yazılımın varsayılanlarıyla değil, deneyimimin bana öğrettiği şekilde okurum.",
dfy.hero_cta,done-for-you,HERO,Get My List Cleaned,Listemi Temizle,
dfy.hero_cta_secondary,done-for-you,HERO,Contact Us First,Önce Bize Ulaşın,
dfy.output_title,done-for-you,OUTPUT,What You Get Back,Ne Geri Alırsınız,
dfy.output_subtitle,done-for-you,OUTPUT,"Your list sorted into three buckets, with the labels and reasoning behind each decision.","Listeniz, her kararın arkasındaki etiketler ve gerekçelerle üç gruba ayrılır.",
dfy.output_safe,done-for-you,OUTPUT,Safe to Mail,Gönderim İçin Güvenli (Safe),
dfy.output_safe_desc,done-for-you,OUTPUT,"No flags found. Domain checks out, validation passed, no risk signals. These are clear to send.","Herhangi bir bayrak bulunamadı. Alan adı doğrulandı, doğrulama geçti, risk sinyali yok. Bunlar gönderim için temiz.",
dfy.output_yellow,done-for-you,OUTPUT,Yellow Flags,Sarı Bayraklar (Yellow Flags),
dfy.output_yellow_desc,done-for-you,OUTPUT,Each address comes with specific labels explaining why it landed here. Context matters. How you segment and send to these decides the outcome.,Her adres, neden burada olduğunu açıklayan özel etiketlerle gelir. Bağlam önemlidir. Bunları nasıl segmentlere ayırıp gönderim yapacağınız sonucu belirler.,
dfy.output_donotmail,done-for-you,OUTPUT,Do Not Mail,Gönderme (Do Not Mail),
dfy.output_donotmail_desc,done-for-you,OUTPUT,"Each address comes with specific labels explaining why. Invalid, trap-likely, disposable, or other risk signals. Don't send here.","Her adres nedenini açıklayan özel etiketlerle gelir. Geçersiz (Invalid), tuzak ihtimali (Trap), geçici (Disposable) veya diğer risk sinyalleri. Buraya göndermeyin.",
dfy.output_note,done-for-you,OUTPUT,You also get the validation and DNS data that informed each decision. Not just buckets. The full picture.,Ayrıca her kararı bilgilendiren doğrulama ve DNS verilerini de alırsınız. Sadece gruplar değil. Resmin tamamı.,
dfy.howread_title,done-for-you,HOW I READ,How I Read Your List,Listenizi Nasıl Okuyorum,
dfy.howread_beyond,done-for-you,HOW I READ,I Look Beyond the Address,Adresin Ötesine Bakarım,
dfy.howread_beyond_desc,done-for-you,HOW I READ,"Domain behavior, history, and patterns across your entire list. Context, not just existence. An address that ""works"" can still be dangerous.","Tüm listenizdeki alan adı davranışı, geçmişi ve kalıpları. Bağlam, sadece varoluş değil. ""Çalışan"" bir adres hala tehlikeli olabilir.",
dfy.howread_miss,done-for-you,HOW I READ,I Check What Others Miss,Başkalarının Kaçırdığını Kontrol Ederim,
dfy.howread_miss_desc,done-for-you,HOW I READ,"Traps, role accounts, toxic domains, disposable patterns. The things that don't bounce but still hurt you. I've learned what to look for.","Tuzaklar, rol hesapları, toksik alan adları, geçici kalıplar. Geri dönmeyen (bounce etmeyen) ama yine de size zarar veren şeyler. Neye bakmam gerektiğini öğrendim.",
dfy.howread_reasoning,done-for-you,HOW I READ,I Explain My Reasoning,Gerekçemi Açıklarım,
dfy.howread_reasoning_desc,done-for-you,HOW I READ,"Not just labels. You get the thinking behind each decision so you understand why, and can make smarter calls next time.","Sadece etiketler değil. Her kararın arkasındaki düşünceyi alırsınız, böylece nedenini anlar ve bir dahaki sefere daha akıllıca kararlar verebilirsiniz.",
dfy.process_title,done-for-you,PROCESS,How It Works,Nasıl Çalışır,
dfy.process_subtitle,done-for-you,PROCESS,Simple process. Expert execution.,Basit süreç. Uzman uygulama.,
dfy.step1_title,done-for-you,PROCESS,Send Us Your List,Listenizi Bize Gönderin,
dfy.step2_title,done-for-you,PROCESS,I Read Your List,Listenizi Okuyorum,
dfy.step3_title,done-for-you,PROCESS,Get Labeled Results Back,Etiketlenmiş Sonuçları Alın,
dfy.step4_title,done-for-you,PROCESS,Optional: Book a Walkthrough Call,İsteğe Bağlı: Bir Açıklama Görüşmesi Ayarlayın,
dfy.consult_title,done-for-you,CONSULTATION,Not Sure What You Need?,Neye İhtiyacınız Olduğundan Emin Değil misiniz?,
dfy.consult_card,done-for-you,CONSULTATION,1:1 Call with YT,YT ile Birebir Görüşme,DNT YT
dfy.consult_cta,done-for-you,CONSULTATION,Book a Free Consultation,Ücretsiz Danışmanlık Ayarlayın,
dfy.whofor_title,done-for-you,WHO FOR,Who This Is For,Bu Kimin İçin,
dfy.whofor_yes,done-for-you,WHO FOR,This Is For You If,Bu Sizin İçin Eğer,
dfy.whofor_no,done-for-you,WHO FOR,Not For You If,Bu Sizin İçin Değil Eğer,
dfy.whofor_partner,done-for-you,WHO FOR,Connect With a Partner,Bir Ortakla Bağlantı Kurun,
dfy.pricing_title,done-for-you,PRICING,Pricing,Fiyatlandırma,
dfy.notsure_title,done-for-you,PRICING,Not Sure Yet?,Henüz Emin Değil misiniz?,
dfy.notsure_cta,done-for-you,PRICING,Learn About SOS Hotline,SOS Hattı Hakkında Bilgi Edinin,DNT SOS Hotline
dfy.cta_title,done-for-you,CTA,Ready to Know What's Actually In Your List?,Listenizde Gerçekten Ne Olduğunu Bilmeye Hazır mısınız?,
dfy.cta_subtitle,done-for-you,CTA,"Send it over. I'll tell you what to keep, what to watch, and what to never send to again. With the reasoning behind every call.","Gönderin. Neyi saklayacağınızı, neyi izleyeceğinizi ve neye bir daha asla göndermeyeceğinizi söyleyeceğim. Her kararın arkasındaki gerekçeyle birlikte.",
dfy.cta_footer,done-for-you,CTA,Most lists returned within 24-48 hours.,Çoğu liste 24-48 saat içinde iade edilir.,
dfy.label_keep,done-for-you,OUTPUT,Keep,Sakla (Keep),DNT Keep
dfy.label_monitor,done-for-you,OUTPUT,Monitor,İzle (Monitor),DNT Monitor
dfy.label_suppress,done-for-you,OUTPUT,Suppress,Kaldır (Suppress),DNT Suppress
dfy.step1_desc,done-for-you,PROCESS,"CSV, Excel, whatever you have. We have seen it all. No judgment, no questions.","CSV, Excel, elinizde ne varsa. Hepsini gördük. Yargılama yok, soru yok.",
dfy.step2_desc,done-for-you,PROCESS,"Every address gets examined. Domain patterns, history, risk signals. The full picture, not just a validity check.","Her adres incelenir. Alan adı kalıpları, geçmiş, risk sinyalleri. Sadece bir geçerlilik kontrolü değil, resmin tamamı.",
dfy.step3_desc,done-for-you,PROCESS,"Keep, Monitor, or Suppress. With the specific reasons behind each decision. You will know what to do and why.","Sakla, İzle veya Kaldır. Her kararın arkasındaki belirli nedenlerle. Ne yapacağınızı ve nedenini bileceksiniz.",
dfy.step4_desc,done-for-you,PROCESS,Talk through the results with me. Understand what we found and plan your next steps.,Sonuçları benimle konuşun. Ne bulduğumuzu anlayın ve sonraki adımlarınızı planlayın.,
dfy.consult_subtitle,done-for-you,CONSULTATION,No pressure, no pitch. Let's talk through your situation and figure out if list cleaning is even the right move.,Baskı yok, satış konuşması yok. Durumunuzu konuşalım ve liste temizliğinin doğru hamle olup olmadığını anlayalım.,
dfy.consult_badge,done-for-you,CONSULTATION,First Free Consultation,İlk Ücretsiz Danışmanlık,
dfy.consult_card_desc,done-for-you,CONSULTATION,Tell me what's going on with your list, your sending, your concerns. I'll give you my honest take on what you actually need—even if it's not me.,Listenizle, gönderiminizle, endişelerinizle ilgili neler olduğunu anlatın. Aslında neye ihtiyacınız olduğu konusunda dürüst fikrimi vereceğim—ben olmasam bile.,
dfy.consult_duration,done-for-you,CONSULTATION,15-30 minutes. No commitment required.,15-30 dakika. Taahhüt gerekmez.,
dfy.consult_topics_label,done-for-you,CONSULTATION,We can discuss,Şunları tartışabiliriz,
dfy.consult_topic1,done-for-you,CONSULTATION,Whether list cleaning makes sense for your situation,Liste temizliğinin durumunuz için mantıklı olup olmadığı,
dfy.consult_topic2,done-for-you,CONSULTATION,What's likely causing your deliverability issues,Teslim edilebilirlik sorunlarınıza muhtemelen neyin neden olduğu,
dfy.consult_topic3,done-for-you,CONSULTATION,Which service level fits your needs,Hangi hizmet seviyesinin ihtiyaçlarınıza uyduğu,
dfy.consult_topic4,done-for-you,CONSULTATION,Timeline and turnaround expectations,Zaman çizelgesi ve geri dönüş beklentileri,
dfy.consult_topic5,done-for-you,CONSULTATION,Questions about the process,Süreçle ilgili sorular,
dfy.whofor_yes1,done-for-you,WHO FOR,Running campaigns but seeing declining engagement,Kampanyalar yürütüyor ancak etkileşimin düştüğünü görüyorsunuz,
dfy.whofor_yes2,done-for-you,WHO FOR,"Worried about bounces, complaints, or blocklists",Bounce'lar, şikayetler veya blok listeleri hakkında endişelisiniz,
dfy.whofor_yes3,done-for-you,WHO FOR,Inheriting a list you did not build,Sizin oluşturmadığınız bir listeyi devraldınız,
dfy.whofor_yes4,done-for-you,WHO FOR,"Under pressure to ""just send"" but sensing risk","""Sadece gönder"" baskısı altındasınız ama risk hissediyorsunuz",
dfy.whofor_yes5,done-for-you,WHO FOR,Trying to explain deliverability risks internally,Teslim edilebilirlik risklerini şirket içinde açıklamaya çalışıyorsunuz,
dfy.whofor_no1,done-for-you,WHO FOR,You want someone to write or send campaigns for you,Birinin sizin yerinize kampanya yazmasını veya göndermesini istiyorsunuz,
dfy.whofor_no2,done-for-you,WHO FOR,You need ESP migration or setup help,ESP geçişi veya kurulum yardımı istiyorsunuz,DNT ESP
dfy.whofor_no3,done-for-you,WHO FOR,You want ongoing managed services,Devam eden yönetim hizmetleri istiyorsunuz,
dfy.whofor_no4,done-for-you,WHO FOR,You need content or design work,İçerik veya tasarım çalışmasına ihtiyacınız var,
dfy.testimonial_quote,done-for-you,TESTIMONIAL,The SOS Hotline gave me extremely helpful guidance. Yanna-Torry cleaned our list and supported us beyond the call.,SOS Hattı bana son derece yararlı rehberlik sağladı. Yanna-Torry listemizi temizledi ve görüşmenin ötesinde bizi destekledi.,DNT SOS Hotline, Yanna-Torry
dfy.testimonial_author,done-for-you,TESTIMONIAL,"Megan S, UK","Megan S, İngiltere",DNT
dfy.pricing_subtitle,done-for-you,PRICING,"Volume pricing: buy more credits, pay less per credit. No contracts, no tricks.","Hacim fiyatlandırması: daha fazla kredi alın, kredi başına daha az ödeyin. Sözleşme yok, hile yok.",
dfy.pricing_contact,done-for-you,PRICING,Questions first?,Önce sorularınız mı var?,
dfy.pricing_just_ask,done-for-you,PRICING,Just ask,Sadece sorun,
dfy.notsure_desc,done-for-you,PRICING,Have a question before committing? Use the SOS Hotline. It is free. No sales pitch. Just honest answers.,Taahhüt etmeden önce bir sorunuz mu var? SOS Hattını kullanın. Ücretsizdir. Satış konuşması yok. Sadece dürüst cevaplar.,DNT SOS Hotline
partner.title,partner,HERO,Partner With Us,Bizimle Ortak Olun,
partner.subtitle,partner,HERO,Work with Review My Emails to help your clients protect their sender reputation.,Müşterilerinizin gönderici itibarını korumasına yardımcı olmak için Review My Emails ile çalışın.,DNT Review My Emails
partner.types_title,partner,TYPES,Who We Work With,Kimlerle Çalışıyoruz,
partner.esp_title,partner,TYPES,Email Service Providers,E-posta Servis Sağlayıcıları (ESP'ler),
partner.esp_desc,partner,TYPES,Help your customers maintain clean lists. Reduce complaints and bounces before they hurt your shared infrastructure.,Müşterilerinizin temiz listeler tutmasına yardımcı olun. Paylaşılan altyapınıza zarar vermeden önce şikayetleri ve bounce'ları azaltın.,
partner.agency_title,partner,TYPES,Marketing Agencies,Pazarlama Ajansları,
partner.agency_desc,partner,TYPES,Offer list hygiene as part of your email marketing services. Give clients clear recommendations, not just validation scores.,E-posta pazarlama hizmetlerinizin bir parçası olarak liste hijyeni sunun. Müşterilere sadece doğrulama puanları değil, net öneriler verin.,
partner.consultant_title,partner,TYPES,Deliverability Consultants,Teslim Edilebilirlik Danışmanları,
partner.consultant_desc,partner,TYPES,Add list interpretation to your toolkit. Get detailed analysis you can use in client reports and remediation plans.,Araç setinize liste yorumlamayı ekleyin. Müşteri raporlarında ve iyileştirme planlarında kullanabileceğiniz ayrıntılı analizler alın.,
partner.data_title,partner,TYPES,Data Providers,Veri Sağlayıcıları,
partner.data_desc,partner,TYPES,Validate the quality of email data before it reaches your customers. Reduce complaints and build trust.,E-posta verilerinin kalitesini müşterilerinize ulaşmadan önce doğrulayın. Şikayetleri azaltın ve güven inşa edin.,
partner.cta_title,partner,CTA,Interested?,İlgileniyor musunuz?,
partner.cta_subtitle,partner,CTA,Reach out to discuss how we can work together. No pitch deck required. Just tell us what you are trying to solve.,Birlikte nasıl çalışabileceğimizi tartışmak için iletişime geçin. Sunum dosyasına gerek yok. Sadece neyi çözmeye çalıştığınızı bize anlatın.,
partner.cta_button,partner,CTA,Email Us,Bize E-posta Gönderin,
partner.modal_title,partner,MODAL,Partner With Us,Bizimle Ortak Olun,
partner.modal_subtitle,partner,MODAL,Tell us about your business and we'll get back to you within 24 hours.,Bize işinizden bahsedin, 24 saat içinde size geri dönelim.,
partner.modal_placeholder,partner,MODAL,Tell us about your business and how you'd like to partner...,Bize işinizden ve nasıl ortak olmak istediğinizden bahsedin...,
partner.modal_button,partner,MODAL,Send Message,Mesaj Gönder,
partner.modal_success_title,partner,MODAL,Message Received,Mesaj Alındı,
partner.modal_success_text,partner,MODAL,We'll get back to you within 24 hours.,24 saat içinde size geri döneceğiz.,
Key,Page,Section,English,Turkish,Notes
pricing.comp_them1,pricing,COMPARISON,Validators check if an inbox exists.,Doğrulayıcılar bir gelen kutusunun var olup olmadığını kontrol eder.,
pricing.comp_us1,pricing,COMPARISON,We assess whether sending there is safe.,Oraya göndermenin güvenli olup olmadığını değerlendiririz.,
pricing.comp_them2,pricing,COMPARISON,Validators give you a status.,Doğrulayıcılar size bir durum verir.,
pricing.comp_us2,pricing,COMPARISON,We give you the reasoning behind a decision.,Size bir kararın arkasındaki gerekçeyi veririz.,
pricing.comp_them3,pricing,COMPARISON,Validators flag what bounces.,Doğrulayıcılar bounce edenleri işaretler.,
pricing.comp_us3,pricing,COMPARISON,We flag what damages your reputation without bouncing.,Biz bounce etmeden itibarınıza zarar verenleri işaretleriz.,
pricing.comp_them4,pricing,COMPARISON,Validators process volume.,Doğrulayıcılar hacmi işler.,
pricing.comp_us4,pricing,COMPARISON,We interpret patterns across your entire list.,Listenizin tamamındaki kalıpları yorumlarız.,
pricing.comp_them5,pricing,COMPARISON,Validators leave you guessing.,Doğrulayıcılar sizi tahminde bulunmaya bırakır.,
pricing.comp_us5,pricing,COMPARISON,We tell you what to do and why.,Size ne yapmanız gerektiğini ve nedenini söyleriz.,
pricing.compare_title,pricing,COMPARISON,What You Are Actually Paying For,Aslında Ne İçin Ödeme Yapıyorsunuz,
pricing.compare_subtitle,pricing,COMPARISON,The difference between checking and interpreting.,Kontrol etmek ve yorumlamak arasındaki fark.,
pricing.calc_heading,pricing,CALCULATOR,Calculate Your Price,Fiyatınızı Hesaplayın,
pricing.calc_intro,pricing,CALCULATOR,Simple. More volume, lower rate.,Basit. Daha fazla hacim, daha düşük oran.,
pricing.calc_subtitle,pricing,CALCULATOR,Pay only for what you need. Credits never expire.,Sadece ihtiyacınız olanı ödeyin. Kredilerin süresi asla dolmaz.,
pricing.calc_title,pricing,CALCULATOR,Pricing Calculator,Fiyat Hesaplayıcı,
pricing.need_more,pricing,CALCULATOR,Need more than 1 million?,1 milyondan fazlasına mı ihtiyacınız var?,
pricing.custom_pricing,pricing,CALCULATOR,for custom pricing.,özel fiyatlandırma için.,
pricing.contact_us,pricing,CALCULATOR,Contact us,Bize ulaşın,
pricing.cta_clean_title,pricing,CTA,Get My List Cleaned,Listemi Temizle,
pricing.cta_clean_desc,pricing,CTA,Done-for-you service. Send your list, get results.,Anahtar teslim hizmet. Listenizi gönderin, sonuçları alın.,
pricing.cta_waitlist_title,pricing,CTA,Join the Waitlist,Bekleme Listesine Katılın,
pricing.cta_waitlist_desc,pricing,CTA,Be first to access self-serve when it launches.,Başladığında self-servise ilk erişen siz olun.,
pricing.cta_help_title,pricing,CTA,Get Free Help,Ücretsiz Yardım Alın,
pricing.cta_help_desc,pricing,CTA,Email our SOS hotline with your questions.,Sorularınızla SOS hattımıza e-posta gönderin.,DNT SOS Hotline
pricing.learn_more_btn,pricing,CTA,Learn More,Daha Fazla Bilgi,
pricing.option_guidance,pricing,OPTIONS,Guidance,Rehberlik,
pricing.option_execution,pricing,OPTIONS,Execution,Uygulama,
pricing.option_automation,pricing,OPTIONS,Automation,Otomasyon,
pricing.join,pricing,CONTENT,Join,Katıl,
pricing.get_started_btn,pricing,CONTENT,Get Started,Başlayın,
pricing.questions_title,pricing,CONTENT,Questions?,Sorular?,
pricing.waitlist_success_short,pricing,CONTENT,You're on the list!,Listedesiniz!,
pricing.newsletter_opt,pricing,CONTENT,"Monthly deliverability insights (no spam, just signal)","Aylık deliverability içgörüleri (spam yok, sadece bilgi)",
pricing.for_custom,pricing,CONTENT,for custom pricing.,özel fiyatlandırma için.,
pricing.learn_more_sos,pricing,CONTENT,Learn More About SOS Hotline,SOS Hattı Hakkında Daha Fazla Bilgi Edinin,DNT SOS Hotline
pricing.free_help_title,pricing,FREE HELP,Free Email Help,Ücretsiz E-posta Yardımı,
pricing.free_help_desc,pricing,FREE HELP,"Ask any email question. Get a real answer from a real expert. No sales pitch, no strings attached.","Herhangi bir e-posta sorusu sorun. Gerçek bir uzmandan gerçek bir cevap alın. Satış yok, bağlayıcılık yok.",
pricing.hero_headline1,pricing,HERO,Beyond Validation.,Doğrulamanın Ötesinde.,
pricing.hero_headline2,pricing,HERO,We Tell You What Your List Means.,Listenizin Ne Anlama Geldiğini Size Söylüyoruz.,
pricing.hero_subhead,pricing,HERO,"Not just pass/fail. Every address comes with reasoning so you know what to keep, what to monitor, and what to suppress.","Sadece geçti/kaldı değil. Her adres bir gerekçeyle gelir, böylece neyi saklayacağınızı, neyi izleyeceğinizi ve neyi kaldıracağınızı (suppress) bilirsiniz.",DNT Keep/Monitor/Suppress
pricing.what_you_get_title,pricing,OUTPUT,What You Get,Ne Alırsınız,
pricing.what_you_get_subtitle,pricing,OUTPUT,A cleaned list with clear recommendations.,Net önerilerle temizlenmiş bir liste.,
pricing.keep_title,pricing,OUTPUT,Cleared After Full Review,Tam İncelemeden Sonra Onaylandı,
pricing.keep_desc,pricing,OUTPUT,No risk patterns surfaced during review. Domain behavior and historical signals support continued sending.,İnceleme sırasında risk kalıpları ortaya çıkmadı. Alan adı davranışı ve geçmiş sinyaller gönderime devam etmeyi destekliyor.,
pricing.monitor_title,pricing,OUTPUT,Patterns Worth Watching,İzlemeye Değer Kalıplar,
pricing.monitor_desc,pricing,OUTPUT,"These require judgment. We surface historical patterns and relationship context.",Bunlar muhakeme gerektirir. Geçmiş kalıpları ve ilişki bağlamını ortaya çıkarıyoruz.,
pricing.suppress_title,pricing,OUTPUT,"Clear Risk, Clear Reasoning",Net Risk, Net Gerekçe,
pricing.suppress_desc,pricing,OUTPUT,"Clear risk signals: known problem domains, disposable patterns, historical trap indicators.",Net risk sinyalleri: bilinen sorunlu alan adları, geçici e-posta kalıpları, geçmiş tuzak göstergeleri.,
pricing.who_title,pricing,WHO FOR,Who This Is For,Bu Kimin İçin,
pricing.who_subtitle,pricing,WHO FOR,Marketers who already send email and want to protect their sender reputation.,Halihazırda e-posta gönderen ve gönderici itibarını korumak isteyen pazarlamacılar.,
pricing.who_note,pricing,WHO FOR,"If you care about long-term reputation, not just short-term volume, this is for you.","Sadece kısa vadeli hacmi değil, uzun vadeli itibarı önemsiyorsanız, bu sizin içindir.",
pricing.who_item1,pricing,WHO FOR,Running campaigns but seeing declining engagement,Kampanyalar yürütüyor ancak etkileşimin düştüğünü görüyorsunuz,
pricing.who_item2,pricing,WHO FOR,"Worried about bounces, complaints, or blocklists",Bounce'lar, şikayetler veya blok listeleri hakkında endişelisiniz,
pricing.who_item3,pricing,WHO FOR,Inheriting a list you did not build,Sizin oluşturmadığınız bir listeyi devraldınız,
pricing.who_item4,pricing,WHO FOR,"Under pressure to ""just send"" but sensing risk","""Sadece gönder"" baskısı altındasınız ama risk hissediyorsunuz",
pricing.who_item5,pricing,WHO FOR,Trying to explain deliverability to a boss who does not get it,Bunu anlamayan bir patrona deliverability kavramını açıklamaya çalışıyorsunuz,
quiz.loading_analyzing,quiz,LOADING,Analyzing your responses...,Yanıtlarınız analiz ediliyor...,
quiz.loading_comparing,quiz,LOADING,Comparing against common patterns,Yaygın kalıplarla karşılaştırılıyor,
quiz.loading_checking,quiz,LOADING,Checking risk indicators...,Risk göstergeleri kontrol ediliyor...,
quiz.loading_matching,quiz,LOADING,Matching against known patterns,Bilinen kalıplarla eşleştiriliyor,
quiz.loading_preparing,quiz,LOADING,Preparing your diagnosis...,Teşhisiniz hazırlanıyor...,
quiz.step_indicator,quiz,INTRO,Question {n} of {total},Soru {n} / {total},Use {n} and {total} as placeholders
quiz.step_1_of_4,quiz,QUESTIONS,Question 1 of 4,Soru 1 / 4,
quiz.q1_text,quiz,QUESTIONS,How did the majority of these emails get on your list?,Bu e-postaların çoğunluğu listenize nasıl girdi?,
quiz.q2_text,quiz,QUESTIONS,Is your sending domain authenticated with DMARC?,Gönderen alan adınız DMARC ile doğrulandı mı?,DNT DMARC
quiz.q3_text,quiz,QUESTIONS,Have you run this list through a validation tool?,Bu listeyi bir doğrulama aracından geçirdiniz mi?,
quiz.q4_text,quiz,QUESTIONS,What brought you here today?,Sizi bugün buraya ne getirdi?,
quiz.pattern_line,quiz,RESULTS,This is one of the most common patterns I see.,Bu gördüğüm en yaygın kalıplardan biri.,
quiz.badge_higher_risk,quiz,RESULTS,Higher Risk,Daha Yüksek Risk,
quiz.badge_critical,quiz,RESULTS,Critical,Kritik,
quiz.badge_high_risk,quiz,RESULTS,High Risk,Yüksek Risk,
quiz.badge_medium_risk,quiz,RESULTS,Medium Risk,Orta Risk,
quiz.badge_low_risk,quiz,RESULTS,Low Risk,Düşük Risk,
quiz.what_well_do,quiz,RESULTS,What we'll do,Ne yapacağız,
quiz.what_this_means,quiz,RESULTS,What this means,Bu ne anlama geliyor,
quiz.reality_check_title,quiz,RESULTS,What we'll do,Ne yapacağız,
quiz.reality_check_title_alt,quiz,RESULTS,What this means,Bu ne anlama geliyor,
quiz.cta_talk_specialist,quiz,RESULTS,Talk to a Specialist,Bir Uzmanla Konuşun,
quiz.cta_full_review,quiz,RESULTS,Get a full review,Tam inceleme alın,
quiz.cta_diagnose,quiz,RESULTS,Let's diagnose this,Bunu teşhis edelim,
quiz.cta_clarity,quiz,RESULTS,Get clarity on your list,Listenizde netlik kazanın,
quiz.cta_get_diagnosis,quiz,CTA,Get the diagnosis,Teşhisi alın,
quiz.cta_safety_check,quiz,CTA,Get a safety check,Güvenlik kontrolü yapın,
quiz.res_infra_headline,quiz,RESULTS,Your infrastructure may be the problem.,Altyapınız sorun olabilir.,
quiz.res_catchall_headline,quiz,RESULTS,Those ""Unknown"" addresses are not unknown to me.,O ""Bilinmeyen"" adresler benim için bilinmeyen değil.,
quiz.res_decay_headline,quiz,RESULTS,Your list is slowly suffocating your delivery.,Listeniz teslimatınızı yavaşça boğuyor.,
quiz.res_preventive_headline,quiz,RESULTS,You are in a good spot. Let's keep it that way.,İyi bir noktadasınız. Böyle devam edelim.,
quiz.res_noconsent_headline,quiz,RESULTS,We can absolutely help clean your list.,Listenizi temizlemenize kesinlikle yardımcı olabiliriz.,
quiz.res_crisis_headline,quiz,RESULTS,You need triage, not just cleaning.,Sadece temizliğe değil, acil müdahaleye ihtiyacınız var.,
quiz.res_toolfail_headline,quiz,RESULTS,Your validation tool missed something.,Doğrulama aracınız bir şeyleri kaçırmış.,
quiz.res_noconsent_subhead,quiz,RESULTS,Lists without explicit consent carry more risk—but that doesn't mean you can't send safely. We'll remove the addresses most likely to hurt you.,Açık rıza olmayan listeler daha fazla risk taşır—ancak bu güvenli gönderim yapamayacağınız anlamına gelmez. Size zarar verme olasılığı en yüksek olan adresleri kaldıracağız.,
quiz.res_crisis_subhead,quiz,RESULTS,An ESP warning is the final straw. Your reputation is already damaged. Automated cleaning alone will not get you reinstated.,Bir ESP uyarısı son damladır. İtibarınız zaten zarar görmüş. Sadece otomatik temizlik sizi eski halinize getirmez.,DNT ESP
quiz.res_toolfail_subhead,quiz,RESULTS,You paid for syntax checking. You were punished for reputation. A 'Valid' email can still be a spam trap or chronic complainer.,Sözdizimi kontrolü için ödeme yaptınız. İtibar için cezalandırıldınız. 'Geçerli' bir e-posta hala bir spam tuzağı veya kronik şikayetçi olabilir.,
quiz.res_infra_subhead,quiz,RESULTS,Without proper DMARC authentication, even a clean list can land in spam. This is a fixable issue, but it needs attention before list cleaning matters.,Uygun DMARC kimlik doğrulaması olmadan temiz bir liste bile spame düşebilir. Bu düzeltilebilir bir sorundur, ancak liste temizliğinden önce ilgilenilmesi gerekir.,DNT DMARC
quiz.res_catchall_subhead,quiz,RESULTS,Catch-all domains accept everything. Validation tools cannot tell you which addresses are real. I can.,Catch-all alan adları her şeyi kabul eder. Doğrulama araçları hangi adreslerin gerçek olduğunu size söyleyemez. Ben söyleyebilirim.,
quiz.res_decay_subhead,quiz,RESULTS,No bounce spike. No warning. Just a quiet decline as dead weight accumulates and inbox providers filter you to spam.,Bounce artışı yok. Uyarı yok. Sadece ölü ağırlık biriktikçe ve gelen kutusu sağlayıcıları sizi spame filtreledikçe sessiz bir düşüş.,
quiz.res_preventive_subhead,quiz,RESULTS,Healthy lists still decay by about 22% every year. A preventative review before a big send catches recycled traps that formed since your last campaign.,Sağlıklı listeler bile her yıl yaklaşık %22 oranında bozulur. Büyük bir gönderimden önce önleyici bir inceleme, son kampanyanızdan bu yana oluşan geri dönüştürülmüş tuzakları yakalar.,
quiz.res_noconsent_reality,quiz,RESULTS,"We catch invalid addresses, spam traps, role accounts, and high-risk patterns that other validators miss. We're thorough. But we're also honest: no tool can catch every trap on a non-consent list because some are designed to be undetectable. That's true for every validator—we're just the ones who tell you.","Diğer doğrulayıcıların kaçırdığı geçersiz adresleri, spam tuzaklarını, rol hesaplarını ve yüksek riskli kalıpları yakalıyoruz. Titiziz. Ama aynı zamanda dürüstüz: hiçbir araç izinli olmayan bir listedeki her tuzağı yakalayamaz çünkü bazıları tespit edilemez olacak şekilde tasarlanmıştır. Bu her doğrulayıcı için geçerlidir—sadece biz size bunu söylüyoruz.",
quiz.res_crisis_reality,quiz,RESULTS,You need a remediation strategy, not just a clean list. I help identify the root cause and build a path back to good standing with your ESP.,Sadece temiz bir listeye değil, bir iyileştirme stratejisine ihtiyacınız var. Kök nedeni belirlemeye ve ESP'nizle tekrar iyi bir duruma gelmek için bir yol oluşturmaya yardımcı olurum.,DNT ESP
quiz.res_toolfail_reality,quiz,RESULTS,Automated tools cannot see behavioral history. They check code, not context. I find the 'Valid but Dangerous' addresses they miss.,Otomatik araçlar davranışsal geçmişi göremez. Kodu kontrol ederler, bağlamı değil. Onların kaçırdığı 'Geçerli ama Tehlikeli' adresleri bulurum.,
quiz.res_infra_reality,quiz,RESULTS,Domain authentication tells inbox providers you are who you say you are. Without it, your emails look suspicious regardless of list quality.,Alan adı kimlik doğrulaması, gelen kutusu sağlayıcılarına kim olduğunuzu söyler. O olmadan, liste kalitesinden bağımsız olarak e-postalarınız şüpheli görünür.,
quiz.res_catchall_reality,quiz,RESULTS,A large percentage of business domains are catch-all. Validation marks them 'Unknown' because it cannot verify. Pattern recognition and engagement history tell a different story.,İş alan adlarının büyük bir yüzdesi catch-all'dır. Doğrulama, doğrulayamadığı için bunları 'Bilinmeyen' olarak işaretler. Kalıp tanıma ve etkileşim geçmişi farklı bir hikaye anlatır.,
quiz.res_decay_reality,quiz,RESULTS,This is the hardest problem to diagnose because there is no event. Your list has accumulated decay, and it is dragging down your engaged subscribers.,Bu teşhis edilmesi en zor sorundur çünkü bir olay yoktur. Listeniz bozulma biriktirmiştir ve etkileşimdeki abonelerinizi aşağı çekmektedir.,
quiz.res_preventive_reality,quiz,RESULTS,You are doing the right things. A safety check ensures you do not accidentally hit a trap that did not exist last time you sent.,Doğru şeyleri yapıyorsunuz. Güvenlik kontrolü, en son gönderim yaptığınızda var olmayan bir tuzağa yanlışlıkla çarpmamanızı sağlar.,
quiz.additional_issues_title,quiz,RESULTS,Other things we noticed,Fark ettiğimiz diğer şeyler,
quiz.result_directlink,quiz,RESULTS,Ready to go?,Başlamaya hazır mısınız?,
quiz.get_list_cleaned,quiz,RESULTS,Get My List Cleaned →,Listemi Temizle →,
quiz.save_diagnosis,quiz,CAPTURE,Save your diagnosis,Teşhisinizi kaydedin,
quiz.save_subtitle,quiz,CAPTURE,Get your results emailed and optionally join our waitlist for self-serve tools.,Sonuçlarınızı e-posta ile alın ve isteğe bağlı olarak self-servis araçlar için bekleme listemize katılın.,
quiz.newsletter_opt,quiz,CAPTURE,"Monthly deliverability insights (no spam, just signal)","Aylık deliverability içgörüleri (spam yok, sadece bilgi)",
quiz.bonus_credits,quiz,CAPTURE,1,500 credits when we launch,Başladığımızda 1.500 kredi,
quiz.send_results,quiz,CAPTURE,Send My Results,Sonuçlarımı Gönder,
quiz.skip,quiz,CAPTURE,Skip,Atla,
quiz.notify_launch,quiz,CAPTURE,Notify me when self-serve launches,Self-servis başladığında bana bildir,
quiz.request_contact,quiz,CAPTURE,Have someone reach out to discuss my situation (no sales pitch),Durumumu görüşmek için birinin bana ulaşmasını istiyorum (satış yok),
quiz.capture_success,quiz,CAPTURE,Your results have been sent!,Sonuçlarınız gönderildi!,
quiz.capture_credits_bonus,quiz,CAPTURE,You've also earned 1,500 free credits.,Ayrıca 1.500 ücretsiz kredi kazandınız.,
quiz.capture_reach_out,quiz,CAPTURE,We'll reach out soon.,Yakında ulaşacağız.,
quiz.ready_to_go,quiz,CAPTURE,Ready to go?,Başlamaya hazır mısınız?,
sos.bridge_dfy_cta,sos-hotline,BRIDGE,See What You Get,Ne Alacağınızı Görün,
sos.bridge_dfy_desc,sos-hotline,BRIDGE,"Send us your list. We review every address and return it labeled: Keep, Monitor, or Suppress.","Listenizi bize gönderin. Her adresi inceleriz ve etiketli olarak iade ederiz: Sakla, İzle veya Kaldır.",DNT Keep/Monitor/Suppress
sos.bridge_dfy_title,sos-hotline,BRIDGE,Done-For-You Review,Anahtar Teslim İnceleme (Done-For-You),
sos.bridge_expert_cta,sos-hotline,BRIDGE,See the Process,Süreci Gör,
sos.bridge_expert_desc,sos-hotline,BRIDGE,Every list review includes a walkthrough of your results. We explain what we found.,Her liste incelemesi sonuçlarınızın üzerinden geçmeyi içerir. Ne bulduğumuzu açıklarız.,
sos.bridge_expert_title,sos-hotline,BRIDGE,Expert Interpretation,Uzman Yorumu,
sos.bridge_intro,sos-hotline,BRIDGE,"SOS gives you guidance. If you need someone to actually touch your data, we offer:",SOS size rehberlik eder. Verilerinize gerçekten dokunacak birine ihtiyacınız varsa, şunları sunuyoruz:,DNT SOS
sos.bridge_title,sos-hotline,BRIDGE,Need More Than Advice?,Tavsiyeden Daha Fazlasına mı İhtiyacınız Var?,
sos.final_cta_subtext,sos-hotline,FINAL CTA,"Email us. Within 48 hours. Often sooner.","Bize e-posta gönderin. 48 saat içinde. Genellikle daha erken.",
sos.final_cta_title,sos-hotline,FINAL CTA,Ready to Ask Your Question?,Sorunuzu Sormaya Hazır mısınız?,
sos.how_step1,sos-hotline,HOW IT WORKS,You send an email to the SOS Hotline,SOS Hattına bir e-posta gönderirsiniz,DNT SOS Hotline
sos.how_step2,sos-hotline,HOW IT WORKS,You receive an automatic reply confirming we got it,Aldığımızı onaylayan otomatik bir yanıt alırsınız,
sos.how_step3,sos-hotline,HOW IT WORKS,YT personally reads and responds within 48 hours,Yanna-Torry şahsen okur ve 48 saat içinde yanıt verir,DNT YT
sos.topic_career_advice,sos-hotline,TOPICS,Career advice,Kariyer tavsiyesi,
sos.why_free_p1,sos-hotline,WHY FREE,We offer real help without charging because it is the right thing to do.,"Gerçek yardımı ücret almadan sunuyoruz, çünkü yapılması gereken doğru şey bu.",
sos.why_free_p2,sos-hotline,WHY FREE,"If you need more than guidance, we offer done-for-you list reviews with expert interpretation included.","Rehberlikten daha fazlasına ihtiyacınız varsa, uzman yorumu dahil anahtar teslim liste incelemeleri sunuyoruz.",
sos.why_free_tagline,sos-hotline,WHY FREE,Trust beats tactics.,Güven taktikleri yener.,
sos.why_free_title,sos-hotline,WHY FREE,Why Is This Free?,Bu Neden Ücretsiz?,
audit.badge,audit,INTRO,Free Self-Assessment,Ücretsiz Öz Değerlendirme,
audit.title,audit,INTRO,Inbox Placement Self-Audit,Gelen Kutusu Yerleşimi Öz Denetimi,
audit.subtitle,audit,INTRO,What most senders never check. Use this monthly. Be honest. This is how problems get caught before revenue drops.,Çoğu göndericinin asla kontrol etmediği şeyler. Bunu aylık kullanın. Dürüst olun. Sorunlar gelir düşmeden önce böyle yakalanır.,
audit.disclaimer,audit,INTRO,Important: This audit covers general best practices. Every business is different. A monthly newsletter has different needs than a daily SaaS notification. Some items here may not apply to you at all. The goal is awareness, not a perfect score.,Önemli: Bu denetim genel en iyi uygulamaları kapsar. Her iş farklıdır. Aylık bir bültenin günlük bir SaaS bildiriminden farklı ihtiyaçları vardır. Buradaki bazı maddeler sizin için hiç geçerli olmayabilir. Amaç farkındalıktır, mükemmel bir puan değil.,
audit.meta_time,audit,INTRO,5-7 minutes,5-7 dakika,
audit.meta_sections,audit,INTRO,10 sections,10 bölüm,
audit.meta_tips,audit,INTRO,Personalized tips,Kişiselleştirilmiş ipuçları,
audit.start_button,audit,INTRO,Start Audit,Denetimi Başlat,
audit.section_automation,audit,SECTIONS,Automation Timing,Otomasyon Zamanlaması,
audit.section_header,audit,SECTIONS,Header & Footer Hygiene,Üstbilgi ve Altbilgi Hijyeni,
audit.section_tracking,audit,SECTIONS,Tracking Domain Risk,İzleme Alan Adı Riski,
audit.section_engagement,audit,SECTIONS,Engagement Logic,Etkileşim Mantığı,
audit.section_layout,audit,SECTIONS,Layout Pattern Risk,Düzen Kalıbı Riski,
audit.section_sendtime,audit,SECTIONS,Send Time Logic,Gönderim Zamanı Mantığı,
audit.section_migration,audit,SECTIONS,ESP Migration Risk,ESP Geçiş Riski,
audit.section_subject,audit,SECTIONS,Subject vs Preview Trust,Konu ve Önizleme Güveni,
audit.section_spam,audit,SECTIONS,Spam Folder Rendering,Spam Klasörü Görünümü,
audit.section_validation,audit,SECTIONS,Validation Frequency,Doğrulama Sıklığı,
audit.grade_strong,audit,RESULTS,Strong Foundation,Güçlü Temel,
audit.grade_attention,audit,RESULTS,Needs Attention,Dikkat Gerektiriyor,
audit.grade_risk,audit,RESULTS,High Risk,Yüksek Risk,
audit.out_of_100,audit,RESULTS,out of 100,100 üzerinden,
audit.score_by_section,audit,RESULTS,Score by Section,Bölüme Göre Puan,
audit.next_section,audit,BUTTONS,Next Section,Sonraki Bölüm,
audit.see_results,audit,BUTTONS,See Results,Sonuçları Gör,
audit.retake,audit,BUTTONS,Retake Audit,Denetimi Tekrarla,
audit.save_title,audit,CAPTURE,Save Your Results,Sonuçlarınızı Kaydedin,
audit.send_report,audit,CAPTURE,Send My Report,Raporumu Gönder,
audit.report_sent,audit,CAPTURE,Report Sent!,Rapor Gönderildi!,
audit.save_subtitle,audit,CAPTURE,Get a detailed report emailed and optionally join our waitlist.,Ayrıntılı bir raporu e-postayla alın ve isteğe bağlı olarak bekleme listemize katılın.,
audit.capture_newsletter,audit,CAPTURE,"Monthly deliverability insights (no spam, just signal)","Aylık deliverability içgörüleri (spam yok, sadece bilgi)",
audit.capture_bonus,audit,CAPTURE,1,500 credits when we launch,Başladığımızda 1.500 kredi,
audit.capture_waitlist,audit,CAPTURE,Notify me when self-serve launches,Self-servis başladığında bana bildir,
audit.capture_contact,audit,CAPTURE,Have someone reach out to discuss my audit results (no sales pitch),Denetim sonuçlarımı tartışmak için birinin bana ulaşmasını istiyorum (satış yok),
audit.capture_skip,audit,CAPTURE,"Skip, I'll just review on screen","Atla, sadece ekranda inceleyeceğim",
audit.recommendations_title,audit,RESULTS,Action Items by Section,Bölüme Göre Eylem Öğeleri,
audit.recommendations_subtitle,audit,RESULTS,Everything flagged based on your answers. Review what applies to you:,Cevaplarınıza göre işaretlenen her şey. Sizin için geçerli olanları inceleyin:,
audit.sos_title,audit,SOS PLUG,Not Sure What Applies to You?,Sizin İçin Neyin Geçerli Olduğundan Emin Değil misiniz?,
audit.sos_desc,audit,SOS PLUG,Every business is different. What's critical for a daily sender might be irrelevant for a monthly newsletter. If you're unsure which items actually matter for your situation, talk to someone who's seen it all.,Her iş farklıdır. Günlük bir gönderici için kritik olan şey, aylık bir bülten için önemsiz olabilir. Durumunuz için hangi öğelerin gerçekten önemli olduğundan emin değilseniz, her şeyi görmüş biriyle konuşun.,
audit.sos_badge,audit,SOS PLUG,Free. No pitch. Just answers.,Ücretsiz. Satış yok. Sadece cevaplar.,
audit.sos_card_desc,audit,SOS PLUG,"The SOS Hotline connects you with YT, a deliverability specialist who's cleaned thousands of lists and diagnosed hundreds of sending problems. Ask anything.","SOS Hattı sizi binlerce listeyi temizlemiş ve yüzlerce gönderim sorununu teşhis etmiş bir teslim edilebilirlik uzmanı olan YT ile bağlar. Her şeyi sorun.",DNT SOS Hotline, YT
audit.sos_cta,audit,SOS PLUG,Talk to a Specialist,Bir Uzmanla Konuşun,
audit.sos_learn_more,audit,SOS PLUG,Learn About SOS Hotline,SOS Hattı Hakkında Bilgi Edinin,DNT SOS Hotline
audit.testimonial_quote,audit,TESTIMONIAL,Review My Emails goes beyond standard tools by identifying risky patterns others miss.,Review My Emails, başkalarının kaçırdığı riskli kalıpları belirleyerek standart araçların ötesine geçer.,DNT Review My Emails
audit.testimonial_author,audit,TESTIMONIAL,"Julia S., Italy","Julia S., İtalya",DNT
audit.get_cleaning,audit,BUTTONS,Get Expert List Cleaning,Uzman Liste Temizliği Alın,
about.email_link,about,CONTENT,Email,E-posta,
about.founder_title,about,CONTENT,"Founder, Review My Emails","Kurucu, Review My Emails",
audit.back,audit,CONTENT,Back,Geri,
audit.built_by,audit,CONTENT,Built by,Tarafından yapıldı,
audit.get_cleaned,audit,CONTENT,Get Your List Cleaned,Listenizi Temizletin,
audit.important,audit,CONTENT,Important:,Önemli:,
audit.what_cover,audit,CONTENT,What we'll cover,Neleri kapsayacağız,
contact.modal_subtitle,common,CONTACT MODAL,Tell us what you're working on. We'll get back to you within one business day.,Bize ne üzerinde çalıştığınızı söyleyin. Size bir iş günü içinde geri döneceğiz.,
contact.modal_title,common,CONTACT MODAL,Get in Touch,İletişime Geçin,
contact.submit,common,CONTACT MODAL,Send Message,Mesaj Gönder,
footer.legal,common,FOOTER,Privacy Policy · Terms,Gizlilik Politikası · Şartlar,
form.email_label,common,FORM FIELDS,Email \*,E-posta \*,
form.message_hint,common,FORM FIELDS,Optional - but helps us prepare for the conversation.,İsteğe bağlı - ancak görüşmeye hazırlanmamıza yardımcı olur.,
form.message_label,common,FORM FIELDS,Message,Mesaj,
form.message_optional_label,common,FORM FIELDS,Message (optional),Mesaj (isteğe bağlı),
form.name_label,common,FORM FIELDS,Name \*,İsim \*,
form.timezone_label,common,FORM FIELDS,Timezone (optional),Saat Dilimi (isteğe bağlı),
form.timezone_select,common,FORM FIELDS,Select your timezone,Saat diliminizi seçin,
form.timezone_select_optional,common,FORM FIELDS,Select your timezone (optional),Saat diliminizi seçin (isteğe bağlı),
form.tz_alaska,common,FORM FIELDS,Alaska Time,Alaska Saati,
form.tz_central,common,FORM FIELDS,Central Time (CT),Merkezi Saat (CT),
form.tz_cet,common,FORM FIELDS,Central European Time (CET),Orta Avrupa Saati (CET),
form.tz_eastern,common,FORM FIELDS,Eastern Time (ET),Doğu Saati (ET),
form.tz_eet,common,FORM FIELDS,Eastern European Time,Doğu Avrupa Saati,
form.tz_gmt,common,FORM FIELDS,GMT / UTC,GMT / UTC,
form.tz_gulf,common,FORM FIELDS,Gulf Standard Time,Körfez Standart Saati,
form.tz_hawaii,common,FORM FIELDS,Hawaii Time,Hawaii Saati,
form.tz_india,common,FORM FIELDS,India Standard Time,Hindistan Standart Saati,
form.tz_japan,common,FORM FIELDS,Japan Standard Time,Japonya Standart Saati,
form.tz_london,common,FORM FIELDS,London (GMT/BST),Londra (GMT/BST),
form.tz_mountain,common,FORM FIELDS,Mountain Time (MT),Dağ Saati (MT),
form.tz_nz,common,FORM FIELDS,New Zealand Time,Yeni Zelanda Saati,
form.tz_other,common,FORM FIELDS,Other,Diğer,
form.tz_pacific,common,FORM FIELDS,Pacific Time (PT),Pasifik Saati (PT),
form.tz_singapore,common,FORM FIELDS,Singapore Time,Singapur Saati,
form.tz_sydney,common,FORM FIELDS,Australian Eastern Time,Avustralya Doğu Saati,
modal.subtitle,common,CONTACT MODAL,Tell us about your situation and we'll get back to you within 24 hours.,Bize durumunuzu anlatın, 24 saat içinde size geri dönelim.,
ui.message_received,common,UI,Message Received,Mesaj Alındı,
ui.message_sent,common,UI,Message Sent!,Mesaj Gönderildi!,
ui.request_received,common,UI,Request Received,Talep Alındı,
ui.response_time,common,UI,We'll get back to you within 24-48 hours.,24-48 saat içinde size geri döneceğiz.,
ui.response_time_business,common,UI,We'll get back to you within one business day.,Bir iş günü içinde size geri döneceğiz.,
Key,Page,Section,English,Turkish,Notes
about.title,about,HERO,About,Hakkımızda,
about.subtitle,about,HERO,The person behind Review My Emails.,Review My Emails'in arkasındaki kişi.,DNT Review My Emails
about.name,about,BIO,Yanna-Torry Aspraki,Yanna-Torry Aspraki,DNT name
about.role,about,BIO,"Founder, Review My Emails","Kurucu, Review My Emails",DNT Review My Emails
about.bio_p1,about,BIO,"I started Review My Emails because I kept seeing the same problem. Marketers would run their lists through validation tools, get a clean bill of health, and then watch their deliverability tank anyway.","Review My Emails'i başlattım çünkü sürekli aynı sorunu görüyordum. Pazarlamacılar listelerini doğrulama araçlarından geçiriyor, temiz raporu alıyor, ancak yine de teslim edilebilirliklerinin çöküşünü izliyorlardı.",DNT Review My Emails
about.bio_p2,about,BIO,The tools were not lying. They just were not telling the whole story.,Araçlar yalan söylemiyordu. Sadece hikayenin tamamını anlatmıyorlardı.,
about.bio_p3,about,BIO,"Validation checks if an address exists. It does not check if sending there is safe. It does not know about complaint histories, engagement patterns, or domain-level risk signals that accumulate over time.","Doğrulama, bir adresin var olup olmadığını kontrol eder. Oraya göndermenin güvenli olup olmadığını kontrol etmez. Şikayet geçmişlerini, etkileşim kalıplarını veya zamanla biriken alan adı düzeyindeki risk sinyallerini bilmez.",
about.bio_p4,about,BIO,"I spent years in email deliverability, working with senders of all sizes. I learned that list health is not binary. An address can be technically valid and still damage your reputation. The question is not ""will this bounce?"" but ""should I send here?""","E-posta teslim edilebilirliği alanında yıllarımı harcadım, her büyüklükteki göndericiyle çalıştım. Liste sağlığının ikili (siyah/beyaz) olmadığını öğrendim. Bir adres teknik olarak geçerli olabilir ve yine de itibarınıza zarar verebilir. Soru ""bu bounce eder mi?"" değil, ""buraya göndermeli miyim?"" olmalıdır.",
about.bio_p5,about,BIO,"That is what Review My Emails answers. Every address gets labeled Keep, Monitor, or Suppress. And every label comes with the reasoning behind it. No black boxes. No guessing.","Review My Emails'in cevapladığı şey budur. Her adres Sakla, İzle veya Kaldır olarak etiketlenir. Ve her etiket arkasındaki gerekçeyle birlikte gelir. Kara kutu yok. Tahmin yok.",DNT Review My Emails, Keep, Monitor, Suppress
about.bio_p6,about,BIO,"If you have questions about your list or your deliverability, I am happy to talk. That is what the SOS Hotline is for.","Listeniz veya teslim edilebilirliğiniz hakkında sorularınız varsa, konuşmaktan mutluluk duyarım. SOS Hattı bunun için var.",DNT SOS Hotline
about.cta_title,about,CTA,Questions?,Sorular?,
about.cta_subtitle,about,CTA,Talk through your situation. No pitch. Just answers.,Durumunuzu konuşalım. Satış konuşması yok. Sadece cevaplar.,
about.cta_sos,about,CTA,Learn About SOS Hotline,SOS Hattı Hakkında Bilgi Edinin,DNT SOS Hotline
about.cta_pricing,about,CTA,See Pricing,Fiyatları Gör,
about.team_title,about,TEAM,The Team,Ekip,
about.team_subtitle,about,TEAM,Need a hand (or eight)? We have got you covered.,Bir ele (veya sekiz ele) mi ihtiyacınız var? Yanınızdayız.,
about.team_contact,about,TEAM,Get in touch:,İletişime geçin:,
about.modal_title,about,MODAL,Get in Touch,İletişime Geçin,
about.modal_subtitle,about,MODAL,Tell us what you're working on. We'll get back to you within one business day.,Bize ne üzerinde çalıştığınızı anlatın. Size bir iş günü içinde geri döneceğiz.,
about.modal_success,about,MODAL,Message Sent!,Mesaj Gönderildi!,
about.modal_close,about,MODAL,Close,Kapat,
footer.tagline,common,FOOTER,We see what algorithms can't.,Algoritmaların göremediğini görüyoruz.,
footer.services,common,FOOTER,Services,Hizmetler,
footer.company,common,FOOTER,Company,Şirket,
footer.contact,common,FOOTER,Contact,İletişim,
footer.security,common,FOOTER,Security,Güvenlik,
footer.copyright,common,FOOTER,© 2026 Review My Emails. All rights reserved.,© 2026 Review My Emails. Tüm hakları saklıdır.,DNT brand
footer.privacy,common,FOOTER,Privacy Policy,Gizlilik Politikası,
footer.terms,common,FOOTER,Terms,Şartlar,
lang.select,common,LANGUAGE,Language,Dil,
lang.current_en,common,LANGUAGE,Language: English,Dil: Türkçe,
ui.loading,common,UI,Loading...,Yükleniyor...,
ui.submit,common,UI,Submit,Gönder,
ui.cancel,common,UI,Cancel,İptal,
ui.close,common,UI,Close,Kapat,
ui.learn_more,common,UI,Learn More,Daha Fazla Bilgi,
ui.view_details,common,UI,View Details,Detayları Gör,
ui.success,common,UI,Success!,Başarılı!,
ui.error,common,UI,Something went wrong. Please try again.,Bir şeyler ters gitti. Lütfen tekrar deneyin.,
ui.required,common,UI,Required,Gerekli,
og.headline,common,OG IMAGE,Stop guessing what's wrong with your list,Listenizdeki sorunun ne olduğunu tahmin etmeyi bırakın,Main text on OG image
og.subhead,common,OG IMAGE,We find the problems tools miss,Araçların kaçırdığı sorunları buluyoruz,Secondary text
og.tagline,common,OG IMAGE,Expert Email List Cleaning,Uzman E-posta Listesi Temizliği,Bottom tagline
easter.fish_message,common,EASTER EGG,You found me! Here's 20% off your first order.,Beni buldun! İşte ilk siparişin için %20 indirim.,Optional
easter.fish_coupon,common,EASTER EGG,Coupon: DEEPDIVE20,Kupon: DEEPDIVE20,DNT coupon code
easter.exit_button,common,EASTER EGG,Return to Surface,Yüzeye Dön,
easter.hint,common,EASTER EGG,Something is swimming in the deep...,Derinlerde bir şeyler yüzüyor...,
ui.menu_open,common,UI,Open menu,Menüyü aç,Accessibility label
ui.menu_close,common,UI,Close menu,Menüyü kapat,Accessibility label
nav.home,common,NAVIGATION,Home,Anasayfa,
nav.how_it_works,common,NAVIGATION,How It Works,Nasıl Çalışır,
nav.pricing,common,NAVIGATION,Pricing,Fiyatlandırma,
nav.sos_hotline,common,NAVIGATION,SOS Hotline,SOS Hattı,DNT SOS Hotline
nav.about,common,NAVIGATION,About,Hakkımızda,
nav.partner,common,NAVIGATION,Partner,Ortaklar,
nav.quiz,common,NAVIGATION,Free Quiz,Ücretsiz Test,
nav.audit,common,NAVIGATION,Self-Audit,Öz Denetim,
nav.cta,common,NAVIGATION,Get My List Cleaned,Listemi Temizle,
audit.sos_badge,audit,SOS PLUG,Free. No pitch. Just answers.,Ücretsiz. Satış yok. Sadece cevaplar.,
audit.get_cleaning,audit,BUTTONS,Get Expert List Cleaning,Uzman Liste Temizliği Alın,
audit.what_cover,audit,CONTENT,What we'll cover,Neleri kapsayacağız,
partner.cta_title,partner,CTA,Interested?,İlgileniyor musunuz?,
partner.cta_subtitle,partner,CTA,Reach out to discuss how we can work together. No pitch deck required. Just tell us what you are trying to solve.,Birlikte nasıl çalışabileceğimizi tartışmak için iletişime geçin. Sunum dosyasına gerek yok. Sadece neyi çözmeye çalıştığınızı bize anlatın.,
partner.cta_button,partner,CTA,Email Us,Bize E-posta Gönderin,
partner.modal_title,partner,MODAL,Partner With Us,Bizimle Ortak Olun,
partner.modal_subtitle,partner,MODAL,Tell us about your business and we'll get back to you within 24 hours.,Bize işinizden bahsedin, 24 saat içinde size geri dönelim.,
partner.modal_placeholder,partner,MODAL,Tell us about your business and how you'd like to partner...,Bize işinizden ve nasıl ortak olmak istediğinizden bahsedin...,
partner.modal_button,partner,MODAL,Send Message,Mesaj Gönder,
partner.modal_success_title,partner,MODAL,Message Received,Mesaj Alındı,
partner.modal_success_text,partner,MODAL,We'll get back to you within 24 hours.,24 saat içinde size geri döneceğiz.,