Key,Page,Section,English,Vietnamese,Notes
dfy.hero_title,done-for-you,HERO,Validators check addresses. I read risk.,Công cụ kiểm tra địa chỉ. Tôi đọc vị rủi ro.,
dfy.hero_subtitle,done-for-you,HERO,"Your list isn't broken. The assumptions behind it are. I read lists the way experience taught me, not the way software defaults to.","Danh sách của bạn không hỏng. Các giả định đằng sau nó mới là vấn đề. Tôi đọc danh sách theo cách kinh nghiệm dạy tôi, không phải theo mặc định của phần mềm.",
dfy.hero_cta,done-for-you,HERO,Get My List Cleaned,Làm Sạch Danh Sách Của Tôi,
dfy.hero_cta_secondary,done-for-you,HERO,Contact Us First,Liên Hệ Chúng Tôi Trước,
dfy.output_title,done-for-you,OUTPUT,What You Get Back,Những Gì Bạn Nhận Được,
dfy.output_subtitle,done-for-you,OUTPUT,"Your list sorted into three buckets, with the labels and reasoning behind each decision.","Danh sách của bạn được phân loại thành ba nhóm, với nhãn và lý do đằng sau mỗi quyết định.",
dfy.output_safe,done-for-you,OUTPUT,Safe to Mail,An Toàn Để Gửi (Safe),
dfy.output_safe_desc,done-for-you,OUTPUT,"No flags found. Domain checks out, validation passed, no risk signals. These are clear to send.","Không tìm thấy cờ cảnh báo. Tên miền hợp lệ, validation thông qua, không có tín hiệu rủi ro. Những địa chỉ này an toàn để gửi.",
dfy.output_yellow,done-for-you,OUTPUT,Yellow Flags,Cờ Vàng (Yellow Flags),
dfy.output_yellow_desc,done-for-you,OUTPUT,Each address comes with specific labels explaining why it landed here. Context matters. How you segment and send to these decides the outcome.,Mỗi địa chỉ đi kèm với nhãn cụ thể giải thích tại sao nó ở đây. Ngữ cảnh rất quan trọng. Cách bạn phân khúc và gửi đến nhóm này sẽ quyết định kết quả.,
dfy.output_donotmail,done-for-you,OUTPUT,Do Not Mail,Không Gửi (Do Not Mail),
dfy.output_donotmail_desc,done-for-you,OUTPUT,"Each address comes with specific labels explaining why. Invalid, trap-likely, disposable, or other risk signals. Don't send here.","Mỗi địa chỉ có nhãn giải thích lý do. Không hợp lệ (Invalid), có thể là bẫy (Trap), dùng một lần (Disposable) hoặc các tín hiệu rủi ro khác. Đừng gửi đến đây.",
dfy.output_note,done-for-you,OUTPUT,You also get the validation and DNS data that informed each decision. Not just buckets. The full picture.,Bạn cũng nhận được dữ liệu validation và DNS đã cung cấp thông tin cho mỗi quyết định. Không chỉ là các nhóm phân loại. Mà là bức tranh toàn cảnh.,
dfy.howread_title,done-for-you,HOW I READ,How I Read Your List,Cách Tôi Đọc Danh Sách Của Bạn,
dfy.howread_beyond,done-for-you,HOW I READ,I Look Beyond the Address,Tôi Nhìn Xa Hơn Địa Chỉ Email,
dfy.howread_beyond_desc,done-for-you,HOW I READ,"Domain behavior, history, and patterns across your entire list. Context, not just existence. An address that ""works"" can still be dangerous.","Hành vi tên miền, lịch sử và các mô hình trên toàn bộ danh sách của bạn. Ngữ cảnh, không chỉ là sự tồn tại. Một địa chỉ ""hoạt động"" vẫn có thể nguy hiểm.",
dfy.howread_miss,done-for-you,HOW I READ,I Check What Others Miss,Tôi Kiểm Tra Những Gì Người Khác Bỏ Sót,
dfy.howread_miss_desc,done-for-you,HOW I READ,"Traps, role accounts, toxic domains, disposable patterns. The things that don't bounce but still hurt you. I've learned what to look for.","Bẫy (Traps), tài khoản chức năng (Role accounts), tên miền độc hại, mô hình email dùng một lần. Những thứ không bị trả lại (bounce) nhưng vẫn làm hại bạn. Tôi biết cần tìm gì.",
dfy.howread_reasoning,done-for-you,HOW I READ,I Explain My Reasoning,Tôi Giải Thích Lý Do Của Mình,
dfy.howread_reasoning_desc,done-for-you,HOW I READ,"Not just labels. You get the thinking behind each decision so you understand why, and can make smarter calls next time.","Không chỉ là nhãn dán. Bạn nhận được tư duy đằng sau mỗi quyết định để hiểu tại sao, và có thể đưa ra quyết định thông minh hơn vào lần tới.",
dfy.process_title,done-for-you,PROCESS,How It Works,Cách Thức Hoạt Động,
dfy.process_subtitle,done-for-you,PROCESS,Simple process. Expert execution.,Quy trình đơn giản. Thực thi bởi chuyên gia.,
dfy.step1_title,done-for-you,PROCESS,Send Us Your List,Gửi Danh Sách Của Bạn,
dfy.step2_title,done-for-you,PROCESS,I Read Your List,Tôi Đọc Danh Sách Của Bạn,
dfy.step3_title,done-for-you,PROCESS,Get Labeled Results Back,Nhận Kết Quả Đã Dán Nhãn,
dfy.step4_title,done-for-you,PROCESS,Optional: Book a Walkthrough Call,Tùy Chọn: Đặt Lịch Gọi Giải Thích,
dfy.consult_title,done-for-you,CONSULTATION,Not Sure What You Need?,Chưa Chắc Bạn Cần Gì?,
dfy.consult_card,done-for-you,CONSULTATION,1:1 Call with YT,Cuộc Gọi 1:1 Với YT,DNT YT
dfy.consult_cta,done-for-you,CONSULTATION,Book a Free Consultation,Đặt Lịch Tư Vấn Miễn Phí,
dfy.whofor_title,done-for-you,WHO FOR,Who This Is For,Dịch Vụ Này Dành Cho Ai,
dfy.whofor_yes,done-for-you,WHO FOR,This Is For You If,Dành Cho Bạn Nếu,
dfy.whofor_no,done-for-you,WHO FOR,Not For You If,Không Dành Cho Bạn Nếu,
dfy.whofor_partner,done-for-you,WHO FOR,Connect With a Partner,Kết Nối Với Đối Tác,
dfy.pricing_title,done-for-you,PRICING,Pricing,Giá Cả,
dfy.notsure_title,done-for-you,PRICING,Not Sure Yet?,Vẫn Chưa Chắc Chắn?,
dfy.notsure_cta,done-for-you,PRICING,Learn About SOS Hotline,Tìm Hiểu Về SOS Hotline,DNT SOS Hotline
dfy.cta_title,done-for-you,CTA,Ready to Know What's Actually In Your List?,Sẵn Sàng Biết Thực Sự Có Gì Trong Danh Sách Của Bạn?,
dfy.cta_subtitle,done-for-you,CTA,"Send it over. I'll tell you what to keep, what to watch, and what to never send to again. With the reasoning behind every call.","Gửi nó qua đây. Tôi sẽ cho bạn biết giữ cái nào, theo dõi cái nào và không bao giờ gửi lại cho cái nào. Với lý do đằng sau mọi quyết định.",
dfy.cta_footer,done-for-you,CTA,Most lists returned within 24-48 hours.,Hầu hết danh sách được trả lại trong vòng 24-48 giờ.,
dfy.label_keep,done-for-you,OUTPUT,Keep,Giữ (Keep),DNT Keep
dfy.label_monitor,done-for-you,OUTPUT,Monitor,Theo Dõi (Monitor),DNT Monitor
dfy.label_suppress,done-for-you,OUTPUT,Suppress,Chặn (Suppress),DNT Suppress
dfy.step1_desc,done-for-you,PROCESS,"CSV, Excel, whatever you have. We have seen it all. No judgment, no questions.","CSV, Excel, bất cứ định dạng nào bạn có. Chúng tôi đã thấy tất cả. Không phán xét, không thắc mắc.",
dfy.step2_desc,done-for-you,PROCESS,"Every address gets examined. Domain patterns, history, risk signals. The full picture, not just a validity check.","Mọi địa chỉ đều được kiểm tra. Mô hình tên miền, lịch sử, tín hiệu rủi ro. Bức tranh toàn cảnh, không chỉ là kiểm tra tính hợp lệ.",
dfy.step3_desc,done-for-you,PROCESS,"Keep, Monitor, or Suppress. With the specific reasons behind each decision. You will know what to do and why.","Giữ, Theo dõi, hoặc Chặn. Với lý do cụ thể đằng sau mỗi quyết định. Bạn sẽ biết phải làm gì và tại sao.",
dfy.step4_desc,done-for-you,PROCESS,Talk through the results with me. Understand what we found and plan your next steps.,Thảo luận kết quả với tôi. Hiểu những gì chúng tôi tìm thấy và lên kế hoạch cho các bước tiếp theo.,
dfy.consult_subtitle,done-for-you,CONSULTATION,No pressure, no pitch. Let's talk through your situation and figure out if list cleaning is even the right move.,Không áp lực, không chào hàng. Hãy nói về tình huống của bạn và xem liệu làm sạch danh sách có phải là bước đi đúng đắn không.,
dfy.consult_badge,done-for-you,CONSULTATION,First Free Consultation,Tư Vấn Miễn Phí Lần Đầu,
dfy.consult_card_desc,done-for-you,CONSULTATION,Tell me what's going on with your list, your sending, your concerns. I'll give you my honest take on what you actually need—even if it's not me.,Kể cho tôi nghe chuyện gì đang xảy ra với danh sách, việc gửi email, những lo lắng của bạn. Tôi sẽ đưa ra nhận định trung thực về những gì bạn thực sự cần—ngay cả khi đó không phải là tôi.,
dfy.consult_duration,done-for-you,CONSULTATION,15-30 minutes. No commitment required.,15-30 phút. Không yêu cầu cam kết.,
dfy.consult_topics_label,done-for-you,CONSULTATION,We can discuss,Chúng ta có thể thảo luận,
dfy.consult_topic1,done-for-you,CONSULTATION,Whether list cleaning makes sense for your situation,Liệu làm sạch danh sách có hợp lý cho tình huống của bạn không,
dfy.consult_topic2,done-for-you,CONSULTATION,What's likely causing your deliverability issues,Điều gì có khả năng gây ra vấn đề deliverability của bạn,
dfy.consult_topic3,done-for-you,CONSULTATION,Which service level fits your needs,Cấp độ dịch vụ nào phù hợp với nhu cầu của bạn,
dfy.consult_topic4,done-for-you,CONSULTATION,Timeline and turnaround expectations,Kỳ vọng về thời gian và tiến độ,
dfy.consult_topic5,done-for-you,CONSULTATION,Questions about the process,Các câu hỏi về quy trình,
dfy.whofor_yes1,done-for-you,WHO FOR,Running campaigns but seeing declining engagement,Đang chạy chiến dịch nhưng thấy tương tác giảm sút,
dfy.whofor_yes2,done-for-you,WHO FOR,"Worried about bounces, complaints, or blocklists",Lo lắng về tỷ lệ bounce, khiếu nại hoặc blocklist,
dfy.whofor_yes3,done-for-you,WHO FOR,Inheriting a list you did not build,Thừa hưởng một danh sách mà bạn không tự xây dựng,
dfy.whofor_yes4,done-for-you,WHO FOR,"Under pressure to ""just send"" but sensing risk","Bị áp lực phải ""cứ gửi đi"" nhưng cảm thấy rủi ro",
dfy.whofor_yes5,done-for-you,WHO FOR,Trying to explain deliverability risks internally,Cố gắng giải thích rủi ro deliverability trong nội bộ,
dfy.whofor_no1,done-for-you,WHO FOR,You want someone to write or send campaigns for you,Bạn muốn ai đó viết hoặc gửi chiến dịch thay bạn,
dfy.whofor_no2,done-for-you,WHO FOR,You need ESP migration or setup help,Bạn cần giúp đỡ di chuyển hoặc thiết lập ESP,DNT ESP
dfy.whofor_no3,done-for-you,WHO FOR,You want ongoing managed services,Bạn muốn dịch vụ quản lý liên tục,
dfy.whofor_no4,done-for-you,WHO FOR,You need content or design work,Bạn cần công việc nội dung hoặc thiết kế,
dfy.testimonial_quote,done-for-you,TESTIMONIAL,The SOS Hotline gave me extremely helpful guidance. Yanna-Torry cleaned our list and supported us beyond the call.,SOS Hotline đã cho tôi hướng dẫn cực kỳ hữu ích. Yanna-Torry đã làm sạch danh sách của chúng tôi và hỗ trợ chúng tôi vượt quá mong đợi.,DNT SOS Hotline, Yanna-Torry
dfy.testimonial_author,done-for-you,TESTIMONIAL,"Megan S, UK","Megan S, Anh",DNT
dfy.pricing_subtitle,done-for-you,PRICING,"Volume pricing: buy more credits, pay less per credit. No contracts, no tricks.","Giá theo số lượng: mua nhiều credits hơn, trả ít hơn trên mỗi credit. Không hợp đồng, không mánh khóe.",
dfy.pricing_contact,done-for-you,PRICING,Questions first?,Có câu hỏi trước?,
dfy.pricing_just_ask,done-for-you,PRICING,Just ask,Cứ hỏi thôi,
dfy.notsure_desc,done-for-you,PRICING,Have a question before committing? Use the SOS Hotline. It is free. No sales pitch. Just honest answers.,Có câu hỏi trước khi cam kết? Sử dụng SOS Hotline. Nó miễn phí. Không chào hàng. Chỉ có câu trả lời trung thực.,DNT SOS Hotline
partner.title,partner,HERO,Partner With Us,Hợp Tác Với Chúng Tôi,
partner.subtitle,partner,HERO,Work with Review My Emails to help your clients protect their sender reputation.,Làm việc với Review My Emails để giúp khách hàng của bạn bảo vệ danh tiếng người gửi.,DNT Review My Emails
partner.types_title,partner,TYPES,Who We Work With,Chúng Tôi Làm Việc Với Ai,
partner.esp_title,partner,TYPES,Email Service Providers,Nhà Cung Cấp Dịch Vụ Email (ESP),
partner.esp_desc,partner,TYPES,Help your customers maintain clean lists. Reduce complaints and bounces before they hurt your shared infrastructure.,Giúp khách hàng của bạn duy trì danh sách sạch. Giảm khiếu nại và bounce trước khi chúng làm hại hạ tầng chung của bạn.,
partner.agency_title,partner,TYPES,Marketing Agencies,Agency Tiếp Thị,
partner.agency_desc,partner,TYPES,Offer list hygiene as part of your email marketing services. Give clients clear recommendations, not just validation scores.,Cung cấp vệ sinh danh sách như một phần dịch vụ tiếp thị email của bạn. Đưa ra khuyến nghị rõ ràng cho khách hàng, không chỉ là điểm số validation.,
partner.consultant_title,partner,TYPES,Deliverability Consultants,Chuyên Gia Tư Vấn Deliverability,
partner.consultant_desc,partner,TYPES,Add list interpretation to your toolkit. Get detailed analysis you can use in client reports and remediation plans.,Thêm diễn giải danh sách vào bộ công cụ của bạn. Nhận phân tích chi tiết bạn có thể sử dụng trong báo cáo khách hàng và kế hoạch khắc phục.,
partner.data_title,partner,TYPES,Data Providers,Nhà Cung Cấp Dữ Liệu,
partner.data_desc,partner,TYPES,Validate the quality of email data before it reaches your customers. Reduce complaints and build trust.,Xác thực chất lượng dữ liệu email trước khi nó đến tay khách hàng của bạn. Giảm khiếu nại và xây dựng lòng tin.,
partner.cta_title,partner,CTA,Interested?,Quan Tâm?,
partner.cta_subtitle,partner,CTA,Reach out to discuss how we can work together. No pitch deck required. Just tell us what you are trying to solve.,Liên hệ để thảo luận cách chúng ta có thể làm việc cùng nhau. Không cần pitch deck. Chỉ cần cho chúng tôi biết bạn đang cố gắng giải quyết vấn đề gì.,
partner.cta_button,partner,CTA,Email Us,Gửi Email Cho Chúng Tôi,
partner.modal_title,partner,MODAL,Partner With Us,Hợp Tác Với Chúng Tôi,
partner.modal_subtitle,partner,MODAL,Tell us about your business and we'll get back to you within 24 hours.,Kể cho chúng tôi về doanh nghiệp của bạn và chúng tôi sẽ phản hồi trong vòng 24 giờ.,
partner.modal_placeholder,partner,MODAL,Tell us about your business and how you'd like to partner...,Kể cho chúng tôi về doanh nghiệp của bạn và cách bạn muốn hợp tác...,
partner.modal_button,partner,MODAL,Send Message,Gửi Tin Nhắn,
partner.modal_success_title,partner,MODAL,Message Received,Đã Nhận Tin Nhắn,
partner.modal_success_text,partner,MODAL,We'll get back to you within 24 hours.,Chúng tôi sẽ phản hồi trong vòng 24 giờ.,
pricing.hero_title,pricing,HERO,Beyond Validation. We Tell You What Your List Means.,Hơn Cả Validation. Chúng Tôi Cho Biết Ý Nghĩa Danh Sách Của Bạn.,
pricing.hero_subtitle,pricing,HERO,"Not just pass/fail. Every address comes with reasoning so you know what to keep, what to monitor, and what to suppress.","Không chỉ là đạt/không đạt. Mỗi địa chỉ đi kèm lý do để bạn biết cái nào cần giữ, cái nào cần theo dõi và cái nào cần loại bỏ (suppress).",
pricing.output_title,pricing,OUTPUT,What You Get,Những Gì Bạn Nhận Được,
pricing.output_cleared,pricing,OUTPUT,Cleared After Full Review,Được Chấp Nhận Sau Khi Đánh Giá Kỹ,
pricing.output_patterns,pricing,OUTPUT,Patterns Worth Watching,Các Mô Hình Cần Theo Dõi,
pricing.output_risk,pricing,OUTPUT,"Clear Risk, Clear Reasoning",Rủi Ro Rõ Ràng, Lý Do Cụ Thể,
pricing.whofor_title,pricing,WHO FOR,Who This Is For,Dịch Vụ Này Dành Cho Ai,
pricing.problem_title,pricing,PROBLEM,The Problem,Vấn Đề,
pricing.value_title,pricing,VALUE,What You Are Actually Paying For,Bạn Thực Sự Đang Trả Tiền Cho Điều Gì,
pricing.options_title,pricing,OPTIONS,Service Options,Các Gói Dịch Vụ,
pricing.sos_title,pricing,OPTIONS,SOS Hotline,SOS Hotline,DNT SOS Hotline
pricing.dfy_title,pricing,OPTIONS,Done-For-You,Dịch Vụ Trọn Gói (Done-For-You),
pricing.selfserve_title,pricing,OPTIONS,Self-Serve,Tự Phục Vụ (Self-Serve),
pricing.coming_soon,pricing,OPTIONS,Coming Soon,Sắp Ra Mắt,
pricing.calculator_title,pricing,CALCULATOR,Pricing Calculator,Công Cụ Tính Giá,
pricing.calculate_price,pricing,CALCULATOR,Calculate Your Price,Tính Giá Của Bạn,
pricing.get_started,pricing,CALCULATOR,Get Started,Bắt Đầu Ngay,
pricing.sos_section_title,pricing,SOS SECTION,SOS Email Hotline,Đường Dây Nóng SOS Email,DNT SOS
pricing.sos_free_help,pricing,SOS SECTION,Free Email Help,Hỗ Trợ Email Miễn Phí,
pricing.sos_learn_more,pricing,SOS SECTION,Learn More About SOS Hotline,Tìm Hiểu Thêm Về SOS Hotline,DNT SOS Hotline
pricing.cta_title,pricing,CTA,Ready to Clean Your List?,Sẵn Sàng Làm Sạch Danh Sách?,
pricing.cta_getstarted,pricing,CTA,Get My List Cleaned,Làm Sạch Danh Sách Của Tôi,
pricing.cta_waitlist,pricing,CTA,Join the Waitlist,Tham Gia Danh Sách Chờ,
pricing.cta_freehelp,pricing,CTA,Get Free Help,Nhận Trợ Giúp Miễn Phí,
pricing.faq_title,pricing,FAQ,Questions?,Câu Hỏi?,
pricing.output_subtitle,pricing,OUTPUT,A cleaned list with clear recommendations.,Một danh sách sạch với các khuyến nghị rõ ràng.,
pricing.output_cleared_desc,pricing,OUTPUT,No risk patterns surfaced during review. Domain behavior and historical signals support continued sending.,Không phát hiện mô hình rủi ro khi đánh giá. Hành vi tên miền và tín hiệu lịch sử ủng hộ việc tiếp tục gửi.,
pricing.output_patterns_desc,pricing,OUTPUT,These require judgment. We surface historical patterns and relationship context. You decide how to segment based on your tolerance and goals.,Những cái này cần sự phán đoán. Chúng tôi đưa ra các mô hình lịch sử và ngữ cảnh mối quan hệ. Bạn quyết định cách phân khúc dựa trên mức độ chấp nhận rủi ro và mục tiêu của mình.,
pricing.output_risk_desc,pricing,OUTPUT,Clear risk signals: known problem domains, disposable patterns, historical trap indicators. Each address includes the specific flags that earned suppression. You will know exactly why.,Tín hiệu rủi ro rõ ràng: tên miền có vấn đề đã biết, mô hình email dùng một lần, chỉ số bẫy (trap) trong lịch sử. Mỗi địa chỉ bao gồm các cờ cụ thể dẫn đến việc loại bỏ. Bạn sẽ biết chính xác tại sao.,
pricing.output_note,pricing,OUTPUT,Every decision comes with the reasoning behind it. This is not a pass/fail list. It is a decision-making tool built on historical domain behavior and pattern recognition.,Mọi quyết định đều đi kèm lý do. Đây không phải là danh sách đạt/không đạt. Đây là công cụ ra quyết định dựa trên hành vi tên miền lịch sử và nhận dạng mô hình.,
pricing.whofor_subtitle,pricing,WHO FOR,Marketers who already send email and want to protect their sender reputation.,Các marketer đã gửi email và muốn bảo vệ danh tiếng người gửi (sender reputation) của họ.,
pricing.whofor_note,pricing,WHO FOR,"If you care about long-term reputation, not just short-term volume, this is for you.","Nếu bạn quan tâm đến danh tiếng lâu dài, không chỉ là số lượng ngắn hạn, thì đây là dành cho bạn.",
pricing.whofor_item1,pricing,WHO FOR,Running campaigns but seeing declining engagement,Đang chạy chiến dịch nhưng thấy tương tác giảm sút,
pricing.whofor_item2,pricing,WHO FOR,"Worried about bounces, complaints, or blocklists",Lo lắng về tỷ lệ bounce, khiếu nại hoặc blocklist,
pricing.whofor_item3,pricing,WHO FOR,Inheriting a list you did not build,Thừa hưởng một danh sách mà bạn không tự xây dựng,
pricing.whofor_item4,pricing,WHO FOR,"Under pressure to ""just send"" but sensing risk","Bị áp lực phải ""cứ gửi đi"" nhưng cảm thấy rủi ro",
pricing.whofor_item5,pricing,WHO FOR,Trying to explain deliverability to a boss who does not get it,Cố gắng giải thích về deliverability cho sếp không hiểu về nó,
pricing.badge_deliverable,pricing,PROBLEM,Deliverable,Gửi Được,
pricing.badge_undeliverable,pricing,PROBLEM,Undeliverable,Không Gửi Được,
pricing.badge_risky,pricing,PROBLEM,Risky,Rủi Ro,
pricing.badge_unknown,pricing,PROBLEM,Unknown,Không Xác Định,
pricing.problem_intro,pricing,PROBLEM,Most list cleaning tools give you a status and leave you guessing. That tells you what to remove. It does not tell you what is actually wrong.,Hầu hết các công cụ làm sạch danh sách chỉ đưa ra trạng thái và để bạn tự đoán. Nó cho bạn biết cần xóa gì, nhưng không cho bạn biết thực sự có vấn đề gì.,
pricing.problem_q1,pricing,PROBLEM,Why is engagement dropping?,Tại sao tương tác giảm?,
pricing.problem_q2,pricing,PROBLEM,Why are complaints rising?,Tại sao khiếu nại tăng?,
pricing.problem_q3,pricing,PROBLEM,"Is it the list, the sending, or both?","Do danh sách, do cách gửi, hay cả hai?",
pricing.problem_q4,pricing,PROBLEM,Which addresses are actually hurting me?,Những địa chỉ nào thực sự đang làm hại tôi?,
pricing.problem_q5,pricing,PROBLEM,What patterns should I watch for?,Tôi nên theo dõi những mô hình nào?,
pricing.problem_q6,pricing,PROBLEM,What should I do about the ""risky"" ones?,Tôi nên làm gì với những cái ""rủi ro""?,
pricing.problem_footer,pricing,PROBLEM,We give you the context to answer those questions.,Chúng tôi cung cấp ngữ cảnh để bạn trả lời những câu hỏi đó.,
pricing.value_subtitle,pricing,VALUE,The difference between checking and interpreting.,Sự khác biệt giữa kiểm tra và diễn giải.,
pricing.comp_them1,pricing,VALUE,Validators check if an inbox exists.,Các Validator kiểm tra xem inbox có tồn tại không.,
pricing.comp_us1,pricing,VALUE,We assess whether sending there is safe.,Chúng tôi đánh giá xem gửi đến đó có an toàn không.,
pricing.comp_them2,pricing,VALUE,Validators give you a status.,Các Validator cho bạn một trạng thái.,
pricing.comp_us2,pricing,VALUE,We give you the reasoning behind a decision.,Chúng tôi đưa ra lý do đằng sau quyết định.,
pricing.comp_them3,pricing,VALUE,Validators flag what bounces.,Các Validator gắn cờ những gì bị bounce.,
pricing.comp_us3,pricing,VALUE,We flag what damages your reputation without bouncing.,Chúng tôi gắn cờ những gì làm hại danh tiếng của bạn mà không cần bị bounce.,
pricing.comp_them4,pricing,VALUE,Validators process volume.,Các Validator xử lý số lượng lớn.,
pricing.comp_us4,pricing,VALUE,We interpret patterns across your entire list.,Chúng tôi diễn giải các mô hình trên toàn bộ danh sách của bạn.,
pricing.comp_them5,pricing,VALUE,Validators leave you guessing.,Các Validator để bạn tự đoán.,
pricing.comp_us5,pricing,VALUE,We tell you what to do and why.,Chúng tôi cho bạn biết cần làm gì và tại sao.,
pricing.badge_guidance,pricing,OPTIONS,Guidance,Hướng Dẫn,
pricing.badge_execution,pricing,OPTIONS,Execution,Thực Thi,
pricing.badge_automation,pricing,OPTIONS,Automation,Tự Động Hóa,
pricing.sos_desc,pricing,OPTIONS,Free expert support for deliverability questions. No data touched. No list processed. Just honest answers.,Hỗ trợ chuyên gia miễn phí cho các câu hỏi về deliverability. Không đụng đến dữ liệu. Không xử lý danh sách. Chỉ có câu trả lời trung thực.,
pricing.sos_status,pricing,OPTIONS,Use it before, during, or after cleaning to understand your situation.,Sử dụng trước, trong hoặc sau khi làm sạch để hiểu tình trạng của bạn.,
pricing.learn_more,pricing,OPTIONS,Learn more →,Tìm hiểu thêm →,
pricing.dfy_desc,pricing,OPTIONS,"Send us your list. We process it, label every address, and return results with clear reasoning.","Gửi danh sách cho chúng tôi. Chúng tôi xử lý, dán nhãn từng địa chỉ và trả về kết quả với lý do rõ ràng.",
pricing.dfy_status,pricing,OPTIONS,You get the decisions made for you. Available now.,Chúng tôi đưa ra quyết định thay bạn. Có sẵn ngay bây giờ.,
pricing.get_started_arrow,pricing,OPTIONS,Get started →,Bắt đầu →,
pricing.selfserve_desc,pricing,OPTIONS,"Upload your list. Download results. Same methodology as done-for-you, but you run it yourself.","Tải lên danh sách. Tải xuống kết quả. Cùng phương pháp luận như dịch vụ trọn gói, nhưng bạn tự chạy.",
pricing.selfserve_status,pricing,OPTIONS,Coming soon. Join the waitlist to get notified.,Sắp ra mắt. Tham gia danh sách chờ để nhận thông báo.,
pricing.join_waitlist,pricing,OPTIONS,Join Waitlist,Tham Gia Danh Sách Chờ,
pricing.newsletter_checkbox,pricing,OPTIONS,"Monthly deliverability insights (no spam, just signal)","Thông tin chi tiết về deliverability hàng tháng (không spam, chỉ có kiến thức hữu ích)",
pricing.free_credits,pricing,OPTIONS,+1,500 free credits,+1,500 credits miễn phí,
pricing.waitlist_success,pricing,OPTIONS,You're on the list! We'll notify you when self-serve launches.,Bạn đã có tên trong danh sách! Chúng tôi sẽ thông báo khi dịch vụ tự phục vụ ra mắt.,
pricing.options_note,pricing,OPTIONS,SOS tells you what to think about. Done-for-you does the thinking for you. Self-serve lets you do the thinking yourself.,SOS cho bạn biết cần nghĩ về điều gì. Dịch vụ trọn gói suy nghĩ thay bạn. Tự phục vụ để bạn tự suy nghĩ.,
pricing.calculator_subtitle,pricing,CALCULATOR,Pay only for what you need. Credits never expire.,Chỉ trả tiền cho những gì bạn cần. Credits không bao giờ hết hạn.,
pricing.calculator_intro,pricing,CALCULATOR,Simple. More volume, lower rate.,Đơn giản. Số lượng càng nhiều, giá càng thấp.,
pricing.how_many_emails,pricing,CALCULATOR,How many emails?,Bao nhiêu email?,
pricing.emails_unit,pricing,CALCULATOR,emails,email,
pricing.price_per_email,pricing,CALCULATOR,Price per email,Giá mỗi email,
pricing.total,pricing,CALCULATOR,Total,Tổng cộng,
pricing.calculator_note,pricing,CALCULATOR,Need more than 1 million?,Cần hơn 1 triệu?,
pricing.contact_us,pricing,CALCULATOR,Contact us,Liên hệ chúng tôi,
pricing.custom_pricing,pricing,CALCULATOR,for custom pricing.,để có báo giá tùy chỉnh.,
pricing.volume_pricing,pricing,CALCULATOR,Volume Pricing,Giá Theo Số Lượng,
pricing.list_size,pricing,CALCULATOR,List Size,Kích Thước Danh Sách,
pricing.per_email,pricing,CALCULATOR,Per Email,Mỗi Email,
pricing.sos_section_intro,pricing,SOS SECTION,Free email support for any email-related question.,Hỗ trợ email miễn phí cho bất kỳ câu hỏi nào liên quan đến email.,
pricing.sos_card_desc,pricing,SOS SECTION,Ask any email question. Get a real answer from a real expert. No sales pitch, no strings attached.,Hỏi bất kỳ câu hỏi nào về email. Nhận câu trả lời thực tế từ chuyên gia thực thụ. Không chào hàng, không ràng buộc.,
pricing.sos_duration,pricing,SOS SECTION,Response within 48 hours. Usually faster.,Phản hồi trong vòng 48 giờ. Thường nhanh hơn.,
pricing.cta_subtitle,pricing,CTA,Choose what works for you.,Chọn những gì phù hợp với bạn.,
pricing.cta_getstarted_desc,pricing,CTA,Done-for-you service. Send your list, get results.,Dịch vụ trọn gói. Gửi danh sách, nhận kết quả.,
pricing.cta_waitlist_desc,pricing,CTA,Be first to access self-serve when it launches.,Là người đầu tiên truy cập dịch vụ tự phục vụ khi ra mắt.,
pricing.cta_freehelp_desc,pricing,CTA,Email our SOS hotline with your questions.,Gửi câu hỏi của bạn đến đường dây nóng SOS.,
pricing.learn_more_btn,pricing,CTA,Learn More,Tìm Hiểu Thêm,
pricing.send_message,pricing,FAQ,Send us a message,Gửi tin nhắn cho chúng tôi,
pricing.response_time,pricing,FAQ,We respond within 48 hours. Usually faster.,Chúng tôi phản hồi trong vòng 48 giờ. Thường nhanh hơn.,
quiz.title,quiz,INTRO,Is Your List Safe?,Danh Sách Của Bạn Có An Toàn Không?,
quiz.result_noconsent_headline,quiz,RESULTS,We can absolutely help clean your list.,Chúng tôi hoàn toàn có thể giúp làm sạch danh sách của bạn.,
quiz.result_crisis_headline,quiz,RESULTS,You need triage, not just cleaning.,Bạn cần cấp cứu, không chỉ là làm sạch.,
quiz.result_toolfailure_headline,quiz,RESULTS,Your validation tool missed something.,Công cụ validation của bạn đã bỏ sót điều gì đó.,
quiz.result_directlink,quiz,RESULTS,Ready to go?,Sẵn sàng chưa?,
quiz.result_directlink_cta,quiz,RESULTS,Get My List Cleaned →,Làm Sạch Danh Sách Của Tôi →,
quiz.capture_title,quiz,CAPTURE,Save your diagnosis,Lưu kết quả chẩn đoán của bạn,
quiz.capture_subtitle,quiz,CAPTURE,Get your results emailed and optionally join our waitlist for self-serve tools.,Nhận kết quả qua email và tùy chọn tham gia danh sách chờ cho công cụ tự phục vụ.,
quiz.capture_newsletter,quiz,CAPTURE,"Monthly deliverability insights (no spam, just signal)","Thông tin chi tiết về deliverability hàng tháng (không spam, chỉ có kiến thức hữu ích)",
quiz.capture_bonus,quiz,CAPTURE,1,500 credits when we launch,1,500 credits khi chúng tôi ra mắt,
quiz.capture_submit,quiz,CAPTURE,Send My Results,Gửi Kết Quả Cho Tôi,
quiz.capture_skip,quiz,CAPTURE,Skip,Bỏ Qua,
quiz.capture_waitlist,quiz,CAPTURE,Notify me when self-serve launches,Thông báo cho tôi khi dịch vụ tự phục vụ ra mắt,
quiz.capture_contact,quiz,CAPTURE,Have someone reach out to discuss my situation (no sales pitch),Có người liên hệ để thảo luận về tình hình của tôi (không chào hàng),
quiz.step_indicator,quiz,INTRO,Question {n} of {total},Câu hỏi {n} trên {total},Use {n} and {total} as placeholders
quiz.q1,quiz,QUESTIONS,How did the majority of these emails get on your list?,Đa số các email này vào danh sách của bạn bằng cách nào?,
quiz.q1_a1,quiz,QUESTIONS,They filled out a form on my website or app,Họ điền vào biểu mẫu trên website hoặc ứng dụng của tôi,
quiz.q1_a2,quiz,QUESTIONS,"Purchased, scraped, or cold outreach (no opt-in)","Mua, quét (scrape), hoặc tiếp cận lạnh (không có sự đồng ý)",
quiz.q1_a3,quiz,QUESTIONS,Mixed sources / I inherited this list,Nguồn hỗn hợp / Tôi được thừa hưởng danh sách này,
quiz.q2,quiz,QUESTIONS,Is your sending domain authenticated with DMARC?,Tên miền gửi của bạn có được xác thực bằng DMARC không?,DNT DMARC
quiz.q2_a1,quiz,QUESTIONS,"Yes, DMARC is set to Reject or Quarantine","Có, DMARC được đặt là Reject hoặc Quarantine",DNT DMARC, Reject, Quarantine
quiz.q2_a2,quiz,QUESTIONS,"I think so, but I'm not sure of the settings","Tôi nghĩ vậy, nhưng không chắc về cài đặt",
quiz.q2_a3,quiz,QUESTIONS,No / What is DMARC?,Không / DMARC là gì?,DNT DMARC
quiz.q3,quiz,QUESTIONS,Have you run this list through a validation tool?,Bạn đã chạy danh sách này qua công cụ validation chưa?,
quiz.q3_a1,quiz,QUESTIONS,No, never / Not in the last 6 months,Không, chưa bao giờ / Không trong 6 tháng qua,
quiz.q3_a2,quiz,QUESTIONS,Yes, it said ""Valid"" but I'm still seeing issues,Rồi, nó báo ""Valid"" nhưng tôi vẫn thấy vấn đề,
quiz.q3_a3,quiz,QUESTIONS,Yes, it flagged a lot as ""Unknown"" or ""Catch-All"",Rồi, nó gắn cờ rất nhiều là ""Unknown"" hoặc ""Catch-All"",
quiz.q3_a4,quiz,QUESTIONS,Yes, and everything seems fine,Rồi, và mọi thứ có vẻ ổn,
quiz.q4,quiz,QUESTIONS,What brought you here today?,Điều gì đưa bạn đến đây hôm nay?,
quiz.q4_a1,quiz,QUESTIONS,Open rates are slowly dropping over time,Tỷ lệ mở đang giảm dần theo thời gian,
quiz.q4_a2,quiz,QUESTIONS,ESP warning or suspension,Cảnh báo hoặc đình chỉ từ ESP,DNT ESP
quiz.q4_a3,quiz,QUESTIONS,I want to be safe before a big send,Tôi muốn an toàn trước một đợt gửi lớn,
quiz.q4_a4,quiz,QUESTIONS,Tools give conflicting answers,Các công cụ đưa ra câu trả lời mâu thuẫn,
quiz.loading_main,quiz,LOADING,Analyzing your responses...,Đang phân tích câu trả lời của bạn...,
quiz.loading_sub,quiz,LOADING,Comparing against common patterns,Đang so sánh với các mô hình phổ biến,
quiz.loading_checking,quiz,LOADING,Checking risk indicators...,Đang kiểm tra các chỉ số rủi ro...,
quiz.loading_matching,quiz,LOADING,Matching against known patterns,Đang đối chiếu với các mô hình đã biết,
quiz.loading_preparing,quiz,LOADING,Preparing your diagnosis...,Đang chuẩn bị chẩn đoán cho bạn...,
quiz.result_pattern,quiz,RESULTS,This is one of the most common patterns I see.,Đây là một trong những mô hình phổ biến nhất mà tôi thấy.,
quiz.badge_higher_risk,quiz,RESULTS,Higher Risk,Rủi Ro Cao Hơn,
quiz.badge_critical,quiz,RESULTS,Critical,Nghiêm Trọng,
quiz.badge_high_risk,quiz,RESULTS,High Risk,Rủi Ro Cao,
quiz.badge_medium_risk,quiz,RESULTS,Medium Risk,Rủi Ro Trung Bình,
quiz.badge_low_risk,quiz,RESULTS,Low Risk,Rủi Ro Thấp,
quiz.reality_check_title,quiz,RESULTS,What we'll do,Những gì chúng tôi sẽ làm,
quiz.reality_check_title_alt,quiz,RESULTS,What this means,Điều này có nghĩa là gì,
quiz.cta_talk_specialist,quiz,RESULTS,Talk to a Specialist,Nói Chuyện Với Chuyên Gia,
quiz.cta_full_review,quiz,RESULTS,Get a full review,Nhận đánh giá đầy đủ,
quiz.cta_diagnose,quiz,RESULTS,Let's diagnose this,Hãy chẩn đoán vấn đề này,
quiz.cta_clarity,quiz,RESULTS,Get clarity on your list,Làm rõ danh sách của bạn,
quiz.cta_diagnosis,quiz,RESULTS,Get the diagnosis,Nhận chẩn đoán,
quiz.cta_safety,quiz,RESULTS,Get a safety check,Kiểm tra an toàn,
quiz.result_infra_headline,quiz,RESULTS,Your infrastructure may be the problem.,Hạ tầng của bạn có thể là vấn đề.,
quiz.result_catchall_headline,quiz,RESULTS,Those ""Unknown"" addresses are not unknown to me.,Những địa chỉ ""Unknown"" đó không phải là ẩn số với tôi.,
quiz.result_decay_headline,quiz,RESULTS,Your list is slowly suffocating your delivery.,Danh sách đang từ từ bóp nghẹt khả năng gửi email của bạn.,
quiz.result_preventive_headline,quiz,RESULTS,You are in a good spot. Let's keep it that way.,Bạn đang ở vị thế tốt. Hãy giữ vững điều đó.,
quiz.result_noconsent_subhead,quiz,RESULTS,Lists without explicit consent carry more risk—but that doesn't mean you can't send safely. We'll remove the addresses most likely to hurt you.,Danh sách không có sự đồng ý rõ ràng mang nhiều rủi ro hơn—nhưng không có nghĩa là bạn không thể gửi an toàn. Chúng tôi sẽ loại bỏ những địa chỉ có khả năng gây hại nhất.,
quiz.result_crisis_subhead,quiz,RESULTS,An ESP warning is the final straw. Your reputation is already damaged. Automated cleaning alone will not get you reinstated.,Cảnh báo từ ESP là giọt nước tràn ly. Danh tiếng của bạn đã bị tổn hại. Chỉ làm sạch tự động sẽ không giúp bạn được phục hồi.,DNT ESP
quiz.result_toolfailure_subhead,quiz,RESULTS,You paid for syntax checking. You were punished for reputation. A 'Valid' email can still be a spam trap or chronic complainer.,Bạn trả tiền để kiểm tra cú pháp. Bạn bị trừng phạt về danh tiếng. Một email 'Valid' vẫn có thể là spam trap hoặc người hay khiếu nại.,
quiz.result_infra_subhead,quiz,RESULTS,Without proper DMARC authentication, even a clean list can land in spam. This is a fixable issue, but it needs attention before list cleaning matters.,Nếu không có xác thực DMARC phù hợp, ngay cả danh sách sạch cũng có thể vào spam. Đây là vấn đề có thể sửa được, nhưng cần chú ý trước khi tính đến việc làm sạch danh sách.,DNT DMARC
quiz.result_catchall_subhead,quiz,RESULTS,Catch-all domains accept everything. Validation tools cannot tell you which addresses are real. I can.,Tên miền Catch-all chấp nhận mọi thứ. Công cụ validation không thể cho bạn biết địa chỉ nào là thật. Tôi có thể.,
quiz.result_decay_subhead,quiz,RESULTS,No bounce spike. No warning. Just a quiet decline as dead weight accumulates and inbox providers filter you to spam.,Không có sự tăng vọt bounce. Không cảnh báo. Chỉ là sự suy giảm lặng lẽ khi 'trọng lượng chết' tích tụ và nhà cung cấp inbox lọc bạn vào spam.,
quiz.result_preventive_subhead,quiz,RESULTS,Healthy lists still decay by about 22% every year. A preventative review before a big send catches recycled traps that formed since your last campaign.,Danh sách khỏe mạnh vẫn suy giảm khoảng 22% mỗi năm. Đánh giá phòng ngừa trước đợt gửi lớn sẽ bắt được các bẫy tái chế hình thành từ chiến dịch trước.,
quiz.reality_noconsent,quiz,RESULTS,"We catch invalid addresses, spam traps, role accounts, and high-risk patterns that other validators miss. We're thorough. But we're also honest: no tool can catch every trap on a non-consent list because some are designed to be undetectable. That's true for every validator—we're just the ones who tell you.","Chúng tôi bắt được các địa chỉ không hợp lệ, spam traps, tài khoản chức năng và các mô hình rủi ro cao mà các validator khác bỏ sót. Chúng tôi kỹ lưỡng. Nhưng chúng tôi cũng trung thực: không công cụ nào có thể bắt được mọi bẫy trong danh sách không có sự đồng ý vì một số được thiết kế để không thể phát hiện. Điều đó đúng với mọi validator—chúng tôi chỉ là người nói cho bạn biết sự thật.",
quiz.reality_crisis,quiz,RESULTS,You need a remediation strategy, not just a clean list. I help identify the root cause and build a path back to good standing with your ESP.,Bạn cần một chiến lược khắc phục, không chỉ là một danh sách sạch. Tôi giúp xác định nguyên nhân gốc rễ và xây dựng lộ trình trở lại trạng thái tốt với ESP của bạn.,DNT ESP
quiz.reality_toolfailure,quiz,RESULTS,Automated tools cannot see behavioral history. They check code, not context. I find the 'Valid but Dangerous' addresses they miss.,Công cụ tự động không thể thấy lịch sử hành vi. Chúng kiểm tra mã, không phải ngữ cảnh. Tôi tìm ra các địa chỉ 'Hợp lệ nhưng Nguy hiểm' mà chúng bỏ sót.,
quiz.reality_infra,quiz,RESULTS,Domain authentication tells inbox providers you are who you say you are. Without it, your emails look suspicious regardless of list quality.,Xác thực tên miền nói cho nhà cung cấp inbox biết bạn là người bạn xưng danh. Nếu không có nó, email của bạn trông đáng ngờ bất kể chất lượng danh sách.,
quiz.reality_catchall,quiz,RESULTS,A large percentage of business domains are catch-all. Validation marks them 'Unknown' because it cannot verify. Pattern recognition and engagement history tell a different story.,Một tỷ lệ lớn tên miền doanh nghiệp là catch-all. Validation đánh dấu chúng là 'Unknown' vì không thể xác minh. Nhận dạng mô hình và lịch sử tương tác kể một câu chuyện khác.,
quiz.reality_decay,quiz,RESULTS,This is the hardest problem to diagnose because there is no event. Your list has accumulated decay, and it is dragging down your engaged subscribers.,Đây là vấn đề khó chẩn đoán nhất vì không có sự kiện cụ thể. Danh sách của bạn đã tích tụ sự suy thoái, và nó đang kéo những người đăng ký tương tác của bạn xuống.,
quiz.reality_preventive,quiz,RESULTS,You are doing the right things. A safety check ensures you do not accidentally hit a trap that did not exist last time you sent.,Bạn đang làm đúng. Kiểm tra an toàn đảm bảo bạn không vô tình chạm phải bẫy không tồn tại trong lần gửi trước.,
quiz.additional_issues_title,quiz,RESULTS,Other things we noticed,Những điều khác chúng tôi nhận thấy,
quiz.modal_title,quiz,MODAL,Talk to a Specialist,Nói Chuyện Với Chuyên Gia,
quiz.modal_subtitle,quiz,MODAL,Tell us about your situation and we'll get back to you within 24 hours.,Kể cho chúng tôi về tình huống của bạn và chúng tôi sẽ phản hồi trong vòng 24 giờ.,
quiz.modal_message_placeholder,quiz,MODAL,Tell us about your situation...,Kể cho chúng tôi về tình huống của bạn...,
quiz.capture_success,quiz,CAPTURE,Your results have been sent!,Kết quả của bạn đã được gửi!,
quiz.capture_credits_bonus,quiz,CAPTURE,You've also earned 1,500 free credits.,Bạn cũng đã kiếm được 1,500 credits miễn phí.,
quiz.capture_reach_out,quiz,CAPTURE,We'll reach out soon.,Chúng tôi sẽ liên hệ sớm.,
audit.badge,audit,INTRO,Free Self-Assessment,Tự Đánh Giá Miễn Phí,
audit.title,audit,INTRO,Inbox Placement Self-Audit,Tự Kiểm Tra Vị Trí Hộp Thư Đến (Inbox Placement),
audit.subtitle,audit,INTRO,What most senders never check. Use this monthly. Be honest. This is how problems get caught before revenue drops.,Điều mà hầu hết người gửi không bao giờ kiểm tra. Sử dụng hàng tháng. Hãy trung thực. Đây là cách phát hiện vấn đề trước khi doanh thu sụt giảm.,
audit.disclaimer,audit,INTRO,Important: This audit covers general best practices. Every business is different. A monthly newsletter has different needs than a daily SaaS notification. Some items here may not apply to you at all. The goal is awareness, not a perfect score.,Quan trọng: Bài kiểm tra này bao gồm các phương pháp hay nhất chung. Mỗi doanh nghiệp đều khác nhau. Bản tin hàng tháng có nhu cầu khác với thông báo SaaS hàng ngày. Một số mục ở đây có thể không áp dụng cho bạn. Mục tiêu là nhận thức, không phải điểm số hoàn hảo.,
audit.meta_time,audit,INTRO,5-7 minutes,5-7 phút,
audit.meta_sections,audit,INTRO,10 sections,10 phần,
audit.meta_tips,audit,INTRO,Personalized tips,Mẹo cá nhân hóa,
audit.start_button,audit,INTRO,Start Audit,Bắt Đầu Kiểm Tra,
audit.section_automation,audit,SECTIONS,Automation Timing,Thời Gian Tự Động Hóa,
audit.section_header,audit,SECTIONS,Header & Footer Hygiene,Vệ Sinh Header & Footer,
audit.section_tracking,audit,SECTIONS,Tracking Domain Risk,Rủi Ro Tên Miền Theo Dõi,
audit.section_engagement,audit,SECTIONS,Engagement Logic,Logic Tương Tác,
audit.section_layout,audit,SECTIONS,Layout Pattern Risk,Rủi Ro Mô Hình Bố Cục,
audit.section_sendtime,audit,SECTIONS,Send Time Logic,Logic Thời Gian Gửi,
audit.section_migration,audit,SECTIONS,ESP Migration Risk,Rủi Ro Di Chuyển ESP,
audit.section_subject,audit,SECTIONS,Subject vs Preview Trust,Niềm Tin Tiêu Đề vs Xem Trước,
audit.section_spam,audit,SECTIONS,Spam Folder Rendering,Hiển Thị Thư Mục Spam,
audit.section_validation,audit,SECTIONS,Validation Frequency,Tần Suất Validation,
audit.grade_strong,audit,RESULTS,Strong Foundation,Nền Tảng Vững Chắc,
audit.grade_attention,audit,RESULTS,Needs Attention,Cần Chú Ý,
audit.grade_risk,audit,RESULTS,High Risk,Rủi Ro Cao,
audit.out_of_100,audit,RESULTS,out of 100,trên 100,
audit.score_by_section,audit,RESULTS,Score by Section,Điểm Theo Phần,
audit.next_section,audit,BUTTONS,Next Section,Phần Tiếp Theo,
audit.see_results,audit,BUTTONS,See Results,Xem Kết Quả,
audit.retake,audit,BUTTONS,Retake Audit,Làm Lại Bài Kiểm Tra,
audit.save_title,audit,CAPTURE,Save Your Results,Lưu Kết Quả Của Bạn,
audit.send_report,audit,CAPTURE,Send My Report,Gửi Báo Cáo Cho Tôi,
audit.report_sent,audit,CAPTURE,Report Sent!,Báo Cáo Đã Gửi!,
audit.save_subtitle,audit,CAPTURE,Get a detailed report emailed and optionally join our waitlist.,Nhận báo cáo chi tiết qua email và tùy chọn tham gia danh sách chờ.,
audit.capture_newsletter,audit,CAPTURE,"Monthly deliverability insights (no spam, just signal)","Thông tin chi tiết về deliverability hàng tháng (không spam, chỉ có kiến thức hữu ích)",
audit.capture_bonus,audit,CAPTURE,1,500 credits when we launch,1,500 credits khi chúng tôi ra mắt,
audit.capture_waitlist,audit,CAPTURE,Notify me when self-serve launches,Thông báo cho tôi khi dịch vụ tự phục vụ ra mắt,
audit.capture_contact,audit,CAPTURE,Have someone reach out to discuss my audit results (no sales pitch),Có người liên hệ thảo luận về kết quả kiểm tra của tôi (không chào hàng),
audit.capture_skip,audit,CAPTURE,"Skip, I'll just review on screen","Bỏ qua, tôi sẽ xem trên màn hình",
audit.recommendations_title,audit,RESULTS,Action Items by Section,Hạng Mục Hành Động Theo Phần,
audit.recommendations_subtitle,audit,RESULTS,Everything flagged based on your answers. Review what applies to you:,Tất cả những gì bị gắn cờ dựa trên câu trả lời của bạn. Xem lại những gì áp dụng cho bạn:,
audit.sos_title,audit,SOS PLUG,Not Sure What Applies to You?,Không Chắc Điều Gì Áp Dụng Cho Bạn?,
audit.sos_desc,audit,SOS PLUG,Every business is different. What's critical for a daily sender might be irrelevant for a monthly newsletter. If you're unsure which items actually matter for your situation, talk to someone who's seen it all.,Mỗi doanh nghiệp đều khác nhau. Điều quan trọng đối với người gửi hàng ngày có thể không liên quan đến bản tin hàng tháng. Nếu bạn không chắc mục nào thực sự quan trọng với tình huống của mình, hãy nói chuyện với người đã thấy tất cả.,
audit.sos_badge,audit,SOS PLUG,Free. No pitch. Just answers.,Miễn phí. Không chào hàng. Chỉ có câu trả lời.,
audit.sos_card_desc,audit,SOS PLUG,"The SOS Hotline connects you with YT, a deliverability specialist who's cleaned thousands of lists and diagnosed hundreds of sending problems. Ask anything.","SOS Hotline kết nối bạn với YT, một chuyên gia deliverability đã làm sạch hàng nghìn danh sách và chẩn đoán hàng trăm vấn đề gửi email. Hỏi bất cứ điều gì.",DNT SOS Hotline, YT
audit.sos_cta,audit,SOS PLUG,Talk to a Specialist,Nói Chuyện Với Chuyên Gia,
audit.sos_learn_more,audit,SOS PLUG,Learn About SOS Hotline,Tìm Hiểu Về SOS Hotline,DNT SOS Hotline
audit.testimonial_quote,audit,TESTIMONIAL,Review My Emails goes beyond standard tools by identifying risky patterns others miss.,Review My Emails vượt xa các công cụ tiêu chuẩn bằng cách xác định các mô hình rủi ro mà người khác bỏ sót.,DNT Review My Emails
audit.testimonial_author,audit,TESTIMONIAL,"Julia S., Italy","Julia S., Ý",DNT
audit.get_cleaning,audit,BUTTONS,Get Expert List Cleaning,Nhận Dịch Vụ Làm Sạch Danh Sách Chuyên Gia,
about.email_link,about,CONTENT,Email,Email,
about.founder_title,about,CONTENT,"Founder, Review My Emails","Người Sáng Lập, Review My Emails",
audit.back,audit,CONTENT,Back,Quay Lại,
audit.built_by,audit,CONTENT,Built by,Được xây dựng bởi,
audit.get_cleaned,audit,CONTENT,Get Your List Cleaned,Làm Sạch Danh Sách Của Bạn,
audit.important,audit,CONTENT,Important:,Quan trọng:,
audit.what_cover,audit,CONTENT,What we'll cover,Những gì chúng ta sẽ đề cập,
home.title,homepage,META & SEO,Review My Emails | Email List Cleaning That Tells You What to Do,Review My Emails | Dịch Vụ Làm Sạch Danh Sách Email Chuyên Nghiệp,"DNT ""Review My Emails"""
home.meta_desc,homepage,META & SEO,"Validation tools see addresses. We see patterns, context, and risk. Then we tell you exactly what to do. Clear labels: Keep, Monitor, Suppress. With the reasoning behind each one.","Các công cụ Validation chỉ thấy địa chỉ. Chúng tôi thấy các mô hình, ngữ cảnh và rủi ro. Sau đó, chúng tôi cho bạn biết chính xác cần làm gì. Nhãn rõ ràng: Giữ (Keep), Theo dõi (Monitor), Chặn (Suppress). Với lý do đằng sau mỗi nhãn.","DNT Keep/Monitor/Suppress"
home.og_title,homepage,META & SEO,Review My Emails | Email List Cleaning That Tells You What to Do,Review My Emails | Dịch Vụ Làm Sạch Danh Sách Email Chuyên Nghiệp,"Same as title, for social sharing"
home.og_desc,homepage,META & SEO,"Validation tools see addresses. We see patterns, context, and risk. Then we tell you exactly what to do.","Các công cụ Validation chỉ thấy địa chỉ. Chúng tôi thấy các mô hình. Chúng tôi xác định rủi ro và cho bạn biết chính xác bước tiếp theo là gì.","For social sharing"
home.hero_badge,homepage,HERO,By Yanna-Torry Aspraki,Bởi Yanna-Torry Aspraki,DNT name
home.hero_headline_1,homepage,HERO,Stop guessing what is wrong with your list.,Ngừng đoán già đoán non về vấn đề của danh sách email.,First line of headline
home.hero_headline_2,homepage,HERO,We find the problems tools miss.,Chúng tôi tìm ra những vấn đề mà công cụ bỏ sót.,Second line, highlighted
home.hero_subhead,homepage,HERO,"Validation tools see addresses. We see patterns, context, and risk. Then we tell you exactly what to do.","Các công cụ Validation chỉ thấy địa chỉ. Chúng tôi phân tích các mô hình và rủi ro, cho bạn biết chính xác cần làm gì.",
home.cta_primary,homepage,HERO,Get My List Cleaned,Làm Sạch Danh Sách Của Tôi,Main CTA button
home.hero_bridge,homepage,HERO,Most email inboxing and deliverability problems trace back to list quality.,Hầu hết các vấn đề về inboxing và deliverability đều bắt nguồn từ chất lượng danh sách.,
home.hero_quiz_prefix,homepage,HERO,Not sure yet?,Chưa chắc chắn?,
home.hero_quiz_link,homepage,HERO,Take the 2-minute risk check,Làm bài kiểm tra rủi ro trong 2 phút,
dfy.hero_title,done-for-you,HERO,Validators check addresses. I read risk.,Công cụ kiểm tra địa chỉ. Tôi đọc vị rủi ro.,
dfy.hero_subtitle,done-for-you,HERO,"Your list isn't broken. The assumptions behind it are. I read lists the way experience taught me, not the way software defaults to.","Danh sách của bạn không hỏng. Các giả định đằng sau nó mới là vấn đề. Tôi đọc danh sách theo cách kinh nghiệm dạy tôi, không phải theo mặc định của phần mềm.",
dfy.hero_cta,done-for-you,HERO,Get My List Cleaned,Làm Sạch Danh Sách Của Tôi,
dfy.hero_cta_secondary,done-for-you,HERO,Contact Us First,Liên Hệ Chúng Tôi Trước,
dfy.output_title,done-for-you,OUTPUT,What You Get Back,Những Gì Bạn Nhận Được,
dfy.output_subtitle,done-for-you,OUTPUT,"Your list sorted into three buckets, with the labels and reasoning behind each decision.","Danh sách của bạn được phân loại thành ba nhóm, với nhãn và lý do đằng sau mỗi quyết định.",
dfy.output_safe,done-for-you,OUTPUT,Safe to Mail,An Toàn Để Gửi (Safe),
dfy.output_safe_desc,done-for-you,OUTPUT,"No flags found. Domain checks out, validation passed, no risk signals. These are clear to send.","Không tìm thấy cờ cảnh báo. Tên miền hợp lệ, validation thông qua, không có tín hiệu rủi ro. Những địa chỉ này an toàn để gửi.",
dfy.output_yellow,done-for-you,OUTPUT,Yellow Flags,Cờ Vàng (Yellow Flags),
dfy.output_yellow_desc,done-for-you,OUTPUT,Each address comes with specific labels explaining why it landed here. Context matters. How you segment and send to these decides the outcome.,Mỗi địa chỉ đi kèm với nhãn cụ thể giải thích tại sao nó ở đây. Ngữ cảnh rất quan trọng. Cách bạn phân khúc và gửi đến nhóm này sẽ quyết định kết quả.,
dfy.output_donotmail,done-for-you,OUTPUT,Do Not Mail,Không Gửi (Do Not Mail),
dfy.output_donotmail_desc,done-for-you,OUTPUT,"Each address comes with specific labels explaining why. Invalid, trap-likely, disposable, or other risk signals. Don't send here.","Mỗi địa chỉ có nhãn giải thích lý do. Không hợp lệ (Invalid), có thể là bẫy (Trap), dùng một lần (Disposable) hoặc các tín hiệu rủi ro khác. Đừng gửi đến đây.",
dfy.output_note,done-for-you,OUTPUT,You also get the validation and DNS data that informed each decision. Not just buckets. The full picture.,Bạn cũng nhận được dữ liệu validation và DNS đã cung cấp thông tin cho mỗi quyết định. Không chỉ là các nhóm phân loại. Mà là bức tranh toàn cảnh.,
dfy.howread_title,done-for-you,HOW I READ,How I Read Your List,Cách Tôi Đọc Danh Sách Của Bạn,
dfy.howread_beyond,done-for-you,HOW I READ,I Look Beyond the Address,Tôi Nhìn Xa Hơn Địa Chỉ Email,
dfy.howread_beyond_desc,done-for-you,HOW I READ,"Domain behavior, history, and patterns across your entire list. Context, not just existence. An address that ""works"" can still be dangerous.","Hành vi tên miền, lịch sử và các mô hình trên toàn bộ danh sách của bạn. Ngữ cảnh, không chỉ là sự tồn tại. Một địa chỉ ""hoạt động"" vẫn có thể nguy hiểm.",
dfy.howread_miss,done-for-you,HOW I READ,I Check What Others Miss,Tôi Kiểm Tra Những Gì Người Khác Bỏ Sót,
dfy.howread_miss_desc,done-for-you,HOW I READ,"Traps, role accounts, toxic domains, disposable patterns. The things that don't bounce but still hurt you. I've learned what to look for.","Bẫy (Traps), tài khoản chức năng (Role accounts), tên miền độc hại, mô hình email dùng một lần. Những thứ không bị trả lại (bounce) nhưng vẫn làm hại bạn. Tôi biết cần tìm gì.",
dfy.howread_reasoning,done-for-you,HOW I READ,I Explain My Reasoning,Tôi Giải Thích Lý Do Của Mình,
dfy.howread_reasoning_desc,done-for-you,HOW I READ,"Not just labels. You get the thinking behind each decision so you understand why, and can make smarter calls next time.","Không chỉ là nhãn dán. Bạn nhận được tư duy đằng sau mỗi quyết định để hiểu tại sao, và có thể đưa ra quyết định thông minh hơn vào lần tới.",
sos.badge,sos-hotline,HERO,Free Service,Dịch Vụ Miễn Phí,
sos.title,sos-hotline,HERO,Email SOS Hotline,Đường Dây Nóng SOS Email,DNT SOS Hotline
sos.subtitle,sos-hotline,HERO,"Free expert guidance for anyone with an email question. No sales pitch. No catch. Just honest answers from a deliverability specialist who gets emails into inboxes for a living.","Hướng dẫn miễn phí từ chuyên gia cho bất kỳ ai có câu hỏi về email. Không chào hàng. Không ràng buộc. Chỉ là những câu trả lời trung thực từ một chuyên gia deliverability, người sống bằng nghề đưa email vào inbox.",
sos.cta,sos-hotline,HERO,Contact the SOS Hotline,Liên Hệ SOS Hotline,DNT SOS Hotline
sos.note,sos-hotline,HERO,"Within 48 hours. Often sooner.","Trong vòng 48 giờ. Thường sớm hơn.",
sos.how_title,sos-hotline,HOW IT WORKS,How It Works,Cách Thức Hoạt Động,
sos.testimonials_title,sos-hotline,TESTIMONIALS,What People Say,Mọi Người Nói Gì,
sos.why_title,sos-hotline,WHY FREE,Why Is This Free?,Tại Sao Lại Miễn Phí?,
sos.why_free_p1,sos-hotline,WHY FREE,"We offer real help without charging because it is the right thing to do.","Chúng tôi cung cấp sự trợ giúp thực sự mà không tính phí đơn giản vì đó là điều đúng đắn nên làm.",
sos.final_cta_subtext,sos-hotline,FINAL CTA,"Email us. Within 48 hours. Often sooner.","Gửi email cho chúng tôi. Trong vòng 48 giờ. Thường sớm hơn.",
sos.how_step1,sos-hotline,HOW IT WORKS,You send an email to the SOS Hotline,Bạn gửi email đến SOS Hotline,DNT SOS Hotline
sos.how_step2,sos-hotline,HOW IT WORKS,You receive an automatic reply confirming we got it,Bạn nhận được trả lời tự động xác nhận chúng tôi đã nhận được,
sos.how_step3,sos-hotline,HOW IT WORKS,YT personally reads and responds within 48 hours,Yanna-Torry đích thân đọc và trả lời trong vòng 48 giờ,DNT YT
pricing.sos_desc,pricing,SOS,Free expert support for deliverability questions. No data touched. No list processed. Just honest answers.,Hỗ trợ chuyên gia miễn phí cho các câu hỏi về deliverability. Không đụng đến dữ liệu. Không xử lý danh sách. Chỉ có câu trả lời trung thực.,
pricing.sos_card_desc,pricing,SOS,"Ask any email question. Get a real answer from a real expert. No sales pitch, no strings attached.","Hỏi bất kỳ câu hỏi nào về email. Nhận câu trả lời thực tế từ chuyên gia thực thụ. Không chào hàng, không ràng buộc.",
pricing.sos_status,pricing,SOS,"Use it before, during, or after cleaning to understand your situation.","Sử dụng trước, trong hoặc sau khi làm sạch để hiểu tình trạng của bạn.",
sos.modal_subtitle,sos-hotline,MODAL,Tell us what's going on and we'll get back to you within 24-48 hours.,Hãy cho chúng tôi biết chuyện gì đang xảy ra và chúng tôi sẽ phản hồi trong vòng 24-48 giờ.,
sos.topics_headline,sos-hotline,TOPICS,If it touches email, we can help.,Nếu liên quan đến email, chúng tôi có thể giúp.,
sos.more_expert_cta,sos-hotline,BRIDGE,See the Process,Xem Quy Trình,
pricing.comp_them1,pricing,COMPARISON,Validators check if an inbox exists.,Các Validator kiểm tra xem inbox có tồn tại không.,
pricing.comp_us1,pricing,COMPARISON,We assess whether sending there is safe.,Chúng tôi đánh giá xem gửi đến đó có an toàn không.,
pricing.comp_them2,pricing,COMPARISON,Validators give you a status.,Các Validator cho bạn một trạng thái.,
pricing.comp_us2,pricing,COMPARISON,We give you the reasoning behind a decision.,Chúng tôi đưa ra lý do đằng sau quyết định.,
pricing.comp_them3,pricing,COMPARISON,Validators flag what bounces.,Các Validator gắn cờ những gì bị bounce.,
pricing.comp_us3,pricing,COMPARISON,We flag what damages your reputation without bouncing.,Chúng tôi gắn cờ những gì làm hại danh tiếng của bạn mà không cần bị bounce.,
pricing.comp_them4,pricing,COMPARISON,Validators process volume.,Các Validator xử lý số lượng lớn.,
pricing.comp_us4,pricing,COMPARISON,We interpret patterns across your entire list.,Chúng tôi diễn giải các mô hình trên toàn bộ danh sách của bạn.,
pricing.comp_them5,pricing,COMPARISON,Validators leave you guessing.,Các Validator để bạn tự đoán.,
pricing.comp_us5,pricing,COMPARISON,We tell you what to do and why.,Chúng tôi cho bạn biết cần làm gì và tại sao.,
pricing.compare_title,pricing,COMPARISON,What You Are Actually Paying For,Bạn Thực Sự Đang Trả Tiền Cho Điều Gì,
pricing.compare_subtitle,pricing,COMPARISON,The difference between checking and interpreting.,Sự khác biệt giữa kiểm tra và diễn giải.,
pricing.calc_heading,pricing,CALCULATOR,Calculate Your Price,Tính Giá Của Bạn,
pricing.calc_intro,pricing,CALCULATOR,Simple. More volume, lower rate.,Đơn giản. Số lượng càng nhiều, giá càng thấp.,
pricing.calc_subtitle,pricing,CALCULATOR,Pay only for what you need. Credits never expire.,Chỉ trả tiền cho những gì bạn cần. Credits không bao giờ hết hạn.,
pricing.calc_title,pricing,CALCULATOR,Pricing Calculator,Công Cụ Tính Giá,
pricing.need_more,pricing,CALCULATOR,Need more than 1 million?,Cần hơn 1 triệu?,
pricing.custom_pricing,pricing,CALCULATOR,for custom pricing.,để có báo giá tùy chỉnh.,
pricing.contact_us,pricing,CALCULATOR,Contact us,Liên hệ chúng tôi,
pricing.cta_clean_title,pricing,CTA,Get My List Cleaned,Làm Sạch Danh Sách Của Tôi,
pricing.cta_clean_desc,pricing,CTA,Done-for-you service. Send your list, get results.,Dịch vụ trọn gói. Gửi danh sách, nhận kết quả.,
pricing.cta_waitlist_title,pricing,CTA,Join the Waitlist,Tham Gia Danh Sách Chờ,
pricing.cta_waitlist_desc,pricing,CTA,Be first to access self-serve when it launches.,Là người đầu tiên truy cập dịch vụ tự phục vụ khi ra mắt.,
pricing.cta_help_title,pricing,CTA,Get Free Help,Nhận Trợ Giúp Miễn Phí,
pricing.cta_help_desc,pricing,CTA,Email our SOS hotline with your questions.,Gửi câu hỏi của bạn đến đường dây nóng SOS.,DNT SOS Hotline
pricing.learn_more_btn,pricing,CTA,Learn More,Tìm Hiểu Thêm,
pricing.option_guidance,pricing,OPTIONS,Guidance,Hướng Dẫn,
pricing.option_execution,pricing,OPTIONS,Execution,Thực Thi,
pricing.option_automation,pricing,OPTIONS,Automation,Tự Động Hóa,
pricing.join,pricing,CONTENT,Join,Tham Gia,
pricing.get_started_btn,pricing,CONTENT,Get Started,Bắt Đầu,
pricing.questions_title,pricing,CONTENT,Questions?,Câu Hỏi?,
pricing.waitlist_success_short,pricing,CONTENT,You're on the list!,Bạn đã có tên trong danh sách!,
pricing.newsletter_opt,pricing,CONTENT,"Monthly deliverability insights (no spam, just signal)","Thông tin chi tiết về deliverability hàng tháng (không spam, chỉ có kiến thức hữu ích)",
pricing.for_custom,pricing,CONTENT,for custom pricing.,để có báo giá tùy chỉnh.,
pricing.learn_more_sos,pricing,CONTENT,Learn More About SOS Hotline,Tìm Hiểu Thêm Về SOS Hotline,DNT SOS Hotline
pricing.free_help_title,pricing,FREE HELP,Free Email Help,Hỗ Trợ Email Miễn Phí,
pricing.free_help_desc,pricing,FREE HELP,"Ask any email question. Get a real answer from a real expert. No sales pitch, no strings attached.","Hỏi bất kỳ câu hỏi nào về email. Nhận câu trả lời thực tế từ chuyên gia thực thụ. Không chào hàng, không ràng buộc.",
pricing.hero_headline1,pricing,HERO,Beyond Validation.,Hơn Cả Validation.,
pricing.hero_headline2,pricing,HERO,We Tell You What Your List Means.,Chúng Tôi Cho Biết Ý Nghĩa Danh Sách Của Bạn.,
pricing.hero_subhead,pricing,HERO,"Not just pass/fail. Every address comes with reasoning so you know what to keep, what to monitor, and what to suppress.","Không chỉ là đạt/không đạt. Mỗi địa chỉ đi kèm lý do để bạn biết cái nào cần giữ, cái nào cần theo dõi và cái nào cần loại bỏ (suppress).",DNT Keep/Monitor/Suppress
pricing.what_you_get_title,pricing,OUTPUT,What You Get,Những Gì Bạn Nhận Được,
pricing.what_you_get_subtitle,pricing,OUTPUT,A cleaned list with clear recommendations.,Một danh sách sạch với các khuyến nghị rõ ràng.,
pricing.keep_title,pricing,OUTPUT,Cleared After Full Review,Được Chấp Nhận Sau Khi Đánh Giá Kỹ,
pricing.keep_desc,pricing,OUTPUT,No risk patterns surfaced during review. Domain behavior and historical signals support continued sending.,Không phát hiện mô hình rủi ro khi đánh giá. Hành vi tên miền và tín hiệu lịch sử ủng hộ việc tiếp tục gửi.,
pricing.monitor_title,pricing,OUTPUT,Patterns Worth Watching,Các Mô Hình Cần Theo Dõi,
pricing.monitor_desc,pricing,OUTPUT,"These require judgment. We surface historical patterns and relationship context.",Những cái này cần sự phán đoán. Chúng tôi đưa ra các mô hình lịch sử và ngữ cảnh mối quan hệ.,
pricing.suppress_title,pricing,OUTPUT,"Clear Risk, Clear Reasoning",Rủi Ro Rõ Ràng, Lý Do Cụ Thể,
pricing.suppress_desc,pricing,OUTPUT,"Clear risk signals: known problem domains, disposable patterns, historical trap indicators.",Tín hiệu rủi ro rõ ràng: tên miền có vấn đề đã biết, mô hình email dùng một lần, chỉ số bẫy (trap) trong lịch sử.,
pricing.who_title,pricing,WHO FOR,Who This Is For,Dịch Vụ Này Dành Cho Ai,
pricing.who_subtitle,pricing,WHO FOR,Marketers who already send email and want to protect their sender reputation.,Các marketer đã gửi email và muốn bảo vệ danh tiếng người gửi của họ.,
pricing.who_note,pricing,WHO FOR,"If you care about long-term reputation, not just short-term volume, this is for you.","Nếu bạn quan tâm đến danh tiếng lâu dài, không chỉ là số lượng ngắn hạn, thì đây là dành cho bạn.",
pricing.who_item1,pricing,WHO FOR,Running campaigns but seeing declining engagement,Đang chạy chiến dịch nhưng thấy tương tác giảm sút,
pricing.who_item2,pricing,WHO FOR,"Worried about bounces, complaints, or blocklists",Lo lắng về tỷ lệ bounce, khiếu nại hoặc blocklist,
pricing.who_item3,pricing,WHO FOR,Inheriting a list you did not build,Thừa hưởng một danh sách mà bạn không tự xây dựng,
pricing.who_item4,pricing,WHO FOR,"Under pressure to ""just send"" but sensing risk","Bị áp lực phải ""cứ gửi đi"" nhưng cảm thấy rủi ro",
pricing.who_item5,pricing,WHO FOR,Trying to explain deliverability to a boss who does not get it,Cố gắng giải thích về deliverability cho sếp không hiểu về nó,
quiz.loading_analyzing,quiz,LOADING,Analyzing your responses...,Đang phân tích câu trả lời của bạn...,
quiz.loading_comparing,quiz,LOADING,Comparing against common patterns,Đang so sánh với các mô hình phổ biến,
quiz.loading_checking,quiz,LOADING,Checking risk indicators...,Đang kiểm tra các chỉ số rủi ro...,
quiz.loading_matching,quiz,LOADING,Matching against known patterns,Đang đối chiếu với các mô hình đã biết,
quiz.loading_preparing,quiz,LOADING,Preparing your diagnosis...,Đang chuẩn bị chẩn đoán cho bạn...,
quiz.step_indicator,quiz,INTRO,Question {n} of {total},Câu hỏi {n} trên {total},Use {n} and {total} as placeholders
quiz.step_1_of_4,quiz,QUESTIONS,Question 1 of 4,Câu hỏi 1 trên 4,
quiz.q1_text,quiz,QUESTIONS,How did the majority of these emails get on your list?,Đa số các email này vào danh sách của bạn bằng cách nào?,
quiz.q2_text,quiz,QUESTIONS,Is your sending domain authenticated with DMARC?,Tên miền gửi của bạn có được xác thực bằng DMARC không?,DNT DMARC
quiz.q3_text,quiz,QUESTIONS,Have you run this list through a validation tool?,Bạn đã chạy danh sách này qua công cụ validation chưa?,
quiz.q4_text,quiz,QUESTIONS,What brought you here today?,Điều gì đưa bạn đến đây hôm nay?,
quiz.pattern_line,quiz,RESULTS,This is one of the most common patterns I see.,Đây là một trong những mô hình phổ biến nhất mà tôi thấy.,
quiz.badge_higher_risk,quiz,RESULTS,Higher Risk,Rủi Ro Cao Hơn,
quiz.badge_critical,quiz,RESULTS,Critical,Nghiêm Trọng,
quiz.badge_high_risk,quiz,RESULTS,High Risk,Rủi Ro Cao,
quiz.badge_medium_risk,quiz,RESULTS,Medium Risk,Rủi Ro Trung Bình,
quiz.badge_low_risk,quiz,RESULTS,Low Risk,Rủi Ro Thấp,
quiz.what_well_do,quiz,RESULTS,What we'll do,Những gì chúng tôi sẽ làm,
quiz.what_this_means,quiz,RESULTS,What this means,Điều này có nghĩa là gì,
quiz.reality_check_title,quiz,RESULTS,What we'll do,Những gì chúng tôi sẽ làm,
quiz.reality_check_title_alt,quiz,RESULTS,What this means,Điều này có nghĩa là gì,
quiz.cta_talk_specialist,quiz,RESULTS,Talk to a Specialist,Nói Chuyện Với Chuyên Gia,
quiz.cta_full_review,quiz,RESULTS,Get a full review,Nhận đánh giá đầy đủ,
quiz.cta_diagnose,quiz,RESULTS,Let's diagnose this,Hãy chẩn đoán vấn đề này,
quiz.cta_clarity,quiz,RESULTS,Get clarity on your list,Làm rõ danh sách của bạn,
quiz.cta_get_diagnosis,quiz,CTA,Get the diagnosis,Nhận chẩn đoán,
quiz.cta_safety_check,quiz,CTA,Get a safety check,Kiểm tra an toàn,
quiz.res_infra_headline,quiz,RESULTS,Your infrastructure may be the problem.,Hạ tầng của bạn có thể là vấn đề.,
quiz.res_catchall_headline,quiz,RESULTS,Those ""Unknown"" addresses are not unknown to me.,Những địa chỉ ""Unknown"" đó không phải là ẩn số với tôi.,
quiz.res_decay_headline,quiz,RESULTS,Your list is slowly suffocating your delivery.,Danh sách đang từ từ bóp nghẹt khả năng gửi email của bạn.,
quiz.res_preventive_headline,quiz,RESULTS,You are in a good spot. Let's keep it that way.,Bạn đang ở vị thế tốt. Hãy giữ vững điều đó.,
quiz.res_noconsent_headline,quiz,RESULTS,We can absolutely help clean your list.,Chúng tôi hoàn toàn có thể giúp làm sạch danh sách của bạn.,
quiz.res_crisis_headline,quiz,RESULTS,You need triage, not just cleaning.,Bạn cần cấp cứu, không chỉ là làm sạch.,
quiz.res_toolfail_headline,quiz,RESULTS,Your validation tool missed something.,Công cụ validation của bạn đã bỏ sót điều gì đó.,
quiz.res_noconsent_subhead,quiz,RESULTS,Lists without explicit consent carry more risk—but that doesn't mean you can't send safely. We'll remove the addresses most likely to hurt you.,Danh sách không có sự đồng ý rõ ràng mang nhiều rủi ro hơn—nhưng không có nghĩa là bạn không thể gửi an toàn. Chúng tôi sẽ loại bỏ những địa chỉ có khả năng gây hại nhất.,
quiz.res_crisis_subhead,quiz,RESULTS,An ESP warning is the final straw. Your reputation is already damaged. Automated cleaning alone will not get you reinstated.,Cảnh báo từ ESP là giọt nước tràn ly. Danh tiếng của bạn đã bị tổn hại. Chỉ làm sạch tự động sẽ không giúp bạn được phục hồi.,DNT ESP
quiz.res_toolfail_subhead,quiz,RESULTS,You paid for syntax checking. You were punished for reputation. A 'Valid' email can still be a spam trap or chronic complainer.,Bạn trả tiền để kiểm tra cú pháp. Bạn bị trừng phạt về danh tiếng. Một email 'Valid' vẫn có thể là spam trap hoặc người hay khiếu nại.,
quiz.res_infra_subhead,quiz,RESULTS,Without proper DMARC authentication, even a clean list can land in spam. This is a fixable issue, but it needs attention before list cleaning matters.,Nếu không có xác thực DMARC phù hợp, ngay cả danh sách sạch cũng có thể vào spam. Đây là vấn đề có thể sửa được, nhưng cần chú ý trước khi tính đến việc làm sạch danh sách.,DNT DMARC
quiz.res_catchall_subhead,quiz,RESULTS,Catch-all domains accept everything. Validation tools cannot tell you which addresses are real. I can.,Tên miền Catch-all chấp nhận mọi thứ. Công cụ validation không thể cho bạn biết địa chỉ nào là thật. Tôi có thể.,
quiz.res_decay_subhead,quiz,RESULTS,No bounce spike. No warning. Just a quiet decline as dead weight accumulates and inbox providers filter you to spam.,Không có sự tăng vọt bounce. Không cảnh báo. Chỉ là sự suy giảm lặng lẽ khi 'trọng lượng chết' tích tụ và nhà cung cấp inbox lọc bạn vào spam.,
quiz.res_preventive_subhead,quiz,RESULTS,Healthy lists still decay by about 22% every year. A preventative review before a big send catches recycled traps that formed since your last campaign.,Danh sách khỏe mạnh vẫn suy giảm khoảng 22% mỗi năm. Đánh giá phòng ngừa trước đợt gửi lớn sẽ bắt được các bẫy tái chế hình thành từ chiến dịch trước.,
quiz.res_noconsent_reality,quiz,RESULTS,"We catch invalid addresses, spam traps, role accounts, and high-risk patterns that other validators miss. We're thorough. But we're also honest: no tool can catch every trap on a non-consent list because some are designed to be undetectable. That's true for every validator—we're just the ones who tell you.","Chúng tôi bắt được các địa chỉ không hợp lệ, spam traps, tài khoản chức năng và các mô hình rủi ro cao mà các validator khác bỏ sót. Chúng tôi kỹ lưỡng. Nhưng chúng tôi cũng trung thực: không công cụ nào có thể bắt được mọi bẫy trong danh sách không có sự đồng ý vì một số được thiết kế để không thể phát hiện. Điều đó đúng với mọi validator—chúng tôi chỉ là người nói cho bạn biết sự thật.",
quiz.res_crisis_reality,quiz,RESULTS,You need a remediation strategy, not just a clean list. I help identify the root cause and build a path back to good standing with your ESP.,Bạn cần một chiến lược khắc phục, không chỉ là một danh sách sạch. Tôi giúp xác định nguyên nhân gốc rễ và xây dựng lộ trình trở lại trạng thái tốt với ESP của bạn.,DNT ESP
quiz.res_toolfail_reality,quiz,RESULTS,Automated tools cannot see behavioral history. They check code, not context. I find the 'Valid but Dangerous' addresses they miss.,Công cụ tự động không thể thấy lịch sử hành vi. Chúng kiểm tra mã, không phải ngữ cảnh. Tôi tìm ra các địa chỉ 'Hợp lệ nhưng Nguy hiểm' mà chúng bỏ sót.,
quiz.res_infra_reality,quiz,RESULTS,Domain authentication tells inbox providers you are who you say you are. Without it, your emails look suspicious regardless of list quality.,Xác thực tên miền nói cho nhà cung cấp inbox biết bạn là người bạn xưng danh. Nếu không có nó, email của bạn trông đáng ngờ bất kể chất lượng danh sách.,
quiz.res_catchall_reality,quiz,RESULTS,A large percentage of business domains are catch-all. Validation marks them 'Unknown' because it cannot verify. Pattern recognition and engagement history tell a different story.,Một tỷ lệ lớn tên miền doanh nghiệp là catch-all. Validation đánh dấu chúng là 'Unknown' vì không thể xác minh. Nhận dạng mô hình và lịch sử tương tác kể một câu chuyện khác.,
quiz.res_decay_reality,quiz,RESULTS,This is the hardest problem to diagnose because there is no event. Your list has accumulated decay, and it is dragging down your engaged subscribers.,Đây là vấn đề khó chẩn đoán nhất vì không có sự kiện cụ thể. Danh sách của bạn đã tích tụ sự suy thoái, và nó đang kéo những người đăng ký tương tác của bạn xuống.,
quiz.res_preventive_reality,quiz,RESULTS,You are doing the right things. A safety check ensures you do not accidentally hit a trap that did not exist last time you sent.,Bạn đang làm đúng. Kiểm tra an toàn đảm bảo bạn không vô tình chạm phải bẫy không tồn tại trong lần gửi trước.,
quiz.additional_issues_title,quiz,RESULTS,Other things we noticed,Những điều khác chúng tôi nhận thấy,
quiz.result_directlink,quiz,RESULTS,Ready to go?,Sẵn sàng chưa?,
quiz.get_list_cleaned,quiz,RESULTS,Get My List Cleaned →,Làm Sạch Danh Sách Của Tôi →,
quiz.save_diagnosis,quiz,CAPTURE,Save your diagnosis,Lưu kết quả chẩn đoán của bạn,
quiz.save_subtitle,quiz,CAPTURE,Get your results emailed and optionally join our waitlist for self-serve tools.,Nhận kết quả qua email và tùy chọn tham gia danh sách chờ cho công cụ tự phục vụ.,
quiz.newsletter_opt,quiz,CAPTURE,"Monthly deliverability insights (no spam, just signal)","Thông tin chi tiết về deliverability hàng tháng (không spam, chỉ có kiến thức hữu ích)",
quiz.bonus_credits,quiz,CAPTURE,1,500 credits when we launch,1,500 credits khi chúng tôi ra mắt,
quiz.send_results,quiz,CAPTURE,Send My Results,Gửi Kết Quả Cho Tôi,
quiz.skip,quiz,CAPTURE,Skip,Bỏ Qua,
quiz.notify_launch,quiz,CAPTURE,Notify me when self-serve launches,Thông báo cho tôi khi dịch vụ tự phục vụ ra mắt,
quiz.request_contact,quiz,CAPTURE,Have someone reach out to discuss my situation (no sales pitch),Có người liên hệ để thảo luận về tình hình của tôi (không chào hàng),
quiz.capture_success,quiz,CAPTURE,Your results have been sent!,Kết quả của bạn đã được gửi!,
quiz.capture_credits_bonus,quiz,CAPTURE,You've also earned 1,500 free credits.,Bạn cũng đã kiếm được 1,500 credits miễn phí.,
quiz.capture_reach_out,quiz,CAPTURE,We'll reach out soon.,Chúng tôi sẽ liên hệ sớm.,
quiz.ready_to_go,quiz,CAPTURE,Ready to go?,Sẵn sàng chưa?,
sos.bridge_dfy_cta,sos-hotline,BRIDGE,See What You Get,Xem Những Gì Bạn Nhận Được,
sos.bridge_dfy_desc,sos-hotline,BRIDGE,"Send us your list. We review every address and return it labeled: Keep, Monitor, or Suppress.","Gửi danh sách cho chúng tôi. Chúng tôi xem xét từng địa chỉ và trả lại với nhãn: Giữ, Theo dõi, hoặc Chặn.",DNT Keep/Monitor/Suppress
sos.bridge_dfy_title,sos-hotline,BRIDGE,Done-For-You Review,Đánh Giá Trọn Gói (Done-For-You),
sos.bridge_expert_cta,sos-hotline,BRIDGE,See the Process,Xem Quy Trình,
sos.bridge_expert_desc,sos-hotline,BRIDGE,Every list review includes a walkthrough of your results. We explain what we found.,Mỗi đánh giá danh sách bao gồm phần giải thích kết quả. Chúng tôi giải thích những gì chúng tôi tìm thấy.,
sos.bridge_expert_title,sos-hotline,BRIDGE,Expert Interpretation,Diễn Giải Của Chuyên Gia,
sos.bridge_intro,sos-hotline,BRIDGE,"SOS gives you guidance. If you need someone to actually touch your data, we offer:",SOS cung cấp hướng dẫn. Nếu bạn cần ai đó thực sự xử lý dữ liệu của bạn, chúng tôi cung cấp:,DNT SOS
sos.bridge_title,sos-hotline,BRIDGE,Need More Than Advice?,Cần Nhiều Hơn Lời Khuyên?,
sos.final_cta_subtext,sos-hotline,FINAL CTA,"Email us. Within 48 hours. Often sooner.","Gửi email cho chúng tôi. Trong vòng 48 giờ. Thường sớm hơn.",
sos.final_cta_title,sos-hotline,FINAL CTA,Ready to Ask Your Question?,Sẵn Sàng Đặt Câu Hỏi?,
sos.how_step1,sos-hotline,HOW IT WORKS,You send an email to the SOS Hotline,Bạn gửi email đến SOS Hotline,DNT SOS Hotline
sos.how_step2,sos-hotline,HOW IT WORKS,You receive an automatic reply confirming we got it,Bạn nhận được trả lời tự động xác nhận chúng tôi đã nhận được,
sos.how_step3,sos-hotline,HOW IT WORKS,YT personally reads and responds within 48 hours,Yanna-Torry đích thân đọc và trả lời trong vòng 48 giờ,DNT YT
sos.topic_career_advice,sos-hotline,TOPICS,Career advice,Lời khuyên nghề nghiệp,
sos.why_free_p1,sos-hotline,WHY FREE,We offer real help without charging because it is the right thing to do.,"Chúng tôi cung cấp sự trợ giúp thực sự mà không tính phí đơn giản vì đó là điều đúng đắn nên làm.",
sos.why_free_p2,sos-hotline,WHY FREE,"If you need more than guidance, we offer done-for-you list reviews with expert interpretation included.","Nếu bạn cần nhiều hơn sự hướng dẫn, chúng tôi cung cấp các đánh giá danh sách trọn gói bao gồm diễn giải của chuyên gia.",
sos.why_free_tagline,sos-hotline,WHY FREE,Trust beats tactics.,Niềm tin thắng chiến thuật.,
sos.why_free_title,sos-hotline,WHY FREE,Why Is This Free?,Tại Sao Lại Miễn Phí?,
audit.badge,audit,INTRO,Free Self-Assessment,Tự Đánh Giá Miễn Phí,
audit.title,audit,INTRO,Inbox Placement Self-Audit,Tự Kiểm Tra Vị Trí Hộp Thư Đến,
audit.subtitle,audit,INTRO,What most senders never check. Use this monthly. Be honest. This is how problems get caught before revenue drops.,Điều mà hầu hết người gửi không bao giờ kiểm tra. Sử dụng hàng tháng. Hãy trung thực. Đây là cách phát hiện vấn đề trước khi doanh thu sụt giảm.,
audit.disclaimer,audit,INTRO,Important: This audit covers general best practices. Every business is different. A monthly newsletter has different needs than a daily SaaS notification. Some items here may not apply to you at all. The goal is awareness, not a perfect score.,Quan trọng: Bài kiểm tra này bao gồm các phương pháp hay nhất chung. Mỗi doanh nghiệp đều khác nhau. Bản tin hàng tháng có nhu cầu khác với thông báo SaaS hàng ngày. Một số mục ở đây có thể không áp dụng cho bạn. Mục tiêu là nhận thức, không phải điểm số hoàn hảo.,
audit.meta_time,audit,INTRO,5-7 minutes,5-7 phút,
audit.meta_sections,audit,INTRO,10 sections,10 phần,
audit.meta_tips,audit,INTRO,Personalized tips,Mẹo cá nhân hóa,
audit.start_button,audit,INTRO,Start Audit,Bắt Đầu Kiểm Tra,
audit.section_automation,audit,SECTIONS,Automation Timing,Thời Gian Tự Động Hóa,
audit.section_header,audit,SECTIONS,Header & Footer Hygiene,Vệ Sinh Header & Footer,
audit.section_tracking,audit,SECTIONS,Tracking Domain Risk,Rủi Ro Tên Miền Theo Dõi,
audit.section_engagement,audit,SECTIONS,Engagement Logic,Logic Tương Tác,
audit.section_layout,audit,SECTIONS,Layout Pattern Risk,Rủi Ro Mô Hình Bố Cục,
audit.section_sendtime,audit,SECTIONS,Send Time Logic,Logic Thời Gian Gửi,
audit.section_migration,audit,SECTIONS,ESP Migration Risk,Rủi Ro Di Chuyển ESP,
audit.section_subject,audit,SECTIONS,Subject vs Preview Trust,Niềm Tin Tiêu Đề vs Xem Trước,
audit.section_spam,audit,SECTIONS,Spam Folder Rendering,Hiển Thị Thư Mục Spam,
audit.section_validation,audit,SECTIONS,Validation Frequency,Tần Suất Validation,
audit.grade_strong,audit,RESULTS,Strong Foundation,Nền Tảng Vững Chắc,
audit.grade_attention,audit,RESULTS,Needs Attention,Cần Chú Ý,
audit.grade_risk,audit,RESULTS,High Risk,Rủi Ro Cao,
audit.out_of_100,audit,RESULTS,out of 100,trên 100,
audit.score_by_section,audit,RESULTS,Score by Section,Điểm Theo Phần,
audit.next_section,audit,BUTTONS,Next Section,Phần Tiếp Theo,
audit.see_results,audit,BUTTONS,See Results,Xem Kết Quả,
audit.retake,audit,BUTTONS,Retake Audit,Làm Lại Bài Kiểm Tra,
audit.save_title,audit,CAPTURE,Save Your Results,Lưu Kết Quả Của Bạn,
audit.send_report,audit,CAPTURE,Send My Report,Gửi Báo Cáo Cho Tôi,
audit.report_sent,audit,CAPTURE,Report Sent!,Báo Cáo Đã Gửi!,
audit.save_subtitle,audit,CAPTURE,Get a detailed report emailed and optionally join our waitlist.,Nhận báo cáo chi tiết qua email và tùy chọn tham gia danh sách chờ.,
audit.capture_newsletter,audit,CAPTURE,"Monthly deliverability insights (no spam, just signal)","Thông tin chi tiết về deliverability hàng tháng (không spam, chỉ có kiến thức hữu ích)",
audit.capture_bonus,audit,CAPTURE,1,500 credits when we launch,1,500 credits khi chúng tôi ra mắt,
audit.capture_waitlist,audit,CAPTURE,Notify me when self-serve launches,Thông báo cho tôi khi dịch vụ tự phục vụ ra mắt,
audit.capture_contact,audit,CAPTURE,Have someone reach out to discuss my audit results (no sales pitch),Có người liên hệ thảo luận về kết quả kiểm tra của tôi (không chào hàng),
audit.capture_skip,audit,CAPTURE,"Skip, I'll just review on screen","Bỏ qua, tôi sẽ xem trên màn hình",
audit.recommendations_title,audit,RESULTS,Action Items by Section,Hạng Mục Hành Động Theo Phần,
audit.recommendations_subtitle,audit,RESULTS,Everything flagged based on your answers. Review what applies to you:,Tất cả những gì bị gắn cờ dựa trên câu trả lời của bạn. Xem lại những gì áp dụng cho bạn:,
audit.sos_title,audit,SOS PLUG,Not Sure What Applies to You?,Không Chắc Điều Gì Áp Dụng Cho Bạn?,
audit.sos_desc,audit,SOS PLUG,Every business is different. What's critical for a daily sender might be irrelevant for a monthly newsletter. If you're unsure which items actually matter for your situation, talk to someone who's seen it all.,Mỗi doanh nghiệp đều khác nhau. Điều quan trọng đối với người gửi hàng ngày có thể không liên quan đến bản tin hàng tháng. Nếu bạn không chắc mục nào thực sự quan trọng với tình huống của mình, hãy nói chuyện với người đã thấy tất cả.,
audit.sos_badge,audit,SOS PLUG,Free. No pitch. Just answers.,Miễn phí. Không chào hàng. Chỉ có câu trả lời.,
audit.sos_card_desc,audit,SOS PLUG,"The SOS Hotline connects you with YT, a deliverability specialist who's cleaned thousands of lists and diagnosed hundreds of sending problems. Ask anything.","SOS Hotline kết nối bạn với YT, một chuyên gia deliverability đã làm sạch hàng nghìn danh sách và chẩn đoán hàng trăm vấn đề gửi email. Hỏi bất cứ điều gì.",DNT SOS Hotline, YT
audit.sos_cta,audit,SOS PLUG,Talk to a Specialist,Nói Chuyện Với Chuyên Gia,
audit.sos_learn_more,audit,SOS PLUG,Learn About SOS Hotline,Tìm Hiểu Về SOS Hotline,DNT SOS Hotline
audit.testimonial_quote,audit,TESTIMONIAL,Review My Emails goes beyond standard tools by identifying risky patterns others miss.,Review My Emails vượt xa các công cụ tiêu chuẩn bằng cách xác định các mô hình rủi ro mà người khác bỏ sót.,DNT Review My Emails
audit.testimonial_author,audit,TESTIMONIAL,"Julia S., Italy","Julia S., Ý",DNT
audit.get_cleaning,audit,BUTTONS,Get Expert List Cleaning,Nhận Dịch Vụ Làm Sạch Danh Sách Chuyên Gia,
about.email_link,about,CONTENT,Email,Email,
about.founder_title,about,CONTENT,"Founder, Review My Emails","Người Sáng Lập, Review My Emails",
audit.back,audit,CONTENT,Back,Quay Lại,
audit.built_by,audit,CONTENT,Built by,Được xây dựng bởi,
audit.get_cleaned,audit,CONTENT,Get Your List Cleaned,Làm Sạch Danh Sách Của Bạn,
audit.important,audit,CONTENT,Important:,Quan trọng:,
audit.what_cover,audit,CONTENT,What we'll cover,Những gì chúng ta sẽ đề cập,
contact.modal_subtitle,common,CONTACT MODAL,Tell us what you're working on. We'll get back to you within one business day.,Kể cho chúng tôi về công việc của bạn. Chúng tôi sẽ phản hồi trong vòng một ngày làm việc.,
contact.modal_title,common,CONTACT MODAL,Get in Touch,Liên Hệ,
contact.submit,common,CONTACT MODAL,Send Message,Gửi Tin Nhắn,
footer.legal,common,FOOTER,Privacy Policy · Terms,Chính Sách Bảo Mật · Điều Khoản,
form.email_label,common,FORM FIELDS,Email \*,Email \*,
form.message_hint,common,FORM FIELDS,Optional - but helps us prepare for the conversation.,Tùy chọn - nhưng giúp chúng tôi chuẩn bị cho cuộc trò chuyện.,
form.message_label,common,FORM FIELDS,Message,Tin Nhắn,
form.message_optional_label,common,FORM FIELDS,Message (optional),Tin Nhắn (tùy chọn),
form.name_label,common,FORM FIELDS,Name \*,Tên \*,
form.timezone_label,common,FORM FIELDS,Timezone (optional),Múi Giờ (tùy chọn),
form.timezone_select,common,FORM FIELDS,Select your timezone,Chọn múi giờ của bạn,
form.timezone_select_optional,common,FORM FIELDS,Select your timezone (optional),Chọn múi giờ của bạn (tùy chọn),
form.tz_alaska,common,FORM FIELDS,Alaska Time,Giờ Alaska,
form.tz_central,common,FORM FIELDS,Central Time (CT),Giờ Miền Trung (CT),
form.tz_cet,common,FORM FIELDS,Central European Time (CET),Giờ Trung Âu (CET),
form.tz_eastern,common,FORM FIELDS,Eastern Time (ET),Giờ Miền Đông (ET),
form.tz_eet,common,FORM FIELDS,Eastern European Time,Giờ Đông Âu,
form.tz_gmt,common,FORM FIELDS,GMT / UTC,GMT / UTC,
form.tz_gulf,common,FORM FIELDS,Gulf Standard Time,Giờ Chuẩn Vùng Vịnh,
form.tz_hawaii,common,FORM FIELDS,Hawaii Time,Giờ Hawaii,
form.tz_india,common,FORM FIELDS,India Standard Time,Giờ Chuẩn Ấn Độ,
form.tz_japan,common,FORM FIELDS,Japan Standard Time,Giờ Chuẩn Nhật Bản,
form.tz_london,common,FORM FIELDS,London (GMT/BST),London (GMT/BST),
form.tz_mountain,common,FORM FIELDS,Mountain Time (MT),Giờ Miền Núi (MT),
form.tz_nz,common,FORM FIELDS,New Zealand Time,Giờ New Zealand,
form.tz_other,common,FORM FIELDS,Other,Khác,
form.tz_pacific,common,FORM FIELDS,Pacific Time (PT),Giờ Thái Bình Dương (PT),
form.tz_singapore,common,FORM FIELDS,Singapore Time,Giờ Singapore,
form.tz_sydney,common,FORM FIELDS,Australian Eastern Time,Giờ Miền Đông Úc,
modal.subtitle,common,CONTACT MODAL,Tell us about your situation and we'll get back to you within 24 hours.,Kể cho chúng tôi về tình huống của bạn và chúng tôi sẽ phản hồi trong vòng 24 giờ.,
ui.message_received,common,UI,Message Received,Đã Nhận Tin Nhắn,
ui.message_sent,common,UI,Message Sent!,Đã Gửi Tin Nhắn!,
ui.request_received,common,UI,Request Received,Đã Nhận Yêu Cầu,
ui.response_time,common,UI,We'll get back to you within 24-48 hours.,Chúng tôi sẽ phản hồi trong vòng 24-48 giờ.,
ui.response_time_business,common,UI,We'll get back to you within one business day.,Chúng tôi sẽ phản hồi trong vòng một ngày làm việc.,
about.title,about,HERO,About,Về Chúng Tôi,
about.subtitle,about,HERO,The person behind Review My Emails.,Người đứng sau Review My Emails.,DNT Review My Emails
about.name,about,BIO,Yanna-Torry Aspraki,Yanna-Torry Aspraki,DNT name
about.role,about,BIO,"Founder, Review My Emails","Người Sáng Lập, Review My Emails",DNT Review My Emails
about.bio_p1,about,BIO,"I started Review My Emails because I kept seeing the same problem. Marketers would run their lists through validation tools, get a clean bill of health, and then watch their deliverability tank anyway.","Tôi bắt đầu Review My Emails vì tôi liên tục thấy cùng một vấn đề. Các marketer chạy danh sách qua công cụ validation, nhận kết quả sạch đẹp, nhưng rồi vẫn thấy deliverability của họ lao dốc.",DNT Review My Emails
about.bio_p2,about,BIO,The tools were not lying. They just were not telling the whole story.,Các công cụ không nói dối. Chúng chỉ không kể toàn bộ câu chuyện.,
about.bio_p3,about,BIO,"Validation checks if an address exists. It does not check if sending there is safe. It does not know about complaint histories, engagement patterns, or domain-level risk signals that accumulate over time.","Validation kiểm tra xem địa chỉ có tồn tại không. Nó không kiểm tra xem gửi đến đó có an toàn không. Nó không biết về lịch sử khiếu nại, mô hình tương tác, hay các tín hiệu rủi ro cấp tên miền tích tụ theo thời gian.",
about.bio_p4,about,BIO,"I spent years in email deliverability, working with senders of all sizes. I learned that list health is not binary. An address can be technically valid and still damage your reputation. The question is not ""will this bounce?"" but ""should I send here?""","Tôi đã dành nhiều năm trong lĩnh vực email deliverability, làm việc với người gửi ở mọi quy mô. Tôi học được rằng sức khỏe danh sách không phải là nhị phân (trắng/đen). Một địa chỉ có thể hợp lệ về mặt kỹ thuật nhưng vẫn làm hại danh tiếng của bạn. Câu hỏi không phải là ""nó có bị bounce không?"" mà là ""tôi có nên gửi đến đây không?""",
about.bio_p5,about,BIO,"That is what Review My Emails answers. Every address gets labeled Keep, Monitor, or Suppress. And every label comes with the reasoning behind it. No black boxes. No guessing.","Đó là câu trả lời mà Review My Emails mang lại. Mỗi địa chỉ được dán nhãn Giữ, Theo dõi, hoặc Chặn. Và mỗi nhãn đi kèm với lý do đằng sau nó. Không có hộp đen bí ẩn. Không phải đoán mò.",DNT Review My Emails, Keep, Monitor, Suppress
about.bio_p6,about,BIO,"If you have questions about your list or your deliverability, I am happy to talk. That is what the SOS Hotline is for.","Nếu bạn có câu hỏi về danh sách hoặc deliverability của mình, tôi rất vui được trò chuyện. Đó là lý do SOS Hotline tồn tại.",DNT SOS Hotline
about.cta_title,about,CTA,Questions?,Câu Hỏi?,
about.cta_subtitle,about,CTA,Talk through your situation. No pitch. Just answers.,Trao đổi về tình huống của bạn. Không chào hàng. Chỉ có câu trả lời.,
about.cta_sos,about,CTA,Learn About SOS Hotline,Tìm Hiểu Về SOS Hotline,DNT SOS Hotline
about.cta_pricing,about,CTA,See Pricing,Xem Giá,
about.team_title,about,TEAM,The Team,Đội Ngũ,
about.team_subtitle,about,TEAM,Need a hand (or eight)? We have got you covered.,Cần một bàn tay giúp đỡ (hay tám bàn tay)? Chúng tôi lo được.,
about.team_contact,about,TEAM,Get in touch:,Liên hệ:,
about.modal_title,about,MODAL,Get in Touch,Liên Hệ,
about.modal_subtitle,about,MODAL,Tell us what you're working on. We'll get back to you within one business day.,Hãy cho chúng tôi biết bạn đang làm gì. Chúng tôi sẽ phản hồi trong vòng một ngày làm việc.,
about.modal_success,about,MODAL,Message Sent!,Đã Gửi Tin Nhắn!,
about.modal_close,about,MODAL,Close,Đóng,
footer.tagline,common,FOOTER,We see what algorithms can't.,Chúng tôi thấy những gì thuật toán không thể thấy.,
footer.services,common,FOOTER,Services,Dịch Vụ,
footer.company,common,FOOTER,Company,Công Ty,
footer.contact,common,FOOTER,Contact,Liên Hệ,
footer.security,common,FOOTER,Security,Bảo Mật,
footer.copyright,common,FOOTER,© 2026 Review My Emails. All rights reserved.,© 2026 Review My Emails. Bảo lưu mọi quyền.,DNT brand
footer.privacy,common,FOOTER,Privacy Policy,Chính Sách Bảo Mật,
footer.terms,common,FOOTER,Terms,Điều Khoản,
lang.select,common,LANGUAGE,Language,Ngôn Ngữ,
lang.current_en,common,LANGUAGE,Language: English,Ngôn Ngữ: Tiếng Việt,
ui.loading,common,UI,Loading...,Đang tải...,
ui.submit,common,UI,Submit,Gửi,
ui.cancel,common,UI,Cancel,Hủy,
ui.close,common,UI,Close,Đóng,
ui.learn_more,common,UI,Learn More,Tìm Hiểu Thêm,
ui.view_details,common,UI,View Details,Xem Chi Tiết,
ui.success,common,UI,Success!,Thành Công!,
ui.error,common,UI,Something went wrong. Please try again.,Đã xảy ra lỗi. Vui lòng thử lại.,
ui.required,common,UI,Required,Bắt buộc,
og.headline,common,OG IMAGE,Stop guessing what's wrong with your list,Ngừng đoán già đoán non về vấn đề danh sách của bạn,Main text on OG image
og.subhead,common,OG IMAGE,We find the problems tools miss,Chúng tôi tìm ra vấn đề mà công cụ bỏ sót,Secondary text
og.tagline,common,OG IMAGE,Expert Email List Cleaning,Làm Sạch Danh Sách Email Chuyên Gia,Bottom tagline
easter.fish_message,common,EASTER EGG,You found me! Here's 20% off your first order.,Bạn tìm thấy tôi rồi! Tặng bạn giảm giá 20% cho đơn hàng đầu tiên.,Optional
easter.fish_coupon,common,EASTER EGG,Coupon: DEEPDIVE20,Mã giảm giá: DEEPDIVE20,DNT coupon code
easter.exit_button,common,EASTER EGG,Return to Surface,Quay Lại Mặt Nước,
easter.hint,common,EASTER EGG,Something is swimming in the deep...,Có thứ gì đó đang bơi dưới đáy sâu...,
ui.menu_open,common,UI,Open menu,Mở menu,Accessibility label
ui.menu_close,common,UI,Close menu,Đóng menu,Accessibility label
nav.home,common,NAVIGATION,Home,Trang Chủ,
nav.how_it_works,common,NAVIGATION,How It Works,Cách Hoạt Động,
nav.pricing,common,NAVIGATION,Pricing,Giá Cả,
nav.sos_hotline,common,NAVIGATION,SOS Hotline,SOS Hotline,DNT SOS Hotline
nav.about,common,NAVIGATION,About,Về Chúng Tôi,
nav.partner,common,NAVIGATION,Partner,Đối Tác,
nav.quiz,common,NAVIGATION,Free Quiz,Quiz Miễn Phí,
nav.audit,common,NAVIGATION,Self-Audit,Tự Kiểm Tra,
nav.cta,common,NAVIGATION,Get My List Cleaned,Làm Sạch Danh Sách,
audit.sos_badge,audit,SOS PLUG,Free. No pitch. Just answers.,Miễn phí. Không chào hàng. Chỉ có câu trả lời.,
audit.get_cleaning,audit,BUTTONS,Get Expert List Cleaning,Nhận Dịch Vụ Làm Sạch Chuyên Gia,
audit.what_cover,audit,CONTENT,What we'll cover,Những gì chúng ta sẽ đề cập,
partner.cta_title,partner,CTA,Interested?,Quan Tâm?,
partner.cta_subtitle,partner,CTA,Reach out to discuss how we can work together. No pitch deck required. Just tell us what you are trying to solve.,Liên hệ để thảo luận cách hợp tác. Không cần hồ sơ năng lực. Chỉ cần cho biết bạn đang cố giải quyết vấn đề gì.,
partner.cta_button,partner,CTA,Email Us,Gửi Email,
partner.modal_title,partner,MODAL,Partner With Us,Hợp Tác Với Chúng Tôi,
partner.modal_subtitle,partner,MODAL,Tell us about your business and we'll get back to you within 24 hours.,Kể về doanh nghiệp của bạn và chúng tôi sẽ phản hồi trong 24 giờ.,
partner.modal_placeholder,partner,MODAL,Tell us about your business and how you'd like to partner...,Kể về doanh nghiệp của bạn và mong muốn hợp tác...,
partner.modal_button,partner,MODAL,Send Message,Gửi Tin Nhắn,
partner.modal_success_title,partner,MODAL,Message Received,Đã Nhận Tin Nhắn,
partner.modal_success_text,partner,MODAL,We'll get back to you within 24 hours.,Chúng tôi sẽ phản hồi trong vòng 24 giờ.,