Key,Page,Section,English,Khmer,Notes
home.title,homepage,META & SEO,Review My Emails | Email List Cleaning That Tells You What to Do,Review My Emails | សេវាសម្អាតបញ្ជីអ៊ីមែលដោយអ្នកជំនាញ,"DNT ""Review My Emails"""
home.meta_desc,homepage,META & SEO,"Validation tools see addresses. We see patterns, context, and risk. Then we tell you exactly what to do. Clear labels: Keep, Monitor, Suppress. With the reasoning behind each one.",សេវាសម្អាតបញ្ជីអ៊ីមែលដោយអ្នកជំនាញ។ មិនមែន Validation ស្វ័យប្រវត្តិទេ - ការវិភាគដោយដៃដែលរកឃើញ spam traps ទំនាក់ទំនងប្រថុយ និងបញ្ហាដែលប៉ះពាល់កេរ្តិ៍ឈ្មោះរបស់អ្នក។,DNT Keep/Monitor/Suppress
home.og_title,homepage,META & SEO,Review My Emails | Email List Cleaning That Tells You What to Do,Review My Emails | សេវាសម្អាតបញ្ជីអ៊ីមែលដែលប្រាប់អ្នកពីអ្វីដែលត្រូវធ្វើ,"Same as title, for social sharing"
home.og_desc,homepage,META & SEO,"Validation tools see addresses. We see patterns, context, and risk. Then we tell you exactly what to do.",ឧបករណ៍ Validation មើលឃើញតែអាសយដ្ឋាន។ យើងមើលឃើញលំនាំ បរិបទ និងហានិភ័យ។ បន្ទាប់មកយើងប្រាប់អ្នកច្បាស់ពីអ្វីដែលត្រូវធ្វើ។,For social sharing
home.hero_badge,homepage,HERO,By Yanna-Torry Aspraki,លើសពី Validation,DNT name
home.hero_headline_1,homepage,HERO,Stop guessing what is wrong with your list.,ឈប់ទស្សន៍ទាយពីអ្វីដែលខុសជាមួយបញ្ជីរបស់អ្នក។,First line of headline
home.hero_headline_2,homepage,HERO,We find the problems tools miss.,យើងរកឃើញបញ្ហាដែលឧបករណ៍មិនអាចរកឃើញ។,"Second line, highlighted"
home.hero_subhead,homepage,HERO,"Validation tools see addresses. We see patterns, context, and risk. Then we tell you exactly what to do.","អ្វីដែលអ្នកនឹងទទួលបាន៖ បញ្ជីស្អាតដែលមានស្លាក Keep, Monitor ឬ Suppress—បូកនឹងហេតុផលនៅពីក្រោយនីមួយៗ។",
home.cta_primary,homepage,HERO,Get My List Cleaned,សម្អាតបញ្ជីរបស់ខ្ញុំ,Main CTA button
home.hero_bridge,homepage,HERO,Most email inboxing and deliverability problems trace back to list quality.,បញ្ហា inboxing និង deliverability ភាគច្រើនកើតចេញពីគុណភាពបញ្ជី។,
home.hero_quiz_prefix,homepage,HERO,Not sure yet?,នៅមិនទាន់ប្រាកដ?,
home.hero_quiz_link,homepage,HERO,Take the 2-minute risk check,ធ្វើតេស្តពិនិត្យហានិភ័យ ២នាទី,
home.symptoms_title,homepage,SYMPTOMS,Sound familiar?,ស្គាល់មុខមែនទេ?,Section title
home.symptoms_subtitle,homepage,SYMPTOMS,You're not alone. These are the patterns we see every day.,អ្នកមិនឯកោទេ។ ទាំងនេះជាលំនាំដែលយើងឃើញរាល់ថ្ងៃ។,
home.symptom_1,homepage,SYMPTOMS,<strong>No idea</strong> where half this list came from.,<strong>គ្មានគំនិត</strong>ថាពាក់កណ្តាលបញ្ជីនេះមកពីណា។,Bold: No idea
home.symptom_2,homepage,SYMPTOMS,One tool says <strong>clean</strong>. Another says <strong>risky</strong>.,ឧបករណ៍មួយនិយាយ<strong>ស្អាត</strong>។ មួយទៀតនិយាយ<strong>ហានិភ័យ</strong>។,"Bold: clean, risky"
home.symptom_3,homepage,SYMPTOMS,"<strong>Scared to remove</strong> subscribers, even the ones who never open.",<strong>ខ្លាចដកចេញ</strong>អ្នកជាវ សូម្បីតែអ្នកដែលមិនដែលបើក។,Bold: Scared to remove
home.symptom_4,homepage,SYMPTOMS,Haven't emailed this list in <strong>months</strong>. Afraid to restart.,មិនបានផ្ញើអ៊ីមែលទៅបញ្ជីនេះរយៈពេល<strong>ច្រើនខែ</strong>។ ខ្លាចចាប់ផ្តើមឡើងវិញ។,Bold: months
home.symptom_5,homepage,SYMPTOMS,Paid for list cleaning <strong>yesterday</strong>. Bounces <strong>today</strong>.,បង់ប្រាក់សម្រាប់សម្អាតបញ្ជី<strong>ម្សិលមិញ</strong>។ Bounces <strong>ថ្ងៃនេះ</strong>។,"Bold: yesterday, today"
home.symptom_6,homepage,SYMPTOMS,Open rates <strong>dropped</strong> and nobody can explain why.,អត្រាបើក<strong>ធ្លាក់ចុះ</strong>ហើយគ្មាននរណាអាចពន្យល់ថាហេតុអ្វី។,Bold: dropped
home.symptom_7,homepage,SYMPTOMS,List keeps <strong>growing</strong>. Revenue <strong>doesn't</strong>.,បញ្ជីបន្ត<strong>កើនឡើង</strong>។ ចំណូល<strong>មិនកើន</strong>។,"Bold: growing, doesn't"
home.symptom_8,homepage,SYMPTOMS,"Emails <strong>not inboxing</strong> anymore, going to spam or nowhere at all.",អ៊ីមែល<strong>មិនទៅដល់ inbox ទៀតទេ</strong> ពួកវាទៅ spam ឬគ្មានទីកន្លែង។,Bold: not inboxing
home.crisis_title,homepage,CRISIS,Crisis Mode?,នៅក្នុង blocklist? ការព្រមានពី ESP? កេរ្តិ៍ឈ្មោះធ្លាក់ចុះ?,Box title
home.crisis_subtitle,homepage,CRISIS,"If any of these are true, start here.",ប្រសិនបើណាមួយនេះពិត សូមចាប់ផ្តើមនៅទីនេះ។,
home.crisis_item_1,homepage,CRISIS,ESP sent a compliance warning or paused your sending.,ESP បានផ្ញើការព្រមានអនុលោមភាព ឬផ្អាកការផ្ញើរបស់អ្នក។,
home.crisis_item_2,homepage,CRISIS,"Blocklisted, or you think you might be.",នៅលើ blocklist ឬអ្នកគិតថាអ្នកអាចនឹងនៅ។,
home.crisis_item_3,homepage,CRISIS,Last send spiked bounces. Now everyone's afraid to send again.,ការផ្ញើចុងក្រោយមាន bounces ច្រើន។ ឥឡូវអ្នកទាំងអស់ខ្លាចផ្ញើម្តងទៀត។,
home.crisis_cta,homepage,CRISIS,Email the SOS Hotline,ទទួលជំនួយបន្ទាន់,DNT SOS Hotline
home.steps_title,homepage,STEPS,How we actually work,របៀបដែលយើងធ្វើការពិតប្រាកដ,
home.steps_subtitle,homepage,STEPS,Simple process. Expert execution. Real results.,ដំណើរការសាមញ្ញ។ ការប្រតិបត្តិដោយអ្នកជំនាញ។ លទ្ធផលពិត។,
home.step1_number,homepage,STEPS,Step 01,ជំហាន ០១,
home.step1_title,homepage,STEPS,Send us your list,ផ្ញើបញ្ជីរបស់អ្នក,
home.step1_desc,homepage,STEPS,"CSV, Excel, whatever you have. We've seen it all. No judgment, no questions.",CSV ឬ Excel។ រហូតដល់ 500K អាសយដ្ឋាន។ ការផ្ទេរសុវត្ថិភាពរួមបញ្ចូល។,
home.step2_number,homepage,STEPS,Step 02,ជំហាន ០២,
home.step2_title,homepage,STEPS,We review every address,យើងពិនិត្យដោយដៃ,
home.step2_desc,homepage,STEPS,"One by one. Looking for bounces, spam traps, disposables, and reputation killers.",ការវិភាគគំរូ។ ការរកឃើញអន្ទាក់។ ការវាយតម្លៃហានិភ័យកេរ្តិ៍ឈ្មោះ។ 24-48 ម៉ោង។,
home.step3_number,homepage,STEPS,Step 03,ជំហាន ០៣,
home.step3_title,homepage,STEPS,Get your clean list back,ទទួលបញ្ជីស្អាតរបស់អ្នក,
home.step3_desc,homepage,STEPS,With clear labels and a report. You'll know exactly what to do with each address.,រាល់អាសយដ្ឋានមានស្លាក។ របាយការណ៍ពន្យល់ពេញលេញ។ ការហៅទូរសព្ទណែនាំ 30 នាទី។,
home.steps_whisper,homepage,STEPS,No outsourcing. No AI guesswork. Just experienced eyes on every list.,គ្មានការ outsource។ គ្មានការទស្សន៍ទាយ AI។ គ្រាន់តែភ្នែកដែលមានបទពិសោធន៍លើបញ្ជីនីមួយៗ។,Small text at bottom
home.pullquote_text,homepage,TESTIMONIAL,"""She cleaned and organized our database with incredible efficiency and set us up for long-term success.""","""នាងបានសម្អាត និងរៀបចំមូលដ្ឋានទិន្នន័យរបស់យើងដោយប្រសិទ្ធភាពអស្ចារ្យ ហើយរៀបចំយើងសម្រាប់ភាពជោគជ័យរយៈពេលវែង។""",
home.pullquote_author,homepage,TESTIMONIAL,"Sam Cande, UK","Sam Cande, UK",
home.manifesto_text,homepage,MANIFESTO,You've probably run your list through a tool before. It said 95% valid. You sent anyway. Bounces happened. That's the gap between validation and understanding.,អ្នកប្រហែលជាបានដាក់បញ្ជីរបស់អ្នកតាមឧបករណ៍រួចហើយ។ វានិយាយថា 95% valid។ អ្នកបានផ្ញើទោះបីជាយ៉ាងណា។ Bounces បានកើតឡើង។ នោះគឺជាគម្លាតរវាង validation និងការយល់ដឹង។,
home.features_title,homepage,FEATURES,What you actually get,អ្វីដែលអ្នកពិតជាទទួលបាន,
home.feature1_title,homepage,FEATURES,Clear action labels,ស្លាកសកម្មភាពច្បាស់លាស់,
home.feature1_desc,homepage,FEATURES,"Every email marked Keep, Monitor, or Suppress. No ambiguity, no guessing what to do next.","អ៊ីមែលនីមួយៗត្រូវបានដាក់ស្លាក Keep, Monitor ឬ Suppress។ គ្មានភាពមិនច្បាស់លាស់ គ្មានការសង្ស័យពីអ្វីដែលត្រូវធ្វើបន្ទាប់។",DNT Keep/Monitor/Suppress
home.feature2_title,homepage,FEATURES,Detailed reasoning,ហេតុផលលម្អិត,
home.feature2_desc,homepage,FEATURES,"Not just 'risky', we tell you why. Spam trap patterns, domain issues, behavioral signals.","មិនមែនគ្រាន់តែ 'ហានិភ័យ' ទេ យើងប្រាប់អ្នកថាហេតុអ្វី។ លំនាំ spam trap, បញ្ហា domain, សញ្ញាអាកប្បកិរិយា។",
home.feature3_title,homepage,FEATURES,Expert interpretation included,ការបកស្រាយដោយអ្នកជំនាញរួមបញ្ចូល,
home.feature3_desc,homepage,FEATURES,"Not just data, context. Every list review includes a walkthrough of your results. I explain what I found, what it means, and exactly what to do next.",មិនមែនគ្រាន់តែទិន្នន័យទេ បរិបទ។ ការពិនិត្យបញ្ជីនីមួយៗរួមបញ្ចូលការពន្យល់លទ្ធផល។ ខ្ញុំពន្យល់ពីអ្វីដែលខ្ញុំរកឃើញ អត្ថន័យរបស់វា និងអ្វីដែលត្រូវធ្វើបន្ទាប់ទៀត។,
home.quiz_cta_title,homepage,QUIZ CTA,Not sure if your list needs this?,មិនប្រាកដថាបញ្ជីរបស់អ្នកត្រូវការនេះទេ?,
home.quiz_cta_subtext,homepage,QUIZ CTA,"Take a 2-minute self-assessment. Four questions about how you built your list, and we'll tell you what risk level you're probably at.",ធ្វើការវាយតម្លៃខ្លួនឯង ២នាទី។ សំណួរបួនអំពីរបៀបដែលអ្នកបានបង្កើតបញ្ជីរបស់អ្នក ហើយយើងនឹងប្រាប់អ្នកថាអ្នកប្រហែលជានៅកម្រិតហានិភ័យណា។,
home.quiz_cta_button,homepage,QUIZ CTA,Take the 2-Minute Risk Check,ធ្វើការពិនិត្យហានិភ័យ ២នាទី,
home.testimonials_title,homepage,TESTIMONIALS,People who trusted us,មនុស្សដែលបានទុកចិត្តយើង,
home.testimonials_subtitle,homepage,TESTIMONIALS,Real feedback from real senders.,មតិកែលម្អពិតពីអ្នកផ្ញើពិត។,
home.testimonial1_name,homepage,TESTIMONIALS,Megan S.,Megan S.,
home.testimonial1_role,homepage,TESTIMONIALS,UK,UK,
home.testimonial1_quote,homepage,TESTIMONIALS,"""The SOS Hotline gave me extremely helpful guidance. Yanna-Torry cleaned our list and supported us beyond the call.""","""SOS Hotline បានផ្តល់ឱ្យខ្ញុំនូវការណែនាំដែលមានប្រយោជន៍ខ្លាំង។ Yanna-Torry បានសម្អាតបញ្ជីរបស់យើង ហើយគាំទ្រយើងលើសពីការរំពឹងទុក។""","DNT SOS Hotline, Yanna-Torry"
home.testimonial2_name,homepage,TESTIMONIALS,Chris Mead,Chris Mead,
home.testimonial2_role,homepage,TESTIMONIALS,UK,UK,
home.testimonial2_quote,homepage,TESTIMONIALS,"""Real human expertise. Tailor-made solutions. Not an AI tool.""","""ជំនាញមនុស្សពិត។ ដំណោះស្រាយផ្ទាល់ខ្លួន។ មិនមែនឧបករណ៍ AI ទេ។""",
home.testimonial3_name,homepage,TESTIMONIALS,Adeola Sole,Adeola Sole,
home.testimonial3_role,homepage,TESTIMONIALS,UK,UK,
home.testimonial3_quote,homepage,TESTIMONIALS,"""RME provides deep insights our ESP misses and helped us segment smarter.""","""RME ផ្តល់នូវការយល់ដឹងស៊ីជម្រៅដែល ESP របស់យើងខកខាន ហើយបានជួយយើង segment ដោយឆ្លាតវៃជាងមុន។""","DNT RME, ESP"
home.final_title,homepage,FINAL CTA,Ready to know what's in your list?,ត្រៀមខ្លួនដើម្បីមើលអ្វីដែលពិតជានៅក្នុងបញ្ជីរបស់អ្នក?,
home.final_subtext,homepage,FINAL CTA,"Send us your list. We'll tell you exactly what's safe to send, what needs watching, and what will hurt you.",ផ្ញើបញ្ជីរបស់អ្នកមកយើង។ យើងនឹងប្រាប់អ្នកច្បាស់ថាអ្វីមានសុវត្ថិភាពក្នុងការផ្ញើ អ្វីត្រូវការការត្រួតពិនិត្យ និងអ្វីនឹងប៉ះពាល់អ្នក។,
home.final_cta,homepage,FINAL CTA,Get My List Cleaned,ចាប់ផ្តើមឥឡូវ,
home.final_footer,homepage,FINAL CTA,Most lists returned within 24 hours.,បញ្ជីភាគច្រើនត្រូវបានត្រឡប់មកវិញក្នុងរយៈពេល ២៤ម៉ោង។,
modal.contact_title,common,CONTACT MODAL,Get in Touch,ទំនាក់ទំនងយើង,
modal.contact_subtitle,common,CONTACT MODAL,Tell us what you're working on. We'll get back to you within one business day.,ប្រាប់យើងពីអ្វីដែលអ្នកកំពុងធ្វើ។ យើងនឹងឆ្លើយតបក្នុងរយៈពេលមួយថ្ងៃធ្វើការ។,
modal.form_name,common,CONTACT MODAL,Name,ឈ្មោះ,
modal.form_email,common,CONTACT MODAL,Email,អ៊ីមែល,
modal.form_timezone,common,CONTACT MODAL,Timezone,តំបន់ពេលវេលា,
modal.form_timezone_placeholder,common,CONTACT MODAL,Select your timezone (optional),ជ្រើសរើសតំបន់ពេលវេលារបស់អ្នក (ជាជម្រើស),
modal.form_message,common,CONTACT MODAL,Message,សារ,
modal.form_message_placeholder,common,CONTACT MODAL,What can we help you with?,តើយើងអាចជួយអ្នកដោយរបៀបណា?,
modal.form_message_helper,common,CONTACT MODAL,Optional - but helps us prepare for the conversation.,ជាជម្រើស - ប៉ុន្តែជួយយើងរៀបចំសម្រាប់ការសន្ទនា។,
modal.form_submit,common,CONTACT MODAL,Send Message,ផ្ញើសារ,
modal.success_title,common,CONTACT MODAL,Message Sent!,សារត្រូវបានផ្ញើ!,
modal.success_message,common,CONTACT MODAL,We'll get back to you within one business day.,យើងនឹងឆ្លើយតបក្នុងរយៈពេលមួយថ្ងៃធ្វើការ។,
modal.timezone_pt,common,CONTACT MODAL,Pacific Time (PT),ម៉ោងប៉ាស៊ីហ្វិក (PT),
modal.timezone_mt,common,CONTACT MODAL,Mountain Time (MT),ម៉ោងភ្នំ (MT),
modal.timezone_ct,common,CONTACT MODAL,Central Time (CT),ម៉ោងកណ្តាល (CT),
modal.timezone_et,common,CONTACT MODAL,Eastern Time (ET),ម៉ោងខាងកើត (ET),
modal.timezone_gmt,common,CONTACT MODAL,GMT / UTC,GMT / UTC,
modal.timezone_cet,common,CONTACT MODAL,Central European Time (CET),ម៉ោងអឺរ៉ុបកណ្តាល (CET),
modal.timezone_other,common,CONTACT MODAL,Other,ផ្សេងទៀត,
modal.form_sending,common,CONTACT MODAL,Sending...,កំពុងផ្ញើ...,
modal.form_try_again,common,CONTACT MODAL,Try Again,ព្យាយាមម្តងទៀត,
modal.form_error,common,CONTACT MODAL,Something went wrong. Please try again or email us directly at ahoy@reviewmyemails.com,មានបញ្ហាកើតឡើង។ សូមព្យាយាមម្តងទៀត ឬផ្ញើអ៊ីមែលមកយើងដោយផ្ទាល់នៅ ahoy@reviewmyemails.com,
modal.request_received,common,CONTACT MODAL,Request Received,ទទួលសំណើរួចហើយ,
modal.timezone_london,common,CONTACT MODAL,London (GMT/BST),ឡុងដ៍ (GMT/BST),
modal.timezone_singapore,common,CONTACT MODAL,Singapore Time,ម៉ោងសិង្ហបុរី,
modal.timezone_sydney,common,CONTACT MODAL,Australian Eastern Time,ម៉ោងអូស្ត្រាលីខាងកើត,
modal.timezone_alaska,common,CONTACT MODAL,Alaska Time,ម៉ោងអាឡាស្កា,
modal.timezone_hawaii,common,CONTACT MODAL,Hawaii Time,ម៉ោងហាវ៉ៃ,
modal.timezone_eet,common,CONTACT MODAL,Eastern European Time,ម៉ោងអឺរ៉ុបខាងកើត,
modal.timezone_gulf,common,CONTACT MODAL,Gulf Standard Time,ម៉ោងស្តង់ដារឈូង,
modal.timezone_india,common,CONTACT MODAL,India Standard Time,ម៉ោងស្តង់ដារឥណ្ឌា,
modal.timezone_japan,common,CONTACT MODAL,Japan Standard Time,ម៉ោងស្តង់ដារជប៉ុន,
modal.timezone_nz,common,CONTACT MODAL,New Zealand Time,ម៉ោងនូវែលហ្សេឡង់,
ui.menu_open,common,UI,Open menu,បើកមឺនុយ,Accessibility label
ui.menu_close,common,UI,Close menu,បិទមឺនុយ,Accessibility label
nav.home,common,NAVIGATION,Home,ទំព័រដើម,
nav.how_it_works,common,NAVIGATION,How It Works,របៀបដែលវាដំណើរការ,
nav.pricing,common,NAVIGATION,Pricing,តម្លៃ,
nav.sos_hotline,common,NAVIGATION,SOS Hotline,SOS Hotline,DNT SOS Hotline
nav.about,common,NAVIGATION,About,អំពីយើង,
nav.partner,common,NAVIGATION,Partner,ដៃគូ,
nav.quiz,common,NAVIGATION,Free Quiz,Quiz ឥតគិតថ្លៃ,
nav.audit,common,NAVIGATION,Self-Audit,ការត្រួតពិនិត្យខ្លួនឯង (Self-Audit),
nav.cta,common,NAVIGATION,Get My List Cleaned,សម្អាតបញ្ជីរបស់ខ្ញុំ,
footer.tagline,common,FOOTER,We see what algorithms can't.,យើងមើលឃើញអ្វីដែល algorithms មិនអាច។,
footer.services,common,FOOTER,Services,សេវាកម្ម,
footer.company,common,FOOTER,Company,ក្រុមហ៊ុន,
footer.contact,common,FOOTER,Contact,ទំនាក់ទំនង,
footer.security,common,FOOTER,Security,សុវត្ថិភាព,
footer.copyright,common,FOOTER,© 2026 Review My Emails. All rights reserved.,© 2026 Review My Emails។ រក្សាសិទ្ធិគ្រប់យ៉ាង។,DNT brand
footer.privacy,common,FOOTER,Privacy Policy,ភាពឯកជន,
footer.terms,common,FOOTER,Terms,លក្ខខណ្ឌ,
lang.select,common,LANGUAGE,Language,ភាសា,
lang.current_en,common,LANGUAGE,Language: English,ភាសា: ខ្មែរ,
ui.loading,common,UI,Loading...,កំពុងផ្ទុក...,
ui.submit,common,UI,Submit,បញ្ជូន,
ui.cancel,common,UI,Cancel,បោះបង់,
ui.close,common,UI,Close,បិទ,
ui.learn_more,common,UI,Learn More,ស្វែងយល់បន្ថែម,
ui.view_details,common,UI,View Details,មើលព័ត៌មានលម្អិត,
ui.success,common,UI,Success!,ជោគជ័យ!,
ui.error,common,UI,Something went wrong. Please try again.,មានអ្វីមួយខុសប្រក្រតី។ សូមព្យាយាមម្តងទៀត។,
ui.required,common,UI,Required,ចាំបាច់,
og.headline,common,OG IMAGE,Stop guessing what's wrong with your list,ឈប់ទស្សន៍ទាយពីអ org អ្វីដែលខុសជាមួយបញ្ជីរបស់អ្នក,Main text on OG image
og.subhead,common,OG IMAGE,We find the problems tools miss,យើងរកឃើញបញ្ហាដែលឧបករណ៍មិនអាចរកឃើញ,Secondary text
og.tagline,common,OG IMAGE,Expert Email List Cleaning,សេវាសម្អាតបញ្ជីអ៊ីមែលដោយអ្នកជំនាញ,Bottom tagline
easter.fish_message,common,EASTER EGG,You found me! Here's 20% off your first order.,អ្នករកខ្ញុំឃើញហើយ! នេះគឺ 20% បញ្ចុះតម្លៃលើការបញ្ជាទិញដំបូងរបស់អ្នក។,Optional
easter.fish_coupon,common,EASTER EGG,Coupon: DEEPDIVE20,គូប៉ុង: DEEPDIVE20,DNT coupon code
easter.exit_button,common,EASTER EGG,Return to Surface,ត្រឡប់ទៅផ្ទៃ,
easter.hint,common,EASTER EGG,Something is swimming in the deep...,មានអ org វីមួយកំពុងហែលនៅជម្រៅ...,
about.title,about,HERO,About,អំពី,
about.subtitle,about,HERO,The person behind Review My Emails.,មនុស្សនៅពីក្រោយ Review My Emails។,DNT Review My Emails
about.name,about,BIO,Yanna-Torry Aspraki,Yanna-Torry Aspraki,DNT name
about.role,about,BIO,"Founder, Review My Emails","ស្ថាបនិក, Review My Emails",DNT Review My Emails
about.bio_p1,about,BIO,"I started Review My Emails because I kept seeing the same problem. Marketers would run their lists through validation tools, get a clean bill of health, and then watch their deliverability tank anyway.",ខ្ញុំបានចាប់ផ្តើម Review My Emails ព្រោះខ្ញុំឃើញបញ្ហាដដែលៗ។ Marketers បានដាក់បញ្ជីរបស់ពួកគេតាមរយៈឧបករណ org៍ validation ទទួលបានសុខភាពល្អ ហើយបន្ទាប់មកមើល deliverability របស់ពួកគេធ្លាក់ទោះជាយ៉ org។,DNT Review My Emails
about.bio_p2,about,BIO,The tools were not lying. They just were not telling the whole story.,ឧបករណ org៍មិនបានកុហកទេ។ គ្រាន់តែពួកគេមិនបានប្រាប់រឿងទាំងមូល។,
about.bio_p3,about,BIO,"Validation checks if an address exists. It does not check if sending there is safe. It does not know about complaint histories, engagement patterns, or domain-level risk signals that accumulate over time.",Validation ពិនិត្យមើលថាអាសយដ្ឋានមានឬអត់។ វាមិនពិនិត្យមើលថាការផ្ញើទៅទីនោះមានសុវត្ថិភាពទេ។ វាមិនដឹងអំពីប្រវត្តិបណ្តឹង គំរូការចូលរួម ឬសញ្ញាហានិភ័យកម្រិត domain ដែលកកកុញតាមពេលវេលា។,
about.bio_p4,about,BIO,"I spent years in email deliverability, working with senders of all sizes. I learned that list health is not binary. An address can be technically valid and still damage your reputation. The question is not ""will this bounce?"" but ""should I send here?""","ខ្ញុំបានចំណាយពេលជាច្រើនឆ្នាំក្នុង email deliverability ធ្វើការជាមួយអ្នកផ្ញើគ្រប់ទំហំ។ ខ្ញុំបានរៀនថាសុខភាពបញ្ជីមិនមែនជា binary ទេ។ អាសយដ្ឋានអាចមានសុពលភាពបច្ចេកទេស ប៉ org្រូវក៏នៅតែប៉ org។ សំណួរមិនមែន ""តើនេះនឹង bounce ទេ?"" ប org្រូវទេ ""តើខ org្ម org។""",
about.bio_p5,about,BIO,"That is what Review My Emails answers. Every address gets labeled Keep, Monitor, or Suppress. And every label comes with the reasoning behind it. No black boxes. No guessing.","នោះជាអ្វីដែល Review My Emails ឆ្លើយ។ រាល់អាសយដ្ឋានទាំងអស់ត្រូវបានសម្គាល់ថា Keep, Monitor ឬ Suppress។ ហើយរាល់ស្លាកមកជាមួយហេតុផលនៅពីក្រោយវា។ គ្មានប្រអប់ខ្មៅ។ គ្មានការស្មាន។",DNT Review My Emails, Keep, Monitor, Suppress
about.bio_p6,about,BIO,"If you have questions about your list or your deliverability, I am happy to talk. That is what the SOS Hotline is for.","ប្រសិនបើអ្នកមានសំណួរអំពីបញ្ជីរបស់អ្នក ឬ deliverability របស់អ្នក ខ្ញុំរីករាយក្នុងការនិយាយ។ នោះជាអ្វីដែល SOS Hotline មានសម្រាប់។",DNT SOS Hotline
about.cta_title,about,CTA,Questions?,សំណួរ?,
about.cta_subtitle,about,CTA,Talk through your situation. No pitch. Just answers.,និយាយអំពីស្ថានភាពរបស់អ្នក។ គ្មានការលក់។ គ្រាន់តែចម្លើយ។,
about.cta_sos,about,CTA,Learn About SOS Hotline,ស្វែងយល់អំពី SOS Hotline,DNT SOS Hotline
about.cta_pricing,about,CTA,See Pricing,មើលតម្លៃ,
about.team_title,about,TEAM,The Team,ក្រុម,
about.team_subtitle,about,TEAM,Need a hand (or eight)? We have got you covered.,ត្រូវការដៃជួយ (ឬប្រាំបី)? យើងគ្របដណ្តប់អ្នក។,
about.team_contact,about,TEAM,Get in touch:,ទាក់ទង:,
about.modal_title,about,MODAL,Get in Touch,ទាក់ទងមកយើង,
about.modal_subtitle,about,MODAL,Tell us what you're working on. We'll get back to you within one business day.,ប្រាប់យើងអំពីអ្វីដែលអ្នកកំពុងធ្វើ។ យើងនឹងឆ្លើយតបក្នុងរយៈពេលមួយថ្ងៃធ្វើការ។,
about.modal_success,about,MODAL,Message Sent!,សារបានផ្ញើហើយ!,
dfy.hero_title,done-for-you,HERO,Validators check addresses. I read risk.,Validators ពិនិត្យអាសយដ្ឋាន។ ខ្ញុំអានហានិភ័យ។,
dfy.hero_subtitle,done-for-you,HERO,"Your list isn't broken. The assumptions behind it are. I read lists the way experience taught me, not the way software defaults to.","បញ្ជីរបស់អ្នកមិនខូចទេ។ ការសន្មតនៅពីក្រោយវាទើបខូច។ ខ្ញុំអានបញ្ជីតាមរបៀបដែលបទពិសោធន៍បានបង្រៀនខ្ញុំ មិនមែនតាមការកំណត់របស់ software ទេ។",
dfy.hero_cta,done-for-you,HERO,Get My List Cleaned,សម្អាតបញ្ជីរបស់ខ្ញុំ,
dfy.hero_cta_secondary,done-for-you,HERO,Contact Us First,ទាក់ទងមកយើងមុន,
dfy.output_title,done-for-you,OUTPUT,What You Get Back,អ្វីដែលអ្នកទទួលបាន,
dfy.output_subtitle,done-for-you,OUTPUT,"Your list sorted into three buckets, with the labels and reasoning behind each decision.","បញ្ជីរបស់អ្នកត្រូវបានតម្រៀបជាបីក្រុម ជាមួយនឹងស្លាក និងហេតុផលនៅពីក្រោយការសម្រេចចិត្តនីមួយៗ។",
dfy.output_safe,done-for-you,OUTPUT,Safe to Mail,សុវត្ថិភាពក្នុងការផ្ញើ (Safe),
dfy.output_safe_desc,done-for-you,OUTPUT,"No flags found. Domain checks out, validation passed, no risk signals. These are clear to send.","រកមិនឃើញទង់ហានិភ័យ។ Domain ត្រឹមត្រូវ validation ជាប់ គ្មានសញ្ញាហានិភ័យ។ ទាំងនេះអាចផ្ញើបានដោយសុវត្ថិភាព។",
dfy.output_yellow,done-for-you,OUTPUT,Yellow Flags,ទង់លឿង (Yellow Flags),
dfy.output_yellow_desc,done-for-you,OUTPUT,Each address comes with specific labels explaining why it landed here. Context matters. How you segment and send to these decides the outcome.,អាសយដ្ឋាននីមួយៗមានស្លាកជាក់លាក់ពន្យល់ថាហេតុអ្វីវាមកដល់ទីនេះ។ បរិបទសំខាន់ណាស់។ របៀបដែលអ្នក segment និងផ្ញើទៅកាន់ក្រុមនេះនឹងកំណត់លទ្ធផល។,
dfy.output_donotmail,done-for-you,OUTPUT,Do Not Mail,ហាមផ្ញើ (Do Not Mail),
dfy.output_donotmail_desc,done-for-you,OUTPUT,"Each address comes with specific labels explaining why. Invalid, trap-likely, disposable, or other risk signals. Don't send here.","អាសយដ្ឋាននីមួយៗមានស្លាកជាក់លាក់ពន្យល់ថាហេតុអ្វី។ មិនត្រឹមត្រូវ (Invalid), ទំនងជាអន្ទាក់ (Trap), ប្រើម្តងចោល (Disposable), ឬសញ្ញាហានិភ័យផ្សេងទៀត។ កុំផ្ញើទៅកាន់ពួកវា។",
dfy.output_note,done-for-you,OUTPUT,You also get the validation and DNS data that informed each decision. Not just buckets. The full picture.,អ្នកក៏ទទួលបានទិន្នន័យ validation និង DNS ដែលគាំទ្រការសម្រេចចិត្តនីមួយៗផងដែរ។ មិនមែនគ្រាន់តែជាក្រុមទេ។ គឺជារូបភាពពេញលេញ។,
dfy.howread_title,done-for-you,HOW I READ,How I Read Your List,របៀបដែលខ្ញុំអានបញ្ជីរបស់អ្នក,
dfy.howread_beyond,done-for-you,HOW I READ,I Look Beyond the Address,ខ្ញុំមើលលើសពីអាសយដ្ឋាន,
dfy.howread_beyond_desc,done-for-you,HOW I READ,"Domain behavior, history, and patterns across your entire list. Context, not just existence. An address that ""works"" can still be dangerous.","អាកប្បកិរិយារបស់ Domain ប្រវត្តិ និងលំនាំនៅទូទាំងបញ្ជីរបស់អ្នក។ បរិបទ មិនមែនគ្រាន់តែការមានវត្តមានទេ។ អាសយដ្ឋានដែល ""ដំណើរការ"" នៅតែអាចមានគ្រោះថ្នាក់។",
dfy.howread_miss,done-for-you,HOW I READ,I Check What Others Miss,ខ្ញុំពិនិត្យអ្វីដែលអ្នកផ្សេងមើលរំលង,
dfy.howread_miss_desc,done-for-you,HOW I READ,"Traps, role accounts, toxic domains, disposable patterns. The things that don't bounce but still hurt you. I've learned what to look for.","Spam traps, គណនី role, domains ដែលមានជាតិពុល, លំនាំ disposable។ អ្វីដែលមិន bounce ប៉ុន្តែនៅតែប៉ះពាល់ដល់អ្នក។ ខ្ញុំបានរៀនពីអ្វីដែលត្រូវស្វែងរក។",
dfy.howread_reasoning,done-for-you,HOW I READ,I Explain My Reasoning,ខ្ញុំពន្យល់ពីហេតុផលរបស់ខ្ញុំ,
dfy.howread_reasoning_desc,done-for-you,HOW I READ,"Not just labels. You get the thinking behind each decision so you understand why, and can make smarter calls next time.","មិនមែនគ្រាន់តែស្លាកទេ។ អ្នកទទួលបានការគិតនៅពីក្រោយការសម្រេចចិត្តនីមួយៗ ដើម្បីឱ្យអ្នកយល់ពីមូលហេតុ និងអាចសម្រេចចិត្តឆ្លាតវៃជាងមុននៅពេលក្រោយ។",
dfy.process_title,done-for-you,PROCESS,How It Works,របៀបដែលវាដំណើរការ,
dfy.process_subtitle,done-for-you,PROCESS,Simple process. Expert execution.,ដំណើរការសាមញ្ញ។ ការប្រតិបត្តិដោយអ្នកជំនាញ។,
dfy.step1_title,done-for-you,PROCESS,Send Us Your List,ផ្ញើបញ្ជីរបស់អ្នក,
dfy.step2_title,done-for-you,PROCESS,I Read Your List,ខ្ញុំអានបញ្ជីរបស់អ្នក,
dfy.step3_title,done-for-you,PROCESS,Get Labeled Results Back,ទទួលលទ្ធផលដែលមានស្លាក,
dfy.step4_title,done-for-you,PROCESS,Optional: Book a Walkthrough Call,ជាជម្រើស៖ កក់ការហៅទូរសព្ទពន្យល់,
dfy.consult_title,done-for-you,CONSULTATION,Not Sure What You Need?,មិនប្រាកដថាអ្នកត្រូវការអ្វី?,
dfy.consult_card,done-for-you,CONSULTATION,1:1 Call with YT,ការហៅទូរសព្ទ 1:1 ជាមួយ YT,DNT YT
dfy.consult_cta,done-for-you,CONSULTATION,Book a Free Consultation,កក់ការប្រឹក្សាឥតគិតថ្លៃ,
dfy.whofor_title,done-for-you,WHO FOR,Who This Is For,សម្រាប់នរណា,
dfy.whofor_yes,done-for-you,WHO FOR,This Is For You If,នេះសម្រាប់អ្នកប្រសិនបើ,
dfy.whofor_no,done-for-you,WHO FOR,Not For You If,មិនមែនសម្រាប់អ្នកប្រសិនបើ,
dfy.whofor_partner,done-for-you,WHO FOR,Connect With a Partner,ភ្ជាប់ជាមួយដៃគូ,
dfy.pricing_title,done-for-you,PRICING,Pricing,តម្លៃ,
dfy.notsure_title,done-for-you,PRICING,Not Sure Yet?,នៅមិនទាន់ប្រាកដ?,
dfy.notsure_cta,done-for-you,PRICING,Learn About SOS Hotline,ស្វែងយល់អំពី SOS Hotline,DNT SOS Hotline
dfy.cta_title,done-for-you,CTA,Ready to Know What's Actually In Your List?,ត្រៀមខ្លួនដឹងអ្វីដែលពិតជានៅក្នុងបញ្ជីរបស់អ្នក?,
dfy.cta_subtitle,done-for-you,CTA,"Send it over. I'll tell you what to keep, what to watch, and what to never send to again. With the reasoning behind every call.","ផ្ញើវាមក។ ខ្ញុំនឹងប្រាប់អ្នកថាអ្វីដែលត្រូវរក្សា អ្វីដែលត្រូវមើល និងអ្វីដែលមិនត្រូវផ្ញើទៅទៀត។ ជាមួយនឹងហេតុផលនៅពីក្រោយការសម្រេចចិត្តនីមួយៗ។",
dfy.cta_footer,done-for-you,CTA,Most lists returned within 24-48 hours.,បញ្ជីភាគច្រើនត្រឡប់មកវិញក្នុងរយៈពេល ២៤-៤៨ ម៉ោង។,
dfy.label_keep,done-for-you,OUTPUT,Keep,Keep,DNT Keep
dfy.label_monitor,done-for-you,OUTPUT,Monitor,Monitor,DNT Monitor
dfy.label_suppress,done-for-you,OUTPUT,Suppress,Suppress,DNT Suppress
dfy.step1_desc,done-for-you,PROCESS,"CSV, Excel, whatever you have. We have seen it all. No judgment, no questions.",CSV, Excel, អ្វីក៏បាន។ យើងបានឃើញទាំងអស់។ គ្មានការវិនិច្ឆ័យ គ្មានសំណួរ។,
dfy.step2_desc,done-for-you,PROCESS,"Every address gets examined. Domain patterns, history, risk signals. The full picture, not just a validity check.",រាល់អាសយដ្ឋានត្រូវបានពិនិត្យ។ លំនាំ Domain ប្រវត្តិ សញ្ញាហានិភ័យ។ រូបភាពពេញលេញ មិនមែនគ្រាន់តែការពិនិត្យសុពលភាព។,
dfy.step3_desc,done-for-you,PROCESS,"Keep, Monitor, or Suppress. With the specific reasons behind each decision. You will know what to do and why.","Keep, Monitor, ឬ Suppress។ ជាមួយនឹងហេតុផលជាក់លាក់នៅពីក្រោយការសម្រេចចិត្តនីមួយៗ។ អ្នកនឹងដឹងថាត្រូវធ្វើអ្វីនិងមូលហេតុ។",DNT Keep, Monitor, Suppress
dfy.step4_desc,done-for-you,PROCESS,Talk through the results with me. Understand what we found and plan your next steps.,និយាយអំពីលទ្ធផលជាមួយខ្ញុំ។ យល់ពីអ្វីដែលយើងរកឃើញ និងរៀបចំជំហានបន្ទាប់របស់អ្នក។,
dfy.consult_subtitle,done-for-you,CONSULTATION,No pressure, no pitch. Let's talk through your situation and figure out if list cleaning is even the right move.,គ្មានសម្ពាធ គ្មានការលក់។ និយាយអំពីស្ថានភាពរបស់អ្នក និងស្វែងយល់ថាការសម្អាតបញ្ជីគឺជាជំហានត្រឹមត្រូវឬអត់។,
dfy.consult_badge,done-for-you,CONSULTATION,First Free Consultation,ការប្រឹក្សាឥតគិតថ្លៃលើកដំបូង,
dfy.consult_card_desc,done-for-you,CONSULTATION,Tell me what's going on with your list, your sending, your concerns. I'll give you my honest take on what you actually need—even if it's not me.,ប្រាប់ខ្ញុំពីអ្វីដែលកំពុងកើតឡើងជាមួយបញ្ជីរបស់អ្នក ការផ្ញើរបស់អ្នក ការព្រួយបារម្ភរបស់អ្នក។ ខ្ញុំនឹងផ្តល់យោបល់ស្មោះត្រង់អំពីអ្វីដែលអ្នកត្រូវការ—ទោះបីជាវាមិនមែនជាខ្ញុំក៏ដោយ។,
dfy.consult_duration,done-for-you,CONSULTATION,15-30 minutes. No commitment required.,15-30 នាទី។ មិនតម្រូវឱ្យមានការប្តេជ្ញាចិត្ត។,
dfy.consult_topics_label,done-for-you,CONSULTATION,We can discuss,យើងអាចពិភាក្សា,
dfy.consult_topic1,done-for-you,CONSULTATION,Whether list cleaning makes sense for your situation,ថាតើការសម្អាតបញ្ជីសមហេតុផលសម្រាប់ស្ថានភាពរបស់អ្នកឬអត់,
dfy.consult_topic2,done-for-you,CONSULTATION,What's likely causing your deliverability issues,អ្វីដែលទំនងជាបណ្តាលឱ្យមានបញ្ហា deliverability របស់អ្នក,
dfy.consult_topic3,done-for-you,CONSULTATION,Which service level fits your needs,កម្រិតសេវាកម្មណាដែលសមនឹងតម្រូវការរបស់អ្នក,
dfy.consult_topic4,done-for-you,CONSULTATION,Timeline and turnaround expectations,ការរំពឹងទុកអំពីពេលវេលានិងការត្រឡប់មកវិញ,
dfy.consult_topic5,done-for-you,CONSULTATION,Questions about the process,សំណួរអំពីដំណើរការ,
dfy.whofor_yes1,done-for-you,WHO FOR,Running campaigns but seeing declining engagement,កំពុងដំណើរការយុទ្ធនាការប៉ុន្តែឃើញការចូលរួមធ្លាក់ចុះ,
dfy.whofor_yes2,done-for-you,WHO FOR,"Worried about bounces, complaints, or blocklists",ព្រួយបារម្ភអំពី bounces, បណ្តឹង, ឬ blocklists,
dfy.whofor_yes3,done-for-you,WHO FOR,Inheriting a list you did not build,ទទួលមរតកបញ្ជីដែលអ្នកមិនបានបង្កើត,
dfy.whofor_yes4,done-for-you,WHO FOR,"Under pressure to ""just send"" but sensing risk","ស្ថិតនៅក្រោមសម្ពាធឱ្យ ""គ្រាន់តែផ្ញើ"" ប៉ុន្តែមានអារម្មណ៍ហានិភ័យ",
dfy.whofor_yes5,done-for-you,WHO FOR,Trying to explain deliverability risks internally,ព្យាយាមពន្យល់ពីហានិភ័យ deliverability នៅក្នុងស្ថាប័ន,
dfy.whofor_no1,done-for-you,WHO FOR,You want someone to write or send campaigns for you,អ្នកចង់ឱ្យនរណាម្នាក់សរសេរឬផ្ញើយុទ្ធនាការឱ្យអ្នក,
dfy.whofor_no2,done-for-you,WHO FOR,You need ESP migration or setup help,អ្នកត្រូវការជំនួយការផ្លាស់ប្តូរ ESP ឬការដំឡើង,DNT ESP
dfy.whofor_no3,done-for-you,WHO FOR,You want ongoing managed services,អ្នកចង់បានសេវាកម្មគ្រប់គ្រងបន្ត,
dfy.whofor_no4,done-for-you,WHO FOR,You need content or design work,អ្នកត្រូវការការងារមាតិកាឬការរចនា,
dfy.testimonial_quote,done-for-you,TESTIMONIAL,The SOS Hotline gave me extremely helpful guidance. Yanna-Torry cleaned our list and supported us beyond the call.,SOS Hotline បានផ្តល់ការណែនាំដែលមានប្រយោជន៍ខ្លាំង។ Yanna-Torry បានសម្អាតបញ្ជីរបស់យើង និងគាំទ្រយើងលើសពីការហៅទូរសព្ទ។,DNT SOS Hotline, Yanna-Torry
dfy.testimonial_author,done-for-you,TESTIMONIAL,"Megan S, UK","Megan S, UK",DNT
dfy.pricing_subtitle,done-for-you,PRICING,"Volume pricing: buy more credits, pay less per credit. No contracts, no tricks.",តម្លៃតាមបរិមាណ៖ ទិញ credit ច្រើន បង់តិចក្នុងមួយ credit។ គ្មានកិច្ចសន្យា គ្មានល្បិច។,
dfy.pricing_contact,done-for-you,PRICING,Questions first?,មានសំណួរជាមុន?,
dfy.pricing_just_ask,done-for-you,PRICING,Just ask,គ្រាន់តែសួរ,
dfy.notsure_desc,done-for-you,PRICING,Have a question before committing? Use the SOS Hotline. It is free. No sales pitch. Just honest answers.,មានសំណួរមុនពេលសម្រេចចិត្ត? ប្រើ SOS Hotline។ វាឥតគិតថ្លៃ។ គ្មានការលក់។ គ្រាន់តែចម្លើយស្មោះត្រង់។,DNT SOS Hotline
partner.title,partner,HERO,Partner With Us,ចាប់ដៃគូជាមួយយើង,
partner.subtitle,partner,HERO,Work with Review My Emails to help your clients protect their sender reputation.,ធ្វើការជាមួយ Review My Emails ដើម្បីជួយអតិថិជនរបស់អ្នកការពារកេរ្តិ៍ឈ្មោះអ្នកផ្ញើរបស់ពួកគេ។,DNT Review My Emails
partner.types_title,partner,TYPES,Who We Work With,អ្នកដែលយើងធ្វើការជាមួយ,
partner.esp_title,partner,TYPES,Email Service Providers,អ្នកផ្តល់សេវាកម្មអ៊ីមែល (ESP),
partner.esp_desc,partner,TYPES,Help your customers maintain clean lists. Reduce complaints and bounces before they hurt your shared infrastructure.,ជួយអតិថិជនរបស់អ្នករក្សាបញ្ជីស្អាត។ កាត់បន្ថយបណ្តឹងនិង bounces មុនពេលវាប៉ះពាល់ដល់ហេដ្ឋារចនាសម្ព័ន្ធរួមរបស់អ្នក។,
partner.agency_title,partner,TYPES,Marketing Agencies,ទីភ្នាក់ងារទីផ្សារ,
partner.agency_desc,partner,TYPES,Offer list hygiene as part of your email marketing services. Give clients clear recommendations, not just validation scores.,ផ្តល់ជូនអនាម័យបញ្ជីជាផ្នែកនៃសេវាកម្មទីផ្សារអ៊ីមែលរបស់អ្នក។ ផ្តល់អនុសាសន៍ច្បាស់លាស់ដល់អតិថិជន មិនមែនគ្រាន់តែពិន្ទុ validation ទេ។,
partner.consultant_title,partner,TYPES,Deliverability Consultants,អ្នកប្រឹក្សា Deliverability,
partner.consultant_desc,partner,TYPES,Add list interpretation to your toolkit. Get detailed analysis you can use in client reports and remediation plans.,បន្ថែមការបកស្រាយបញ្ជីទៅក្នុង toolkit របស់អ្នក។ ទទួលបានការវិភាគលម្អិតដែលអ្នកអាចប្រើក្នុងរបាយការណ៍អតិថិជននិងផែនការកែតម្រូវ។,
partner.data_title,partner,TYPES,Data Providers,អ្នកផ្តល់ទិន្នន័យ,
partner.data_desc,partner,TYPES,Validate the quality of email data before it reaches your customers. Reduce complaints and build trust.,ផ្ទៀងផ្ទាត់គុណភាពទិន្នន័យអ៊ីមែលមុនពេលវាទៅដល់អតិថិជនរបស់អ្នក។ កាត់បន្ថយបណ្តឹងនិងកសាងទំនុកចិត្ត។,
partner.cta_title,partner,CTA,Interested?,ចាប់អារម្មណ៍?,
partner.cta_subtitle,partner,CTA,Reach out to discuss how we can work together. No pitch deck required. Just tell us what you are trying to solve.,ទាក់ទងមកដើម្បីពិភាក្សាអំពីរបៀបដែលយើងអាចធ្វើការជាមួយគ្នា។ មិនត្រូវការ pitch deck ទេ។ គ្រាន់តែប្រាប់យើងពីអ្វីដែលអ្នកកំពុងព្យាយាមដោះស្រាយ។,
partner.cta_button,partner,CTA,Email Us,អ៊ីមែលមកយើង,
partner.modal_title,partner,MODAL,Partner With Us,ចាប់ដៃគូជាមួយយើង,
partner.modal_subtitle,partner,MODAL,Tell us about your business and we'll get back to you within 24 hours.,ប្រាប់យើងអំពីអាជីវកម្មរបស់អ្នក ហើយយើងនឹងទាក់ទងអ្នកវិញក្នុងរយៈពេល 24 ម៉ោង។,
partner.modal_placeholder,partner,MODAL,Tell us about your business and how you'd like to partner...,ប្រាប់យើងអំពីអាជីវកម្មរបស់អ្នក និងរបៀបដែលអ្នកចង់ចាប់ដៃគូ...,
partner.modal_button,partner,MODAL,Send Message,ផ្ញើសារ,
partner.modal_success_title,partner,MODAL,Message Received,ទទួលបានសារ,
partner.modal_success_text,partner,MODAL,We'll get back to you within 24 hours.,យើងនឹងទាក់ទងអ្នកវិញក្នុងរយៈពេល 24 ម៉ោង។,
pricing.hero_title,pricing,HERO,Beyond Validation. We Tell You What Your List Means.,លើសពី Validation។ យើងប្រាប់អ្នកពីអត្ថន័យនៃបញ្ជីរបស់អ្នក។,
pricing.hero_subtitle,pricing,HERO,"Not just pass/fail. Every address comes with reasoning so you know what to keep, what to monitor, and what to suppress.","មិនមែនគ្រាន់តែជាប់/ធ្លាក់ទេ។ រាល់អាសយដ្ឋានមកជាមួយហេតុផល ដើម្បីឱ្យអ្នកដឹងថាអ្វីត្រូវរក្សា អ្វីត្រូវតាមដាន និងអ្វីត្រូវ suppress។",
pricing.output_title,pricing,OUTPUT,What You Get,អ្វីដែលអ្នកទទួលបាន,
pricing.output_cleared,pricing,OUTPUT,Cleared After Full Review,បានសម្អាតបន្ទាប់ពីការពិនិត្យពេញលេញ,
pricing.output_patterns,pricing,OUTPUT,Patterns Worth Watching,លំនាំដែលគួរតាមដាន,
pricing.output_risk,pricing,OUTPUT,"Clear Risk, Clear Reasoning",ហានិភ័យច្បាស់លាស់ ហេតុផលច្បាស់លាស់,
pricing.whofor_title,pricing,WHO FOR,Who This Is For,សម្រាប់នរណា,
pricing.problem_title,pricing,PROBLEM,The Problem,បញ្ហា,
pricing.value_title,pricing,VALUE,What You Are Actually Paying For,អ្វីដែលអ្នកកំពុងបង់ប្រាក់ឱ្យ,
pricing.options_title,pricing,OPTIONS,Service Options,ជម្រើសសេវាកម្ម,
pricing.sos_title,pricing,OPTIONS,SOS Hotline,SOS Hotline,DNT SOS Hotline
pricing.dfy_title,pricing,OPTIONS,Done-For-You,Done-For-You,
pricing.selfserve_title,pricing,OPTIONS,Self-Serve,Self-Serve,
pricing.coming_soon,pricing,OPTIONS,Coming Soon,នឹងមកដល់ឆាប់ៗនេះ,
pricing.calculator_title,pricing,CALCULATOR,Pricing Calculator,ម៉ាស៊ីនគិតតម្លៃ,
pricing.calculate_price,pricing,CALCULATOR,Calculate Your Price,គណនាតម្លៃរបស់អ្នក,
pricing.get_started,pricing,CALCULATOR,Get Started,ចាប់ផ្តើម,
pricing.sos_section_title,pricing,SOS SECTION,SOS Email Hotline,SOS Email Hotline,DNT SOS
pricing.sos_free_help,pricing,SOS SECTION,Free Email Help,ជំនួយអ៊ីមែលឥតគិតថ្លៃ,
pricing.sos_learn_more,pricing,SOS SECTION,Learn More About SOS Hotline,ស្វែងយល់បន្ថែមអំពី SOS Hotline,DNT SOS Hotline
pricing.cta_title,pricing,CTA,Ready to Clean Your List?,ត្រៀមខ្លួនសម្អាតបញ្ជីរបស់អ្នកហើយឬនៅ?,
pricing.cta_getstarted,pricing,CTA,Get My List Cleaned,សម្អាតបញ្ជីរបស់ខ្ញុំ,
pricing.cta_waitlist,pricing,CTA,Join the Waitlist,ចូលរួមក្នុងបញ្ជីរង់ចាំ,
pricing.cta_freehelp,pricing,CTA,Get Free Help,ទទួលបានជំនួយឥតគិតថ្លៃ,
pricing.faq_title,pricing,FAQ,Questions?,សំណួរ?,
pricing.output_subtitle,pricing,OUTPUT,A cleaned list with clear recommendations.,បញ្ជីស្អាតដែលមានអនុសាសន៍ច្បាស់លាស់។,
pricing.output_cleared_desc,pricing,OUTPUT,No risk patterns surfaced during review. Domain behavior and historical signals support continued sending.,មិនមានលំនាំហានិភ័យលេចឡើងកំឡុងពេលពិនិត្យ។ អាកប្បកិរិយា domain និងសញ្ញាប្រវត្តិសាស្រ្តគាំទ្រការបន្តផ្ញើ។,
pricing.output_patterns_desc,pricing,OUTPUT,These require judgment. We surface historical patterns and relationship context. You decide how to segment based on your tolerance and goals.,ទាំងនេះទាមទារការវិនិច្ឆ័យ។ យើងបង្ហាញលំនាំប្រវត្តិសាស្រ្ត និងបរិបទទំនាក់ទំនង។ អ្នកសម្រេចចិត្តរបៀប segment ផ្អែកលើការអត់ធ្មត់ និងគោលដៅរបស់អ្នក។,
pricing.output_risk_desc,pricing,OUTPUT,Clear risk signals: known problem domains, disposable patterns, historical trap indicators. Each address includes the specific flags that earned suppression. You will know exactly why.,សញ្ញាហានិភ័យច្បាស់លាស់៖ domain មានបញ្ហាដែលស្គាល់, លំនាំ disposable, សូចនាករអន្ទាក់ប្រវត្តិសាស្រ្ត។ អាសយដ្ឋាននីមួយៗរួមបញ្ចូលទង់ជាក់លាក់ដែលនាំឱ្យមានការ suppress។ អ្នកនឹងដឹងច្បាស់ថាហេតុអ្វី។,
pricing.output_note,pricing,OUTPUT,Every decision comes with the reasoning behind it. This is not a pass/fail list. It is a decision-making tool built on historical domain behavior and pattern recognition.,រាល់ការសម្រេចចិត្តមកជាមួយហេតុផលនៅពីក្រោយវា។ នេះមិនមែនជាបញ្ជីជាប់/ធ្លាក់ទេ។ វាគឺជាឧបករណ៍សម្រេចចិត្តដែលបង្កើតឡើងលើអាកប្បកិរិយា domain ប្រវត្តិសាស្រ្ត និងការទទួលស្គាល់លំនាំ។,
pricing.whofor_subtitle,pricing,WHO FOR,Marketers who already send email and want to protect their sender reputation.,អ្នកទីផ្សារដែលផ្ញើអ៊ីមែលរួចហើយហើយចង់ការពារកេរ្តិ៍ឈ្មោះអ្នកផ្ញើរបស់ពួកគេ។,
pricing.whofor_note,pricing,WHO FOR,"If you care about long-term reputation, not just short-term volume, this is for you.","ប្រសិនបើអ្នកខ្វល់ពីកេរ្តិ៍ឈ្មោះរយៈពេលវែង មិនមែនគ្រាន់តែបរិមាណរយៈពេលខ្លី នេះគឺសម្រាប់អ្នក។",
pricing.whofor_item1,pricing,WHO FOR,Running campaigns but seeing declining engagement,កំពុងដំណើរការយុទ្ធនាការប៉ុន្តែឃើញការចូលរួមធ្លាក់ចុះ,
pricing.whofor_item2,pricing,WHO FOR,"Worried about bounces, complaints, or blocklists",ព្រួយបារម្ភអំពី bounces, បណ្តឹង, ឬ blocklists,
pricing.whofor_item3,pricing,WHO FOR,Inheriting a list you did not build,ទទួលមរតកបញ្ជីដែលអ្នកមិនបានបង្កើត,
pricing.whofor_item4,pricing,WHO FOR,"Under pressure to ""just send"" but sensing risk","ស្ថិតនៅក្រោមសម្ពាធឱ្យ ""គ្រាន់តែផ្ញើ"" ប៉ុន្តែមានអារម្មណ៍ហានិភ័យ",
pricing.whofor_item5,pricing,WHO FOR,Trying to explain deliverability to a boss who does not get it,ព្យាយាមពន្យល់ពី deliverability ដល់ចៅហ្វាយដែលមិនយល់,
pricing.badge_deliverable,pricing,PROBLEM,Deliverable,អាចផ្ញើបាន,
pricing.badge_undeliverable,pricing,PROBLEM,Undeliverable,មិនអាចផ្ញើបាន,
pricing.badge_risky,pricing,PROBLEM,Risky,ហានិភ័យ,
pricing.badge_unknown,pricing,PROBLEM,Unknown,មិនស្គាល់,
pricing.problem_intro,pricing,PROBLEM,Most list cleaning tools give you a status and leave you guessing. That tells you what to remove. It does not tell you what is actually wrong.,ឧបករណ៍សម្អាតបញ្ជីភាគច្រើនផ្តល់ឱ្យអ្នកនូវស្ថានភាពហើយទុកឱ្យអ្នកទស្សន៍ទាយ។ នោះប្រាប់អ្នកពីអ្វីដែលត្រូវលុបចេញ។ វាមិនប្រាប់អ្នកពីអ្វីដែលខុសពិតប្រាកដទេ។,
pricing.problem_q1,pricing,PROBLEM,Why is engagement dropping?,ហេតុអ្វីបានជាការចូលរួមធ្លាក់ចុះ?,
pricing.problem_q2,pricing,PROBLEM,Why are complaints rising?,ហេតុអ្វីបានជាបណ្តឹងកើនឡើង?,
pricing.problem_q3,pricing,PROBLEM,"Is it the list, the sending, or both?","តើវាជាបញ្ជី ការផ្ញើ ឬទាំងពីរ?",
pricing.problem_q4,pricing,PROBLEM,Which addresses are actually hurting me?,តើអាសយដ្ឋានណាដែលកំពុងប៉ះពាល់ដល់ខ្ញុំ?,
pricing.problem_q5,pricing,PROBLEM,What patterns should I watch for?,តើលំនាំអ្វីដែលខ្ញុំគួរតាមដាន?,
pricing.problem_q6,pricing,PROBLEM,What should I do about the ""risky"" ones?,តើខ្ញុំគួរធ្វើអ្វីចំពោះអ្នកដែល ""ហានិភ័យ""?,
pricing.problem_footer,pricing,PROBLEM,We give you the context to answer those questions.,យើងផ្តល់បរិបទឱ្យអ្នកដើម្បីឆ្លើយសំណួរទាំងនោះ។,
pricing.value_subtitle,pricing,VALUE,The difference between checking and interpreting.,ភាពខុសគ្នារវាងការពិនិត្យនិងការបកស្រាយ។,
pricing.comp_them1,pricing,VALUE,Validators check if an inbox exists.,Validators ពិនិត្យមើលថាតើ inbox មានឬអត់។,
pricing.comp_us1,pricing,VALUE,We assess whether sending there is safe.,យើងវាយតម្លៃថាតើការផ្ញើទៅទីនោះមានសុវត្ថិភាពឬអត់។,
pricing.comp_them2,pricing,VALUE,Validators give you a status.,Validators ផ្តល់ឱ្យអ្នកនូវស្ថានភាព។,
pricing.comp_us2,pricing,VALUE,We give you the reasoning behind a decision.,យើងផ្តល់ឱ្យអ្នកនូវហេតុផលនៅពីក្រោយការសម្រេចចិត្ត។,
pricing.comp_them3,pricing,VALUE,Validators flag what bounces.,Validators ដាក់ទង់អ្វីដែល bounce។,
pricing.comp_us3,pricing,VALUE,We flag what damages your reputation without bouncing.,យើងដាក់ទង់អ្វីដែលបំផ្លាញកេរ្តិ៍ឈ្មោះរបស់អ្នកដោយមិន bounce។,
pricing.comp_them4,pricing,VALUE,Validators process volume.,Validators ដំណើរការបរិមាណ។,
pricing.comp_us4,pricing,VALUE,We interpret patterns across your entire list.,យើងបកស្រាយលំនាំនៅទូទាំងបញ្ជីទាំងមូលរបស់អ្នក។,
pricing.comp_them5,pricing,VALUE,Validators leave you guessing.,Validators ទុកឱ្យអ្នកទស្សន៍ទាយ។,
pricing.comp_us5,pricing,VALUE,We tell you what to do and why.,យើងប្រាប់អ្នកពីអ្វីដែលត្រូវធ្វើនិងមូលហេតុ។,
pricing.badge_guidance,pricing,OPTIONS,Guidance,ការណែនាំ,
pricing.badge_execution,pricing,OPTIONS,Execution,ការប្រតិបត្តិ,
pricing.badge_automation,pricing,OPTIONS,Automation,ស្វ័យប្រវត្តិកម្ម,
pricing.sos_desc,pricing,OPTIONS,Free expert support for deliverability questions. No data touched. No list processed. Just honest answers.,ការគាំទ្រអ្នកជំនាញឥតគិតថ្លៃសម្រាប់សំណួរ deliverability។ គ្មានទិន្នន័យត្រូវបានប៉ះពាល់។ គ្មានបញ្ជីត្រូវបានដំណើរការ។ គ្រាន់តែចម្លើយស្មោះត្រង់។,
pricing.sos_status,pricing,OPTIONS,Use it before, during, or after cleaning to understand your situation.,ប្រើវាមុនពេល កំឡុងពេល ឬក្រោយពេលសម្អាតដើម្បីយល់ពីស្ថានភាពរបស់អ្នក។,
pricing.learn_more,pricing,OPTIONS,Learn more →,ស្វែងយល់បន្ថែម →,
pricing.dfy_desc,pricing,OPTIONS,"Send us your list. We process it, label every address, and return results with clear reasoning.","ផ្ញើបញ្ជីរបស់អ្នកមកយើង។ យើងដំណើរការវា ដាក់ស្លាករាល់អាសយដ្ឋាន និងប្រគល់លទ្ធផលមកវិញជាមួយនឹងហេតុផលច្បាស់លាស់។",
pricing.dfy_status,pricing,OPTIONS,You get the decisions made for you. Available now.,អ្នកទទួលបានការសម្រេចចិត្តដែលធ្វើជូនអ្នក។ មាននៅពេលនេះ។,
pricing.get_started_arrow,pricing,OPTIONS,Get started →,ចាប់ផ្តើម →,
pricing.selfserve_desc,pricing,OPTIONS,"Upload your list. Download results. Same methodology as done-for-you, but you run it yourself.","Upload បញ្ជីរបស់អ្នក។ Download លទ្ធផល។ វិធីសាស្រ្តដូចគ្នានឹង done-for-you ប៉ុន្តែអ្នកដំណើរការវាដោយខ្លួនឯង។",
pricing.selfserve_status,pricing,OPTIONS,Coming soon. Join the waitlist to get notified.,នឹងមកដល់ឆាប់ៗនេះ។ ចូលរួមក្នុងបញ្ជីរង់ចាំដើម្បីទទួលបានការជូនដំណឹង។,
pricing.join_waitlist,pricing,OPTIONS,Join Waitlist,ចូលរួមបញ្ជីរង់ចាំ,
pricing.newsletter_checkbox,pricing,OPTIONS,"Monthly deliverability insights (no spam, just signal)","ការយល់ដឹងអំពី deliverability ប្រចាំខែ (គ្មាន spam, គ្រាន់តែ signal)",
pricing.free_credits,pricing,OPTIONS,+1,500 free credits,+1,500 credit ឥតគិតថ្លៃ,
pricing.waitlist_success,pricing,OPTIONS,You're on the list! We'll notify you when self-serve launches.,អ្នកនៅក្នុងបញ្ជីហើយ! យើងនឹងជូនដំណឹងដល់អ្នកនៅពេល self-serve ចាប់ផ្តើម។,
pricing.options_note,pricing,OPTIONS,SOS tells you what to think about. Done-for-you does the thinking for you. Self-serve lets you do the thinking yourself.,SOS ប្រាប់អ្នកពីអ្វីដែលត្រូវគិត។ Done-for-you គិតជំនួសអ្នក។ Self-serve អនុញ្ញាតឱ្យអ្នកគិតដោយខ្លួនឯង។,
pricing.calculator_subtitle,pricing,CALCULATOR,Pay only for what you need. Credits never expire.,បង់តែអ្វីដែលអ្នកត្រូវការ។ Credit មិនដែលផុតកំណត់ទេ។,
pricing.calculator_intro,pricing,CALCULATOR,Simple. More volume, lower rate.,សាមញ្ញ។ បរិមាណកាន់តែច្រើន អត្រាកាន់តែទាប។,
pricing.how_many_emails,pricing,CALCULATOR,How many emails?,តើមានអ៊ីមែលប៉ុន្មាន?,
pricing.emails_unit,pricing,CALCULATOR,emails,អ៊ីមែល,
pricing.price_per_email,pricing,CALCULATOR,Price per email,តម្លៃក្នុងមួយអ៊ីមែល,
pricing.total,pricing,CALCULATOR,Total,សរុប,
pricing.calculator_note,pricing,CALCULATOR,Need more than 1 million?,ត្រូវការច្រើនជាង ១លាន?,
pricing.contact_us,pricing,CALCULATOR,Contact us,ទាក់ទងមកយើង,
pricing.custom_pricing,pricing,CALCULATOR,for custom pricing.,សម្រាប់តម្លៃផ្ទាល់ខ្លួន។,
pricing.volume_pricing,pricing,CALCULATOR,Volume Pricing,តម្លៃតាមបរិមាណ,
pricing.list_size,pricing,CALCULATOR,List Size,ទំហំបញ្ជី,
pricing.per_email,pricing,CALCULATOR,Per Email,ក្នុងមួយអ៊ីមែល,
pricing.sos_section_intro,pricing,SOS SECTION,Free email support for any email-related question.,ការគាំទ្រអ៊ីមែលឥតគិតថ្លៃសម្រាប់សំណួរដែលទាក់ទងនឹងអ៊ីមែល។,
pricing.sos_card_desc,pricing,SOS SECTION,Ask any email question. Get a real answer from a real expert. No sales pitch, no strings attached.,សួរសំណួរអ៊ីមែលណាមួយ។ ទទួលបានចម្លើយពិតពីអ្នកជំនាញពិត។ គ្មានការលក់ គ្មានលក្ខខណ្ឌ។,
pricing.sos_duration,pricing,SOS SECTION,Response within 48 hours. Usually faster.,ការឆ្លើយតបក្នុងរយៈពេល 48 ម៉ោង។ ជាញឹកញាប់លឿនជាងនេះ។,
pricing.cta_subtitle,pricing,CTA,Choose what works for you.,ជ្រើសរើសអ្វីដែលសមនឹងអ្នក។,
pricing.cta_getstarted_desc,pricing,CTA,Done-for-you service. Send your list, get results.,សេវាកម្ម Done-for-you។ ផ្ញើបញ្ជីរបស់អ្នក ទទួលបានលទ្ធផល។,
pricing.cta_waitlist_desc,pricing,CTA,Be first to access self-serve when it launches.,ក្លាយជាអ្នកដំបូងដែលចូលប្រើ self-serve នៅពេលវាចាប់ផ្តើម។,
pricing.cta_freehelp_desc,pricing,CTA,Email our SOS hotline with your questions.,អ៊ីមែលទៅកាន់ SOS hotline របស់យើងជាមួយនឹងសំណួររបស់អ្នក។,
pricing.learn_more_btn,pricing,CTA,Learn More,ស្វែងយល់បន្ថែម,
pricing.send_message,pricing,FAQ,Send us a message,ផ្ញើសារមកយើង,
pricing.response_time,pricing,FAQ,We respond within 48 hours. Usually faster.,យើងឆ្លើយតបក្នុងរយៈពេល 48 ម៉ោង។ ជាញឹកញាប់លឿនជាងនេះ។,
quiz.title,quiz,INTRO,Is Your List Safe?,តើបញ្ជីរបស់អ្នកមានសុវត្ថិភាពទេ?,
quiz.result_noconsent_headline,quiz,RESULTS,We can absolutely help clean your list.,យើងពិតជាអាចជួយសម្អាតបញ្ជីរបស់អ្នកបាន។,
quiz.result_crisis_headline,quiz,RESULTS,You need triage, not just cleaning.,អ្នកត្រូវការការសង្គ្រោះបន្ទាន់ មិនមែនគ្រាន់តែសម្អាតទេ។,
quiz.result_toolfailure_headline,quiz,RESULTS,Your validation tool missed something.,ឧបករណ៍ validation របស់អ្នកបានខកខានអ្វីមួយ។,
quiz.result_directlink,quiz,RESULTS,Ready to go?,ត្រៀមខ្លួនរួចរាល់ហើយឬនៅ?,
quiz.result_directlink_cta,quiz,RESULTS,Get My List Cleaned →,សម្អាតបញ្ជីរបស់ខ្ញុំ →,
quiz.capture_title,quiz,CAPTURE,Save your diagnosis,រក្សាទុកការធ្វើរោគវិនិច្ឆ័យរបស់អ្នក,
quiz.capture_subtitle,quiz,CAPTURE,Get your results emailed and optionally join our waitlist for self-serve tools.,ទទួលបានលទ្ធផលតាមអ៊ីមែល និងចូលរួមក្នុងបញ្ជីរង់ចាំសម្រាប់ឧបករណ៍ self-serve (ជាជម្រើស)។,
quiz.capture_newsletter,quiz,CAPTURE,"Monthly deliverability insights (no spam, just signal)","ការយល់ដឹងអំពី deliverability ប្រចាំខែ (គ្មាន spam, គ្រាន់តែ signal)",
quiz.capture_bonus,quiz,CAPTURE,1,500 credits when we launch,1,500 credit នៅពេលយើងចាប់ផ្តើម,
quiz.capture_submit,quiz,CAPTURE,Send My Results,ផ្ញើលទ្ធផលរបស់ខ្ញុំ,
quiz.capture_skip,quiz,CAPTURE,Skip,រំលង,
quiz.capture_waitlist,quiz,CAPTURE,Notify me when self-serve launches,ជូនដំណឹងខ្ញុំនៅពេល self-serve ចាប់ផ្តើម,
quiz.capture_contact,quiz,CAPTURE,Have someone reach out to discuss my situation (no sales pitch),ឱ្យនរណាម្នាក់ទាក់ទងមកពិភាក្សាអំពីស្ថានភាពរបស់ខ្ញុំ (គ្មានការលក់),
quiz.step_indicator,quiz,INTRO,Question {n} of {total},សំណួរទី {n} នៃ {total},Use {n} and {total} as placeholders
quiz.q1,quiz,QUESTIONS,How did the majority of these emails get on your list?,តើអ៊ីមែលភាគច្រើនទាំងនេះបានមកក្នុងបញ្ជីរបស់អ្នកយ៉ាងដូចម្តេច?,
quiz.q1_a1,quiz,QUESTIONS,They filled out a form on my website or app,ពួកគេបានបំពេញទម្រង់នៅលើគេហទំព័រឬកម្មវិធីរបស់ខ្ញុំ,
quiz.q1_a2,quiz,QUESTIONS,"Purchased, scraped, or cold outreach (no opt-in)","ទិញ, កោស, ឬ cold outreach (គ្មានការយល់ព្រម)",
quiz.q1_a3,quiz,QUESTIONS,Mixed sources / I inherited this list,ប្រភពចម្រុះ / ខ្ញុំទទួលមរតកបញ្ជីនេះ,
quiz.q2,quiz,QUESTIONS,Is your sending domain authenticated with DMARC?,តើ domain ផ្ញើរបស់អ្នកបានផ្ទៀងផ្ទាត់ជាមួយ DMARC ទេ?,DNT DMARC
quiz.q2_a1,quiz,QUESTIONS,"Yes, DMARC is set to Reject or Quarantine","បាទ, DMARC ត្រូវបានកំណត់ទៅ Reject ឬ Quarantine",DNT DMARC, Reject, Quarantine
quiz.q2_a2,quiz,QUESTIONS,"I think so, but I'm not sure of the settings","ខ្ញុំគិតថាអញ្ចឹង ប៉ុន្តែខ្ញុំមិនច្បាស់ពីការកំណត់ទេ",
quiz.q2_a3,quiz,QUESTIONS,No / What is DMARC?,ទេ / តើ DMARC គឺជាអ្វី?,DNT DMARC
quiz.q3,quiz,QUESTIONS,Have you run this list through a validation tool?,តើអ្នកបានដាក់បញ្ជីនេះតាមរយៈឧបករណ៍ validation ទេ?,
quiz.q3_a1,quiz,QUESTIONS,No, never / Not in the last 6 months,ទេ មិនដែល / មិននៅក្នុងរយៈពេល 6 ខែចុងក្រោយ,
quiz.q3_a2,quiz,QUESTIONS,Yes, it said ""Valid"" but I'm still seeing issues,បាទ វានិយាយថា ""Valid"" ប៉ុន្តែខ្ញុំនៅតែឃើញបញ្ហា,
quiz.q3_a3,quiz,QUESTIONS,Yes, it flagged a lot as ""Unknown"" or ""Catch-All"",បាទ វាបានដាក់ទង់ច្រើនថា ""Unknown"" ឬ ""Catch-All"",
quiz.q3_a4,quiz,QUESTIONS,Yes, and everything seems fine,បាទ ហើយអ្វីៗហាក់ដូចជាល្អ,
quiz.q4,quiz,QUESTIONS,What brought you here today?,តើអ្វីនាំអ្នកមកទីនេះថ្ងៃនេះ?,
quiz.q4_a1,quiz,QUESTIONS,Open rates are slowly dropping over time,អត្រាបើកកំពុងធ្លាក់ចុះយឺតៗតាមពេលវេលា,
quiz.q4_a2,quiz,QUESTIONS,ESP warning or suspension,ការព្រមានឬការផ្អាកពី ESP,DNT ESP
quiz.q4_a3,quiz,QUESTIONS,I want to be safe before a big send,ខ្ញុំចង់មានសុវត្ថិភាពមុនពេលផ្ញើធំ,
quiz.q4_a4,quiz,QUESTIONS,Tools give conflicting answers,ឧបករណ៍ផ្តល់ចម្លើយផ្ទុយគ្នា,
quiz.loading_main,quiz,LOADING,Analyzing your responses...,កំពុងវិភាគចម្លើយរបស់អ្នក...,
quiz.loading_sub,quiz,LOADING,Comparing against common patterns,កំពុងប្រៀបធៀបជាមួយលំនាំទូទៅ,
quiz.loading_checking,quiz,LOADING,Checking risk indicators...,កំពុងពិនិត្យសូចនាករហានិភ័យ...,
quiz.loading_matching,quiz,LOADING,Matching against known patterns,កំពុងផ្គូផ្គងជាមួយលំនាំដែលស្គាល់,
quiz.loading_preparing,quiz,LOADING,Preparing your diagnosis...,កំពុងរៀបចំការធ្វើរោគវិនិច្ឆ័យរបស់អ្នក...,
quiz.result_pattern,quiz,RESULTS,This is one of the most common patterns I see.,នេះគឺជាលំនាំទូទៅបំផុតមួយដែលខ្ញុំឃើញ។,
quiz.badge_higher_risk,quiz,RESULTS,Higher Risk,ហានិភ័យខ្ពស់ជាង,
quiz.badge_critical,quiz,RESULTS,Critical,ធ្ងន់ធ្ងរ,
quiz.badge_high_risk,quiz,RESULTS,High Risk,ហានិភ័យខ្ពស់,
quiz.badge_medium_risk,quiz,RESULTS,Medium Risk,ហានិភ័យមធ្យម,
quiz.badge_low_risk,quiz,RESULTS,Low Risk,ហានិភ័យទាប,
quiz.reality_check_title,quiz,RESULTS,What we'll do,អ្វីដែលយើងនឹងធ្វើ,
quiz.reality_check_title_alt,quiz,RESULTS,What this means,អ្វីដែលនេះមានន័យ,
quiz.cta_talk_specialist,quiz,RESULTS,Talk to a Specialist,និយាយជាមួយអ្នកជំនាញ,
quiz.cta_full_review,quiz,RESULTS,Get a full review,ទទួលបានការពិនិត្យពេញលេញ,
quiz.cta_diagnose,quiz,RESULTS,Let's diagnose this,តោះធ្វើរោគវិនិច្ឆ័យរឿងនេះ,
quiz.cta_clarity,quiz,RESULTS,Get clarity on your list,ទទួលបានភាពច្បាស់លាស់លើបញ្ជីរបស់អ្នក,
quiz.cta_diagnosis,quiz,RESULTS,Get the diagnosis,ទទួលបានការធ្វើរោគវិនិច្ឆ័យ,
quiz.cta_safety,quiz,RESULTS,Get a safety check,ទទួលបានការពិនិត្យសុវត្ថិភាព,
quiz.result_infra_headline,quiz,RESULTS,Your infrastructure may be the problem.,ហេដ្ឋារចនាសម្ព័ន្ធរបស់អ្នកអាចជាបញ្ហា។,
quiz.result_catchall_headline,quiz,RESULTS,Those ""Unknown"" addresses are not unknown to me.,អាសយដ្ឋាន ""Unknown"" ទាំងនោះមិនមែនមិនស្គាល់សម្រាប់ខ្ញុំទេ។,
quiz.result_decay_headline,quiz,RESULTS,Your list is slowly suffocating your delivery.,បញ្ជីរបស់អ្នកកំពុងបំផ្លាញការដឹកជញ្ជូនរបស់អ្នកយឺតៗ។,
quiz.result_preventive_headline,quiz,RESULTS,You are in a good spot. Let's keep it that way.,អ្នកស្ថិតក្នុងស្ថានភាពល្អ។ តោះរក្សាវាឱ្យនៅដដែល។,
quiz.result_noconsent_subhead,quiz,RESULTS,Lists without explicit consent carry more risk—but that doesn't mean you can't send safely. We'll remove the addresses most likely to hurt you.,បញ្ជីដែលគ្មានការយល់ព្រមច្បាស់លាស់មានហានិភ័យច្រើនជាង—ប៉ុន្តែនោះមិនមានន័យថាអ្នកមិនអាចផ្ញើដោយសុវត្ថិភាពទេ។ យើងនឹងលុបអាសយដ្ឋានដែលទំនងជាធ្វើឱ្យអ្នកឈឺចាប់បំផុត។,
quiz.result_crisis_subhead,quiz,RESULTS,An ESP warning is the final straw. Your reputation is already damaged. Automated cleaning alone will not get you reinstated.,ការព្រមានពី ESP គឺជាចំបើងចុងក្រោយ។ កេរ្តិ៍ឈ្មោះរបស់អ្នកខូចខាតរួចទៅហើយ។ ការសម្អាតដោយស្វ័យប្រវត្តិតែមួយមុខនឹងមិនធ្វើឱ្យអ្នកត្រឡប់មកវិញទេ។,DNT ESP
quiz.result_toolfailure_subhead,quiz,RESULTS,You paid for syntax checking. You were punished for reputation. A 'Valid' email can still be a spam trap or chronic complainer.,អ្នកបានបង់ប្រាក់សម្រាប់ការពិនិត្យ syntax។ អ្នកត្រូវបានដាក់ទណ្ឌកម្មសម្រាប់កេរ្តិ៍ឈ្មោះ។ អ៊ីមែល 'Valid' នៅតែអាចជា spam trap ឬអ្នកត្អូញត្អែររ៉ាំរ៉ៃ។,
quiz.result_infra_subhead,quiz,RESULTS,Without proper DMARC authentication, even a clean list can land in spam. This is a fixable issue, but it needs attention before list cleaning matters.,បើគ្មានការផ្ទៀងផ្ទាត់ DMARC ត្រឹមត្រូវ សូម្បីតែបញ្ជីស្អាតក៏អាចចូល spam បានដែរ។ នេះគឺជាបញ្ហាដែលអាចជួសជុលបាន ប៉ុន្តែវាត្រូវការការយកចិត្តទុកដាក់មុនពេលការសម្អាតបញ្ជីសំខាន់។,DNT DMARC
quiz.result_catchall_subhead,quiz,RESULTS,Catch-all domains accept everything. Validation tools cannot tell you which addresses are real. I can.,Domain catch-all ទទួលយកអ្វីៗទាំងអស់។ ឧបករណ៍ validation មិនអាចប្រាប់អ្នកថាអាសយដ្ឋានណាពិតប្រាកដទេ។ ខ្ញុំអាច។,
quiz.result_decay_subhead,quiz,RESULTS,No bounce spike. No warning. Just a quiet decline as dead weight accumulates and inbox providers filter you to spam.,គ្មាន bounce spike។ គ្មានការព្រមាន។ គ្រាន់តែការធ្លាក់ចុះស្ងាត់ៗនៅពេលទម្ងន់ស្លាប់កើនឡើង ហើយអ្នកផ្តល់ inbox ច្រោះអ្នកទៅ spam។,
quiz.result_preventive_subhead,quiz,RESULTS,Healthy lists still decay by about 22% every year. A preventative review before a big send catches recycled traps that formed since your last campaign.,បញ្ជីដែលមានសុខភាពល្អនៅតែខូចប្រហែល 22% ជារៀងរាល់ឆ្នាំ។ ការពិនិត្យបង្ការមុនពេលផ្ញើធំចាប់យកអន្ទាក់កែច្នៃដែលបានបង្កើតឡើងតាំងពីយុទ្ធនាការចុងក្រោយរបស់អ្នក។,
quiz.reality_noconsent,quiz,RESULTS,"We catch invalid addresses, spam traps, role accounts, and high-risk patterns that other validators miss. We're thorough. But we're also honest: no tool can catch every trap on a non-consent list because some are designed to be undetectable. That's true for every validator—we're just the ones who tell you.","យើងចាប់យកអាសយដ្ឋានមិនត្រឹមត្រូវ, spam traps, គណនី role, និងលំនាំហានិភ័យខ្ពស់ដែល validators ផ្សេងទៀតខកខាន។ យើងហ្មត់ចត់។ ប៉ុន្តែយើងក៏ស្មោះត្រង់ដែរ៖ គ្មានឧបករណ៍ណាអាចចាប់យកអន្ទាក់គ្រប់យ៉ាងនៅលើបញ្ជីដែលគ្មានការយល់ព្រមទេ ព្រោះខ្លះត្រូវបានរចនាឡើងមិនឱ្យរកឃើញ។ នោះជាការពិតសម្រាប់ validator គ្រប់រូប—យើងគ្រាន់តែជាអ្នកដែលប្រាប់អ្នក។",
quiz.reality_crisis,quiz,RESULTS,You need a remediation strategy, not just a clean list. I help identify the root cause and build a path back to good standing with your ESP.,អ្នកត្រូវការយុទ្ធសាស្ត្រដោះស្រាយ មិនមែនគ្រាន់តែបញ្ជីស្អាតទេ។ ខ្ញុំជួយកំណត់មូលហេតុដើម និងកសាងផ្លូវត្រឡប់ទៅស្ថានភាពល្អជាមួយ ESP របស់អ្នក។,DNT ESP
quiz.reality_toolfailure,quiz,RESULTS,Automated tools cannot see behavioral history. They check code, not context. I find the 'Valid but Dangerous' addresses they miss.,ឧបករណ៍ស្វ័យប្រវត្តិមិនអាចមើលឃើញប្រវត្តិអាកប្បកិរិយាទេ។ ពួកគេពិនិត្យកូដ មិនមែនបរិបទទេ។ ខ្ញុំរកឃើញអាសយដ្ឋាន 'Valid ប៉ុន្តែគ្រោះថ្នាក់' ដែលពួកគេខកខាន។,
quiz.reality_infra,quiz,RESULTS,Domain authentication tells inbox providers you are who you say you are. Without it, your emails look suspicious regardless of list quality.,ការផ្ទៀងផ្ទាត់ Domain ប្រាប់អ្នកផ្តល់ inbox ថាអ្នកគឺជាអ្នកដែលអ្នកនិយាយ។ បើគ្មានវា អ៊ីមែលរបស់អ្នកមើលទៅគួរឱ្យសង្ស័យដោយមិនគិតពីគុណភាពបញ្ជី។,
quiz.reality_catchall,quiz,RESULTS,A large percentage of business domains are catch-all. Validation marks them 'Unknown' because it cannot verify. Pattern recognition and engagement history tell a different story.,ភាគរយដ៏ធំនៃ domain អាជីវកម្មគឺ catch-all។ Validation សម្គាល់ពួកវាថា 'Unknown' ព្រោះវាមិនអាចផ្ទៀងផ្ទាត់បាន។ ការទទួលស្គាល់លំនាំនិងប្រវត្តិការចូលរួមប្រាប់រឿងផ្សេង។,
quiz.reality_decay,quiz,RESULTS,This is the hardest problem to diagnose because there is no event. Your list has accumulated decay, and it is dragging down your engaged subscribers.,នេះគឺជាបញ្ហាពិបាកបំផុតក្នុងការធ្វើរោគវិនិច្ឆ័យព្រោះមិនមានព្រឹត្តិការណ៍។ បញ្ជីរបស់អ្នកបានកកកុញការខូចខាត ហើយវាកំពុងទាញអ្នកជាវដែលចូលរួមរបស់អ្នកចុះ។,
quiz.reality_preventive,quiz,RESULTS,You are doing the right things. A safety check ensures you do not accidentally hit a trap that did not exist last time you sent.,អ្នកកំពុងធ្វើរឿងត្រឹមត្រូវ។ ការពិនិត្យសុវត្ថិភាពធានាថាអ្នកមិនប៉ះអន្ទាក់ដោយចៃដន្យដែលមិនមានកាលពីលើកមុនដែលអ្នកបានផ្ញើ។,
quiz.additional_issues_title,quiz,RESULTS,Other things we noticed,រឿងផ្សេងទៀតដែលយើងបានកត់សម្គាល់,
quiz.modal_title,quiz,MODAL,Talk to a Specialist,និយាយជាមួយអ្នកជំនាញ,
quiz.modal_subtitle,quiz,MODAL,Tell us about your situation and we'll get back to you within 24 hours.,ប្រាប់យើងអំពីស្ថានភាពរបស់អ្នក ហើយយើងនឹងទាក់ទងអ្នកវិញក្នុងរយៈពេល 24 ម៉ោង។,
quiz.modal_message_placeholder,quiz,MODAL,Tell us about your situation...,ប្រាប់យើងអំពីស្ថានភាពរបស់អ្នក...,
quiz.capture_success,quiz,CAPTURE,Your results have been sent!,លទ្ធផលរបស់អ្នកត្រូវបានផ្ញើហើយ!,
quiz.capture_credits_bonus,quiz,CAPTURE,You've also earned 1,500 free credits.,អ្នកក៏ទទួលបាន 1,500 credit ឥតគិតថ្លៃផងដែរ។,
quiz.capture_reach_out,quiz,CAPTURE,We'll reach out soon.,យើងនឹងទាក់ទងឆាប់ៗនេះ។,
sos.badge,sos-hotline,HERO,Free Service,សេវាកម្មឥតគិតថ្លៃ,
sos.title,sos-hotline,HERO,Email SOS Hotline,Email SOS Hotline,DNT SOS Hotline
sos.subtitle,sos-hotline,HERO,"Free expert guidance for anyone with an email question. No sales pitch. No catch. Just honest answers from a deliverability specialist who gets emails into inboxes for a living.","ការណែនាំដោយឥតគិតថ្លៃពីអ្នកជំនាញសម្រាប់អ្នកដែលមានសំណួរអំពីអ៊ីមែល។ គ្មានការលក់។ គ្មានលក្ខខណ្ឌលាក់កំបាំង។ គ្រាន់តែចម្លើយស្មោះត្រង់ពីអ្នកជំនាញ deliverability។",
sos.cta,sos-hotline,HERO,Contact the SOS Hotline,ទាក់ទង SOS Hotline,DNT SOS Hotline
sos.note,sos-hotline,HERO,"Within 48 hours. Often sooner.","ក្នុងរយៈពេល 48 ម៉ោង។ ជាញឹកញាប់លឿនជាងនេះ។",
sos.how_title,sos-hotline,HOW IT WORKS,How It Works,របៀបដែលវាដំណើរការ,
sos.testimonials_title,sos-hotline,TESTIMONIALS,What People Say,អ្វីដែលគេនិយាយ,
sos.why_title,sos-hotline,WHY FREE,Why Is This Free?,ហេតុអ្វីបានជាវាឥតគិតថ្លៃ?,
sos.more_title,sos-hotline,MORE,Need More Than Advice?,ត្រូវការច្រើនជាងដំបូន្មាន?,
sos.more_dfy,sos-hotline,MORE,Done-For-You Review,ការត្រួតពិនិត្យពេញលេញ (Done-For-You),
sos.more_dfy_cta,sos-hotline,MORE,See What You Get,មើលអ្វីដែលអ្នកទទួលបាន,
sos.more_expert,sos-hotline,MORE,Expert Interpretation,ការបកស្រាយដោយអ្នកជំនាញ,
sos.more_expert_cta,sos-hotline,MORE,See the Process,មើលដំណើរការ,
sos.final_title,sos-hotline,CTA,Ready to Ask Your Question?,ត្រៀមខ្លួនសួរសំណួររបស់អ្នកហើយឬនៅ?,
sos.final_cta,sos-hotline,CTA,Contact the SOS Hotline,ទាក់ទង SOS Hotline,DNT SOS Hotline
sos.modal_title,sos-hotline,MODAL,SOS Hotline,SOS Hotline,DNT SOS Hotline
sos.modal_subtitle,sos-hotline,MODAL,Tell us what's going on and we'll get back to you within 24-48 hours.,ប្រាប់យើងពីអ្វីដែលកំពុងកើតឡើង ហើយយើងនឹងទាក់ទងអ្នកវិញក្នុងរយៈពេល 24-48 ម៉ោង។,
sos.modal_message_label,sos-hotline,MODAL,What's going on?,តើមានរឿងអ្វីកើតឡើង?,
sos.modal_placeholder,sos-hotline,MODAL,What's your email question?,តើសំណួរអ៊ីមែលរបស់អ្នកគឺជាអ្វី?,
sos.modal_submit,sos-hotline,MODAL,Send to SOS Hotline,ផ្ញើទៅ SOS Hotline,DNT SOS Hotline
sos.modal_success,sos-hotline,MODAL,Message Received,ទទួលបានសារហើយ,
sos.modal_success_text,sos-hotline,MODAL,We'll get back to you within 24-48 hours.,យើងនឹងទាក់ទងអ្នកវិញក្នុងរយៈពេល 24-48 ម៉ោង។,
sos.topics_headline,sos-hotline,WHO THIS IS FOR,"If it touches email, we can help.",ប្រសិនបើវាទាក់ទងនឹងអ៊ីមែល យើងអាចជួយបាន។,
sos.topics_subhead,sos-hotline,WHO THIS IS FOR,"You do not need to be a client. You do not need to buy anything.",អ្នកមិនចាំបាច់ជាអតិថិជនទេ។ អ្នកមិនចាំបាច់ទិញអ្វីទេ។,
sos.topics_footer,sos-hotline,WHO THIS IS FOR,...and anything else you are wondering about.,...និងអ្វីផ្សេងទៀតដែលអ្នកកំពុងឆ្ងល់។,
sos.topic_deliverability,sos-hotline,TOPICS,Deliverability,Deliverability,
sos.topic_bounces,sos-hotline,TOPICS,Bounces,Bounces,
sos.topic_blocklists,sos-hotline,TOPICS,Blocklists,Blocklists,
sos.topic_open_rates,sos-hotline,TOPICS,Open rates,Open rates,
sos.topic_esp_migration,sos-hotline,TOPICS,ESP migration,ការផ្លាស់ប្តូរ ESP,DNT ESP
sos.topic_warmup,sos-hotline,TOPICS,Warmup,Warmup,
sos.topic_list_cleaning,sos-hotline,TOPICS,List cleaning,ការសម្អាតបញ្ជី,
sos.topic_engagement,sos-hotline,TOPICS,Engagement,Engagement,
sos.topic_spam_complaints,sos-hotline,TOPICS,Spam complaints,Spam complaints,
sos.topic_reputation,sos-hotline,TOPICS,Reputation,Reputation,
sos.topic_ip_warming,sos-hotline,TOPICS,IP warming,IP warming,DNT IP
sos.topic_segmentation,sos-hotline,TOPICS,Segmentation,Segmentation,
sos.topic_inbox_placement,sos-hotline,TOPICS,Inbox placement,Inbox placement,
sos.topic_sunsetting,sos-hotline,TOPICS,Sunsetting,Sunsetting,
sos.topic_reengagement,sos-hotline,TOPICS,Re-engagement,Re-engagement,
sos.topic_career,sos-hotline,TOPICS,Career advice,ដំបូន្មានអាជីព,
sos.step1,sos-hotline,HOW IT WORKS,You send an email to the SOS Hotline,អ្នកផ្ញើអ៊ីមែលទៅ SOS Hotline,DNT SOS Hotline
sos.step2,sos-hotline,HOW IT WORKS,You receive an automatic reply confirming we got it,អ្នកទទួលបានការឆ្លើយតបដោយស្វ័យប្រវត្តិបញ្ជាក់ថាយើងបានទទួលវា,
sos.step3,sos-hotline,HOW IT WORKS,YT personally reads and responds within 48 hours,Yanna-Torry អានផ្ទាល់ និងឆ្លើយតបក្នុងរយៈពេល 48 ម៉ោង,DNT YT
sos.how_footer,sos-hotline,HOW IT WORKS,That is it. No booking system. Just reach out.,មានតែប៉ុណ្ណឹង។ គ្មានប្រព័ន្ធកក់។ គ្រាន់តែទាក់ទងមក។,
sos.how_send_message,sos-hotline,HOW IT WORKS,Send a message,ផ្ញើសារ,
sos.testimonial1_quote,sos-hotline,TESTIMONIALS,"The SOS Hotline gave me extremely helpful guidance. Yanna-Torry cleaned our list and supported us beyond the call.","SOS Hotline បានផ្តល់ឱ្យខ្ញុំនូវការណែនាំដែលមានប្រយោជន៍ខ្លាំង។ Yanna-Torry បានសម្អាតបញ្ជីរបស់យើង ហើយគាំទ្រយើងលើសពីការហៅទូរសព្ទ។",DNT SOS Hotline, Yanna-Torry
sos.testimonial1_author,sos-hotline,TESTIMONIALS,"Megan S, UK","Megan S, UK",DNT
sos.testimonial2_quote,sos-hotline,TESTIMONIALS,Real human expertise. Tailor-made solutions. Not an AI tool.,ជំនាញមនុស្សពិត។ ដំណោះស្រាយផ្ទាល់ខ្លួន។ មិនមែនឧបករណ៍ AI ទេ។,
sos.testimonial2_author,sos-hotline,TESTIMONIALS,"Chris Mead, UK","Chris Mead, UK",DNT
sos.testimonial3_quote,sos-hotline,TESTIMONIALS,RME provides deep insights our ESP misses and helped us segment smarter.,RME ផ្តល់នូវការយល់ដឹងស៊ីជម្រៅដែល ESP របស់យើងខកខាន ហើយបានជួយយើង segment ដោយឆ្លាតវៃជាងមុន។,DNT RME, ESP
sos.testimonial3_author,sos-hotline,TESTIMONIALS,"Adeola Sole, UK","Adeola Sole, UK",DNT
sos.why_tagline,sos-hotline,WHY FREE,Trust beats tactics.,ទំនុកចិត្តសំខាន់ជាងយុទ្ធសាស្ត្រ។,
sos.why_p1,sos-hotline,WHY FREE,We offer real help without charging because it is the right thing to do. Most questions fall into a few common patterns I see every week. Some people need a quick answer. Some need deeper support. Either way, the conversation starts the same.,"យើងផ្តល់ជំនួយពិតប្រាកដដោយមិនគិតថ្លៃ ព្រោះវាជារឿងត្រឹមត្រូវ។ សំណួរភាគច្រើនស្ថិតនៅក្នុងលំនាំទូទៅដែលខ្ញុំឃើញរាល់សប្តាហ៍។ អ្នកខ្លះត្រូវការចម្លើយរហ័ស។ អ្នកខ្លះត្រូវការការគាំទ្រស៊ីជម្រៅ។ ទោះជាយ៉ាងណាក៏ដោយ ការសន្ទនាចាប់ផ្តើមដូចគ្នា។",
sos.why_p2,sos-hotline,WHY FREE,"If you need more than guidance, we offer done-for-you list reviews with expert interpretation included. But there is no pressure. The SOS Hotline exists to help, not to sell.","ប្រសិនបើអ្នកត្រូវការច្រើនជាងការណែនាំ យើងផ្តល់ជូនការត្រួតពិនិត្យបញ្ជីដែលធ្វើជូនអ្នក (Done-For-You) ជាមួយនឹងការបកស្រាយដោយអ្នកជំនាញ។ ប៉ុន្តែគ្មានសម្ពាធទេ។ SOS Hotline មានដើម្បីជួយ មិនមែនដើម្បីលក់ទេ។",DNT SOS Hotline
sos.more_intro,sos-hotline,MORE,"SOS gives you guidance. If you need someone to actually touch your data, we offer:",SOS ផ្តល់ឱ្យអ្នកនូវការណែនាំ។ ប្រសិនបើអ្នកត្រូវការនរណាម្នាក់ឱ្យប៉ះទិន្នន័យរបស់អ្នក យើងផ្តល់ជូន៖,DNT SOS
sos.more_dfy_desc,sos-hotline,MORE,"Send us your list. We review every address and return it labeled: Keep, Monitor, or Suppress. Each gets a clear label, a definition, and why it matters.","ផ្ញើបញ្ជីរបស់អ្នកមកយើង។ យើងពិនិត្យរាល់អាសយដ្ឋាន ហើយប្រគល់វាវិញដោយដាក់ស្លាក៖ Keep, Monitor, ឬ Suppress។ នីមួយៗទទួលបានស្លាកច្បាស់លាស់ និយមន័យ និងមូលហេតុដែលវាសំខាន់។",DNT Keep, Monitor, Suppress
sos.more_expert_desc,sos-hotline,MORE,"Every list review includes a walkthrough of your results. We explain what we found, what it means, and what to do next. Included free with every cleaning.",ការពិនិត្យបញ្ជីនីមួយៗរួមបញ្ចូលការពន្យល់លទ្ធផល។ យើងពន្យល់ពីអ្វីដែលយើងរកឃើញ អត្ថន័យរបស់វា និងអ្វីដែលត្រូវធ្វើបន្ទាប់។ រួមបញ្ចូលដោយឥតគិតថ្លៃរាល់ការសម្អាត។,
sos.final_subtext,sos-hotline,CTA,"Email us. Within 48 hours. Often sooner.","ផ្ញើអ៊ីមែលមកយើង។ ក្នុងរយៈពេល 48 ម៉ោង។ ជាញឹកញាប់លឿនជាងនេះ។",
audit.badge,audit,INTRO,Free Self-Assessment,ការវាយតម្លៃខ្លួនឯងឥតគិតថ្លៃ,
audit.title,audit,INTRO,Inbox Placement Self-Audit,ការធ្វើសវនកម្មខ្លួនឯង Inbox Placement,
audit.subtitle,audit,INTRO,What most senders never check. Use this monthly. Be honest. This is how problems get caught before revenue drops.,អ្វីដែលអ្នកផ្ញើភាគច្រើនមិនដែលពិនិត្យ។ ប្រើវាប្រចាំខែ។ ស្មោះត្រង់។ នេះជារបៀបដែលបញ្ហាត្រូវបានចាប់បានមុនពេលចំណូលធ្លាក់ចុះ។,
audit.disclaimer,audit,INTRO,Important: This audit covers general best practices. Every business is different. A monthly newsletter has different needs than a daily SaaS notification. Some items here may not apply to you at all. The goal is awareness, not a perfect score.,សំខាន់៖ ការធ្វើសវនកម្មនេះគ្របដណ្តប់លើការអនុវត្តល្អបំផុតទូទៅ។ អាជីវកម្មនីមួយៗខុសគ្នា។ ព្រឹត្តិបត្រព័ត៌មានប្រចាំខែមានតម្រូវការខុសពីការជូនដំណឹង SaaS ប្រចាំថ្ងៃ។ ធាតុខ្លះនៅទីនេះប្រហែលជាមិនអនុវត្តចំពោះអ្នកទេ។ គោលដៅគឺការយល់ដឹង មិនមែនពិន្ទុល្អឥតខ្ចោះទេ។,
audit.meta_time,audit,INTRO,5-7 minutes,5-7 នាទី,
audit.meta_sections,audit,INTRO,10 sections,10 ផ្នែក,
audit.meta_tips,audit,INTRO,Personalized tips,គន្លឹះផ្ទាល់ខ្លួន,
audit.start_button,audit,INTRO,Start Audit,ចាប់ផ្តើមសវនកម្ម,
audit.section_automation,audit,SECTIONS,Automation Timing,ពេលវេលាស្វ័យប្រវត្តិកម្ម,
audit.section_header,audit,SECTIONS,Header & Footer Hygiene,អនាម័យ Header & Footer,
audit.section_tracking,audit,SECTIONS,Tracking Domain Risk,ហានិភ័យ Tracking Domain,
audit.section_engagement,audit,SECTIONS,Engagement Logic,តក្កវិជ្ជា Engagement,
audit.section_layout,audit,SECTIONS,Layout Pattern Risk,ហានិភ័យ Layout Pattern,
audit.section_sendtime,audit,SECTIONS,Send Time Logic,តក្កវិជ្ជាពេលវេលាផ្ញើ,
audit.section_migration,audit,SECTIONS,ESP Migration Risk,ហានិភ័យផ្លាស់ប្តូរ ESP,
audit.section_subject,audit,SECTIONS,Subject vs Preview Trust,ការជឿទុកចិត្ត Subject vs Preview,
audit.section_spam,audit,SECTIONS,Spam Folder Rendering,ការបង្ហាញ Spam Folder,
audit.section_validation,audit,SECTIONS,Validation Frequency,ភាពញឹកញាប់ Validation,
audit.grade_strong,audit,RESULTS,Strong Foundation,មូលដ្ឋានគ្រឹះរឹងមាំ,
audit.grade_attention,audit,RESULTS,Needs Attention,ត្រូវការការយកចិត្តទុកដាក់,
audit.grade_risk,audit,RESULTS,High Risk,ហានិភ័យខ្ពស់,
audit.out_of_100,audit,RESULTS,out of 100,ក្នុងចំណោម 100,
audit.score_by_section,audit,RESULTS,Score by Section,ពិន្ទុតាមផ្នែក,
audit.next_section,audit,BUTTONS,Next Section,ផ្នែកបន្ទាប់,
audit.see_results,audit,BUTTONS,See Results,មើលលទ្ធផល,
audit.retake,audit,BUTTONS,Retake Audit,ធ្វើសវនកម្មម្តងទៀត,
audit.save_title,audit,CAPTURE,Save Your Results,រក្សាទុកលទ្ធផលរបស់អ្នក,
audit.send_report,audit,CAPTURE,Send My Report,ផ្ញើរបាយការណ៍របស់ខ្ញុំ,
audit.report_sent,audit,CAPTURE,Report Sent!,របាយការណ៍បានផ្ញើ!,
audit.save_subtitle,audit,CAPTURE,Get a detailed report emailed and optionally join our waitlist.,ទទួលបានរបាយការណ៍លម្អិតតាមអ៊ីមែល និងចូលរួមក្នុងបញ្ជីរង់ចាំរបស់យើង (ជាជម្រើស)។,
audit.capture_newsletter,audit,CAPTURE,"Monthly deliverability insights (no spam, just signal)","ការយល់ដឹងអំពី deliverability ប្រចាំខែ (គ្មាន spam, គ្រាន់តែ signal)",
audit.capture_bonus,audit,CAPTURE,1,500 credits when we launch,1,500 credit នៅពេលយើងចាប់ផ្តើម,
audit.capture_waitlist,audit,CAPTURE,Notify me when self-serve launches,ជូនដំណឹងខ្ញុំនៅពេល self-serve ចាប់ផ្តើម,
audit.capture_contact,audit,CAPTURE,Have someone reach out to discuss my audit results (no sales pitch),ឱ្យនរណាម្នាក់ទាក់ទងមកពិភាក្សាអំពីលទ្ធផលសវនកម្មរបស់ខ្ញុំ (គ្មានការលក់),
audit.capture_skip,audit,CAPTURE,"Skip, I'll just review on screen","រំលង, ខ្ញុំនឹងគ្រាន់តែពិនិត្យមើលលើអេក្រង់",
audit.recommendations_title,audit,RESULTS,Action Items by Section,សកម្មភាពតាមផ្នែក,
audit.recommendations_subtitle,audit,RESULTS,Everything flagged based on your answers. Review what applies to you:,អ្វីគ្រប់យ៉ាងដែលបានដាក់ទង់ផ្អែកលើចម្លើយរបស់អ្នក។ ពិនិត្យមើលអ្វីដែលអនុវត្តចំពោះអ្នក៖,
audit.sos_title,audit,SOS PLUG,Not Sure What Applies to You?,មិនប្រាកដថាអ្វីអនុវត្តចំពោះអ្នក?,
audit.sos_desc,audit,SOS PLUG,Every business is different. What's critical for a daily sender might be irrelevant for a monthly newsletter. If you're unsure which items actually matter for your situation, talk to someone who's seen it all.,អាជីវកម្មនីមួយៗខុសគ្នា។ អ្វីដែលសំខាន់សម្រាប់អ្នកផ្ញើប្រចាំថ្ងៃប្រហែលជាមិនពាក់ព័ន្ធសម្រាប់ព្រឹត្តិបត្រព័ត៌មានប្រចាំខែទេ។ ប្រសិនបើអ្នកមិនច្បាស់ថាធាតុណាពិតជាសំខាន់សម្រាប់ស្ថានភាពរបស់អ្នក សូមនិយាយជាមួយអ្នកដែលបានឃើញវាទាំងអស់។,
audit.sos_badge,audit,SOS PLUG,Free. No pitch. Just answers.,ឥតគិតថ្លៃ។ គ្មានការលក់។ គ្រាន់តែចម្លើយ។,
audit.sos_card_desc,audit,SOS PLUG,"The SOS Hotline connects you with YT, a deliverability specialist who's cleaned thousands of lists and diagnosed hundreds of sending problems. Ask anything.","SOS Hotline ភ្ជាប់អ្នកជាមួយ YT ដែលជាអ្នកជំនាញ deliverability ដែលបានសម្អាតបញ្ជីរាប់ពាន់ និងធ្វើរោគវិនិច្ឆ័យបញ្ហាផ្ញើរាប់រយ។ សួរអ្វីក៏បាន។",DNT SOS Hotline, YT
audit.sos_cta,audit,SOS PLUG,Talk to a Specialist,និយាយជាមួយអ្នកជំនាញ,
audit.sos_learn_more,audit,SOS PLUG,Learn About SOS Hotline,ស្វែងយល់អំពី SOS Hotline,DNT SOS Hotline
audit.testimonial_quote,audit,TESTIMONIAL,Review My Emails goes beyond standard tools by identifying risky patterns others miss.,Review My Emails លើសពីឧបករណ៍ស្តង់ដារដោយកំណត់អត្តសញ្ញាណលំនាំហានិភ័យដែលអ្នកផ្សេងទៀតខកខាន។,DNT Review My Emails
audit.testimonial_author,audit,TESTIMONIAL,"Julia S., Italy","Julia S., Italy",DNT
audit.get_cleaning,audit,BUTTONS,Get Expert List Cleaning,ទទួលបានការសម្អាតបញ្ជីដោយអ្នកជំនាញ,
about.email_link,about,CONTENT,Email,អ៊ីមែល,
about.founder_title,about,CONTENT,"Founder, Review My Emails","ស្ថាបនិក, Review My Emails",
audit.back,audit,CONTENT,Back,ត្រឡប់ក្រោយ,
audit.built_by,audit,CONTENT,Built by,បង្កើតឡើងដោយ,
audit.get_cleaned,audit,CONTENT,Get Your List Cleaned,សម្អាតបញ្ជីរបស់អ្នក,
audit.important,audit,CONTENT,Important:,សំខាន់៖,
audit.what_cover,audit,CONTENT,What we'll cover,អ្វីដែលយើងនឹងគ្របដណ្តប់,
contact.modal_subtitle,common,CONTACT MODAL,Tell us what you're working on. We'll get back to you within one business day.,ប្រាប់យើងពីអ្វីដែលអ្នកកំពុងធ្វើ។ យើងនឹងឆ្លើយតបក្នុងរយៈពេលមួយថ្ងៃធ្វើការ។,
contact.modal_title,common,CONTACT MODAL,Get in Touch,ទាក់ទងមកយើង,
contact.submit,common,CONTACT MODAL,Send Message,ផ្ញើសារ,
footer.legal,common,FOOTER,Privacy Policy · Terms,គោលការណ៍ឯកជនភាព · លក្ខខណ្ឌ,
form.email_label,common,FORM FIELDS,Email \*,អ៊ីមែល \*,
form.message_hint,common,FORM FIELDS,Optional - but helps us prepare for the conversation.,ជាជម្រើស - ប៉ុន្តែជួយយើងរៀបចំសម្រាប់ការសន្ទនា។,
form.message_label,common,FORM FIELDS,Message,សារ,
form.message_optional_label,common,FORM FIELDS,Message (optional),សារ (ជាជម្រើស),
form.name_label,common,FORM FIELDS,Name \*,ឈ្មោះ \*,
form.timezone_label,common,FORM FIELDS,Timezone (optional),តំបន់ពេលវេលា (ជាជម្រើស),
form.timezone_select,common,FORM FIELDS,Select your timezone,ជ្រើសរើសតំបន់ពេលវេលារបស់អ្នក,
form.timezone_select_optional,common,FORM FIELDS,Select your timezone (optional),ជ្រើសរើសតំបន់ពេលវេលារបស់អ្នក (ជាជម្រើស),
form.tz_alaska,common,FORM FIELDS,Alaska Time,ម៉ោងអាឡាស្កា,
form.tz_central,common,FORM FIELDS,Central Time (CT),ម៉ោងកណ្តាល (CT),
form.tz_cet,common,FORM FIELDS,Central European Time (CET),ម៉ោងអឺរ៉ុបកណ្តាល (CET),
form.tz_eastern,common,FORM FIELDS,Eastern Time (ET),ម៉ោងខាងកើត (ET),
form.tz_eet,common,FORM FIELDS,Eastern European Time,ម៉ោងអឺរ៉ុបខាងកើត,
form.tz_gmt,common,FORM FIELDS,GMT / UTC,GMT / UTC,
form.tz_gulf,common,FORM FIELDS,Gulf Standard Time,ម៉ោងស្តង់ដារឈូង,
form.tz_hawaii,common,FORM FIELDS,Hawaii Time,ម៉ោងហាវ៉ៃ,
form.tz_india,common,FORM FIELDS,India Standard Time,ម៉ោងស្តង់ដារឥណ្ឌា,
form.tz_japan,common,FORM FIELDS,Japan Standard Time,ម៉ោងស្តង់ដារជប៉ុន,
form.tz_london,common,FORM FIELDS,London (GMT/BST),ឡុងដ៍ (GMT/BST),
form.tz_mountain,common,FORM FIELDS,Mountain Time (MT),ម៉ោងភ្នំ (MT),
form.tz_nz,common,FORM FIELDS,New Zealand Time,ម៉ោងនូវែលហ្សេឡង់,
form.tz_other,common,FORM FIELDS,Other,ផ្សេងទៀត,
form.tz_pacific,common,FORM FIELDS,Pacific Time (PT),ម៉ោងប៉ាស៊ីហ្វិក (PT),
form.tz_singapore,common,FORM FIELDS,Singapore Time,ម៉ោងសិង្ហបុរី,
form.tz_sydney,common,FORM FIELDS,Australian Eastern Time,ម៉ោងអូស្ត្រាលីខាងកើត,
modal.subtitle,common,CONTACT MODAL,Tell us about your situation and we'll get back to you within 24 hours.,ប្រាប់យើងអំពីស្ថានភាពរបស់អ្នក ហើយយើងនឹងទាក់ទងអ្នកវិញក្នុងរយៈពេល 24 ម៉ោង។,
ui.message_received,common,UI,Message Received,ទទួលបានសារ,
ui.message_sent,common,UI,Message Sent!,សារបានផ្ញើហើយ!,
ui.request_received,common,UI,Request Received,ទទួលសំណើរួចហើយ,
ui.response_time,common,UI,We'll get back to you within 24-48 hours.,យើងនឹងទាក់ទងអ្នកវិញក្នុងរយៈពេល 24-48 ម៉ោង។,
ui.response_time_business,common,UI,We'll get back to you within one business day.,យើងនឹងឆ្លើយតបក្នុងរយៈពេលមួយថ្ងៃធ្វើការ។,
dfy.consult_call_title,done-for-you,CONTENT,1:1 Call with YT,ការហៅទូរសព្ទ 1:1 ជាមួយ YT,DNT YT
dfy.contact_first,done-for-you,CONTENT,Contact Us First,ទាក់ទងមកយើងមុន,
dfy.how_read_title,done-for-you,CONTENT,How I Read Your List,របៀបដែលខ្ញុំអានបញ្ជីរបស់អ្នក,
dfy.keep_desc,done-for-you,OUTPUT,No flags found. Domain checks out, validation passed, no risk signals. These are clear to send.,រកមិនឃើញទង់ហានិភ័យ។ Domain ត្រឹមត្រូវ validation ជាប់ គ្មានសញ្ញាហានិភ័យ។ ទាំងនេះអាចផ្ញើបានដោយសុវត្ថិភាព។,
dfy.keep_title,done-for-you,OUTPUT,Safe to Mail,សុវត្ថិភាពក្នុងការផ្ញើ,DNT Keep label
dfy.modal_submit,done-for-you,MODAL,Send Request,ផ្ញើសំណើ,
dfy.modal_subtitle,done-for-you,MODAL,Tell us about your situation and we'll get back to you within 24 hours.,ប្រាប់យើងអំពីស្ថានភាពរបស់អ្នក ហើយយើងនឹងទាក់ទងអ្នកវិញក្នុងរយៈពេល 24 ម៉ោង។,
dfy.monitor_desc,done-for-you,OUTPUT,Each address comes with specific labels explaining why it landed here. Context matters.,អាសយដ្ឋាននីមួយៗមានស្លាកជាក់លាក់ពន្យល់ថាហេតុអ្វីវាមកដល់ទីនេះ។ បរិបទសំខាន់ណាស់។,
dfy.monitor_title,done-for-you,OUTPUT,Yellow Flags,ទង់លឿង,DNT Monitor label
dfy.pricing_ask,done-for-you,PRICING,Just ask,គ្រាន់តែសួរ,
dfy.pricing_questions,done-for-you,PRICING,Questions first?,មានសំណួរជាមុន?,
dfy.read1_desc,done-for-you,HOW I READ,"Domain behavior, history, and patterns across your entire list. Context, not just existence.",អាកប្បកិរិយារបស់ Domain ប្រវត្តិ និងលំនាំនៅទូទាំងបញ្ជីរបស់អ្នក។ បរិបទ មិនមែនគ្រាន់តែការមានវត្តមានទេ។,
dfy.read1_title,done-for-you,HOW I READ,I Look Beyond the Address,ខ្ញុំមើលលើសពីអាសយដ្ឋាន,
dfy.read2_desc,done-for-you,HOW I READ,Traps, role accounts, toxic domains, disposable patterns. The things that don't bounce but still hurt you.,Spam traps, គណនី role, domains ដែលមានជាតិពុល, លំនាំ disposable។ អ្វីដែលមិន bounce ប៉ុន្តែនៅតែប៉ះពាល់ដល់អ្នក។,
dfy.read2_title,done-for-you,HOW I READ,I Check What Others Miss,ខ្ញុំពិនិត្យអ្វីដែលអ្នកផ្សេងមើលរំលង,
dfy.read3_desc,done-for-you,HOW I READ,Not just labels. You get the thinking behind each decision so you understand why.,មិនមែនគ្រាន់តែស្លាកទេ។ អ្នកទទួលបានការគិតនៅពីក្រោយការសម្រេចចិត្តនីមួយៗ ដើម្បីឱ្យអ្នកយល់ពីមូលហេតុ។,
dfy.read3_title,done-for-you,HOW I READ,I Explain My Reasoning,ខ្ញុំពន្យល់ពីហេតុផលរបស់ខ្ញុំ,
dfy.sos_cta,done-for-you,SOS PLUG,Learn About SOS Hotline,ស្វែងយល់អំពី SOS Hotline,DNT SOS Hotline
dfy.sos_desc,done-for-you,SOS PLUG,Have a question before committing? Use the SOS Hotline. It is free. No sales pitch.,មានសំណួរមុនពេលសម្រេចចិត្ត? ប្រើ SOS Hotline។ វាឥតគិតថ្លៃ។ គ្មានការលក់។,DNT SOS Hotline
dfy.sos_title,done-for-you,SOS PLUG,Not Sure Yet?,នៅមិនទាន់ប្រាកដ?,
dfy.suppress_desc,done-for-you,OUTPUT,Each address comes with specific labels explaining why. Invalid, trap-likely, disposable, or other risk signals. Don't send here.,អាសយដ្ឋាននីមួយៗមានស្លាកជាក់លាក់ពន្យល់ថាហេតុអ្វី។ មិនត្រឹមត្រូវ (Invalid), ទំនងជាអន្ទាក់ (Trap), ប្រើម្តងចោល (Disposable), ឬសញ្ញាហានិភ័យផ្សេងទៀត។ កុំផ្ញើទៅកាន់ពួកវា។,
dfy.suppress_title,done-for-you,OUTPUT,Do Not Mail,ហាមផ្ញើ,DNT Suppress label
dfy.who_for1,done-for-you,WHO FOR,Running campaigns but seeing declining engagement,កំពុងដំណើរការយុទ្ធនាការប៉ុន្តែឃើញការចូលរួមធ្លាក់ចុះ,
dfy.who_for2,done-for-you,WHO FOR,"Worried about bounces, complaints, or blocklists",ព្រួយបារម្ភអំពី bounces, បណ្តឹង, ឬ blocklists,
dfy.who_for3,done-for-you,WHO FOR,Inheriting a list you did not build,ទទួលមរតកបញ្ជីដែលអ្នកមិនបានបង្កើត,
dfy.who_for4,done-for-you,WHO FOR,"Under pressure to ""just send"" but sensing risk","ស្ថិតនៅក្រោមសម្ពាធឱ្យ ""គ្រាន់តែផ្ញើ"" ប៉ុន្តែមានអារម្មណ៍ហានិភ័យ",
dfy.who_for5,done-for-you,WHO FOR,Trying to explain deliverability risks internally,ព្យាយាមពន្យល់ពីហានិភ័យ deliverability នៅក្នុងស្ថាប័ន,
dfy.who_for_title,done-for-you,WHO FOR,This Is For You If,នេះសម្រាប់អ្នកប្រសិនបើ,
dfy.who_not1,done-for-you,WHO NOT FOR,You want someone to write or send campaigns for you,អ្នកចង់ឱ្យនរណាម្នាក់សរសេរឬផ្ញើយុទ្ធនាការឱ្យអ្នក,
dfy.who_not2,done-for-you,WHO NOT FOR,You need ESP migration or setup help,អ្នកត្រូវការជំនួយការផ្លាស់ប្តូរ ESP ឬការដំឡើង,
dfy.who_not3,done-for-you,WHO NOT FOR,You want ongoing managed services,អ្នកចង់បានសេវាកម្មគ្រប់គ្រងបន្ត,
dfy.who_not4,done-for-you,WHO NOT FOR,You need content or design work,អ្នកត្រូវការការងារមាតិកាឬការរចនា,
dfy.who_not_title,done-for-you,WHO NOT FOR,Not For You If,មិនមែនសម្រាប់អ្នកប្រសិនបើ,
dfy.who_partner_cta,done-for-you,WHO FOR,Connect With a Partner,ភ្ជាប់ជាមួយដៃគូ,
dfy.who_title,done-for-you,WHO FOR,Who This Is For,សម្រាប់នរណា,
home.manifesto,homepage,MANIFESTO,You've probably run your list through a tool before. It said 95% valid. You sent anyway. Bounces happened. That's the gap between validation and understanding.,អ្នកប្រហែលជាបានដាក់បញ្ជីរបស់អ្នកតាមឧបករណ៍រួចហើយ។ វានិយាយថា 95% valid។ អ្នកបានផ្ញើទោះបីជាយ៉ាងណា។ Bounces បានកើតឡើង។ នោះគឺជាគម្លាតរវាង validation និងការយល់ដឹង។,
home.quiz_cta_btn,homepage,QUIZ CTA,Take the 2-Minute Risk Check,ធ្វើការពិនិត្យហានិភ័យ ២នាទី,
home.quiz_cta_desc,homepage,QUIZ CTA,"Take a 2-minute self-assessment. Four questions about how you built your list, and we'll tell you what risk level you're probably at.",ធ្វើការវាយតម្លៃខ្លួនឯង ២នាទី។ សំណួរបួនអំពីរបៀបដែលអ្នកបានបង្កើតបញ្ជីរបស់អ្នក ហើយយើងនឹងប្រាប់អ្នកថាអ្នកប្រហែលជានៅកម្រិតហានិភ័យណា។,
pricing.calc_heading,pricing,CALCULATOR,Calculate Your Price,គណនាតម្លៃរបស់អ្នក,
pricing.calc_intro,pricing,CALCULATOR,Simple. More volume, lower rate.,សាមញ្ញ។ បរិមាណកាន់តែច្រើន អត្រាកាន់តែទាប។,
pricing.calc_subtitle,pricing,CALCULATOR,Pay only for what you need. Credits never expire.,បង់តែអ្វីដែលអ្នកត្រូវការ។ Credit មិនដែលផុតកំណត់ទេ។,
pricing.calc_title,pricing,CALCULATOR,Pricing Calculator,ម៉ាស៊ីនគិតតម្លៃ,
pricing.compare_subtitle,pricing,COMPARISON,The difference between checking and interpreting.,ភាពខុសគ្នារវាងការពិនិត្យនិងការបកស្រាយ។,
pricing.compare_them1,pricing,COMPARISON,Validators check if an inbox exists.,Validators ពិនិត្យមើលថាតើ inbox មានឬអត់។,
pricing.compare_them2,pricing,COMPARISON,Validators give you a status.,Validators ផ្តល់ឱ្យអ្នកនូវស្ថានភាព។,
pricing.compare_them3,pricing,COMPARISON,Validators flag what bounces.,Validators ដាក់ទង់អ្វីដែល bounce។,
pricing.compare_them4,pricing,COMPARISON,Validators process volume.,Validators ដំណើរការបរិមាណ។,
pricing.compare_them5,pricing,COMPARISON,Validators leave you guessing.,Validators ទុកឱ្យអ្នកទស្សន៍ទាយ។,
pricing.compare_title,pricing,COMPARISON,What You Are Actually Paying For,អ្វីដែលអ្នកកំពុងបង់ប្រាក់ឱ្យ,
pricing.compare_us1,pricing,COMPARISON,We assess whether sending there is safe.,យើងវាយតម្លៃថាតើការផ្ញើទៅទីនោះមានសុវត្ថិភាពឬអត់។,
pricing.compare_us2,pricing,COMPARISON,We give you the reasoning behind a decision.,យើងផ្តល់ឱ្យអ្នកនូវហេតុផលនៅពីក្រោយការសម្រេចចិត្ត។,
pricing.compare_us3,pricing,COMPARISON,We flag what damages your reputation without bouncing.,យើងដាក់ទង់អ្វីដែលបំផ្លាញកេរ្តិ៍ឈ្មោះរបស់អ្នកដោយមិន bounce។,
pricing.compare_us4,pricing,COMPARISON,We interpret patterns across your entire list.,យើងបកស្រាយលំនាំនៅទូទាំងបញ្ជីទាំងមូលរបស់អ្នក។,
pricing.compare_us5,pricing,COMPARISON,We tell you what to do and why.,យើងប្រាប់អ្នកពីអ្វីដែលត្រូវធ្វើនិងមូលហេតុ។,
pricing.cta_clean_desc,pricing,CTA,Done-for-you service. Send your list, get results.,សេវាកម្ម Done-for-you។ ផ្ញើបញ្ជីរបស់អ្នក ទទួលបានលទ្ធផល។,
pricing.cta_clean_title,pricing,CTA,Get My List Cleaned,សម្អាតបញ្ជីរបស់ខ្ញុំ,
pricing.cta_help_desc,pricing,CTA,Email our SOS hotline with your questions.,អ៊ីមែលទៅកាន់ SOS hotline របស់យើងជាមួយនឹងសំណួររបស់អ្នក។,DNT SOS Hotline
pricing.cta_help_title,pricing,CTA,Get Free Help,ទទួលបានជំនួយឥតគិតថ្លៃ,
pricing.cta_waitlist_title,pricing,CTA,Join the Waitlist,ចូលរួមក្នុងបញ្ជីរង់ចាំ,
pricing.for_custom,pricing,CONTENT,for custom pricing.,សម្រាប់តម្លៃផ្ទាល់ខ្លួន។,
pricing.free_help_desc,pricing,FREE HELP,"Ask any email question. Get a real answer from a real expert. No sales pitch, no strings attached.",សួរសំណួរអ៊ីមែលណាមួយ។ ទទួលបានចម្លើយពិតពីអ្នកជំនាញពិត។ គ្មានការលក់ គ្មានលក្ខខណ្ឌ។,
pricing.free_help_title,pricing,FREE HELP,Free Email Help,ជំនួយអ៊ីមែលឥតគិតថ្លៃ,
pricing.get_started_btn,pricing,CONTENT,Get Started,ចាប់ផ្តើម,
pricing.hero_headline1,pricing,HERO,Beyond Validation.,លើសពី Validation។,
pricing.hero_headline2,pricing,HERO,We Tell You What Your List Means.,យើងប្រាប់អ្នកពីអត្ថន័យនៃបញ្ជីរបស់អ្នក។,
pricing.hero_subhead,pricing,HERO,"Not just pass/fail. Every address comes with reasoning so you know what to keep, what to monitor, and what to suppress.","មិនមែនគ្រាន់តែជាប់/ធ្លាក់ទេ។ រាល់អាសយដ្ឋានមកជាមួយហេតុផល ដើម្បីឱ្យអ្នកដឹងថាអ្វីត្រូវរក្សា អ្វីត្រូវតាមដាន និងអ្វីត្រូវ suppress។",DNT Keep/Monitor/Suppress
pricing.join,pricing,CONTENT,Join,ចូលរួម,
pricing.keep_desc,pricing,OUTPUT,No risk patterns surfaced during review. Domain behavior and historical signals support continued sending.,មិនមានលំនាំហានិភ័យលេចឡើងកំឡុងពេលពិនិត្យ។ អាកប្បកិរិយា domain និងសញ្ញាប្រវត្តិសាស្រ្តគាំទ្រការបន្តផ្ញើ។,
pricing.keep_title,pricing,OUTPUT,Cleared After Full Review,បានសម្អាតបន្ទាប់ពីការពិនិត្យពេញលេញ,
pricing.learn_more_sos,pricing,CONTENT,Learn More About SOS Hotline,ស្វែងយល់បន្ថែមអំពី SOS Hotline,DNT SOS Hotline
pricing.monitor_desc,pricing,OUTPUT,"These require judgment. We surface historical patterns and relationship context.",ទាំងនេះទាមទារការវិនិច្ឆ័យ។ យើងបង្ហាញលំនាំប្រវត្តិសាស្រ្ត និងបរិបទទំនាក់ទំនង។,
pricing.monitor_title,pricing,OUTPUT,Patterns Worth Watching,លំនាំដែលគួរតាមដាន,
pricing.need_more,pricing,CALCULATOR,Need more than 1 million?,ត្រូវការច្រើនជាង ១លាន?,
pricing.newsletter_opt,pricing,CONTENT,"Monthly deliverability insights (no spam, just signal)","ការយល់ដឹងអំពី deliverability ប្រចាំខែ (គ្មាន spam, គ្រាន់តែ signal)",
pricing.option_automation,pricing,OPTIONS,Automation,ស្វ័យប្រវត្តិកម្ម,
pricing.option_execution,pricing,OPTIONS,Execution,ការប្រតិបត្តិ,
pricing.option_guidance,pricing,OPTIONS,Guidance,ការណែនាំ,
pricing.questions_title,pricing,CONTENT,Questions?,សំណួរ?,
pricing.suppress_desc,pricing,OUTPUT,"Clear risk signals: known problem domains, disposable patterns, historical trap indicators.",សញ្ញាហានិភ័យច្បាស់លាស់៖ domain មានបញ្ហាដែលស្គាល់, លំនាំ disposable, សូចនាករអន្ទាក់ប្រវត្តិសាស្រ្ត។,
pricing.suppress_title,pricing,OUTPUT,"Clear Risk, Clear Reasoning",ហានិភ័យច្បាស់លាស់ ហេតុផលច្បាស់លាស់,
pricing.waitlist_success_short,pricing,CONTENT,You're on the list!,អ្នកនៅក្នុងបញ្ជីហើយ!,
pricing.what_you_get_subtitle,pricing,OUTPUT,A cleaned list with clear recommendations.,បញ្ជីស្អាតដែលមានអនុសាសន៍ច្បាស់លាស់។,
pricing.what_you_get_title,pricing,OUTPUT,What You Get,អ្វីដែលអ្នកទទួលបាន,
pricing.who_item1,pricing,WHO FOR,Running campaigns but seeing declining engagement,កំពុងដំណើរការយុទ្ធនាការប៉ុន្តែឃើញការចូលរួមធ្លាក់ចុះ,
pricing.who_item2,pricing,WHO FOR,"Worried about bounces, complaints, or blocklists",ព្រួយបារម្ភអំពី bounces, បណ្តឹង, ឬ blocklists,
pricing.who_item3,pricing,WHO FOR,Inheriting a list you did not build,ទទួលមរតកបញ្ជីដែលអ្នកមិនបានបង្កើត,
pricing.who_item4,pricing,WHO FOR,"Under pressure to ""just send"" but sensing risk","ស្ថិតនៅក្រោមសម្ពាធឱ្យ ""គ្រាន់តែផ្ញើ"" ប៉ុន្តែមានអារម្មណ៍ហានិភ័យ",
pricing.who_item5,pricing,WHO FOR,Trying to explain deliverability to a boss who does not get it,ព្យាយាមពន្យល់ពី deliverability ដល់ចៅហ្វាយដែលមិនយល់,
pricing.who_note,pricing,WHO FOR,"If you care about long-term reputation, not just short-term volume, this is for you.","ប្រសិនបើអ្នកខ្វល់ពីកេរ្តិ៍ឈ្មោះរយៈពេលវែង មិនមែនគ្រាន់តែបរិមាណរយៈពេលខ្លី នេះគឺសម្រាប់អ្នក។",
pricing.who_subtitle,pricing,WHO FOR,Marketers who already send email and want to protect their sender reputation.,អ្នកទីផ្សារដែលផ្ញើអ៊ីមែលរួចហើយហើយចង់ការពារកេរ្តិ៍ឈ្មោះអ្នកផ្ញើរបស់ពួកគេ។,
pricing.who_title,pricing,WHO FOR,Who This Is For,សម្រាប់នរណា,
quiz.bonus_credits,quiz,CAPTURE,1,500 credits when we launch,1,500 credit នៅពេលយើងចាប់ផ្តើម,
quiz.cta_get_diagnosis,quiz,CTA,Get the diagnosis,ទទួលបានការធ្វើរោគវិនិច្ឆ័យ,
quiz.cta_safety_check,quiz,CTA,Get a safety check,ទទួលបានការពិនិត្យសុវត្ថិភាព,
quiz.get_list_cleaned,quiz,RESULTS,Get My List Cleaned →,សម្អាតបញ្ជីរបស់ខ្ញុំ →,
quiz.loading_analyzing,quiz,LOADING,Analyzing your responses...,កំពុងវិភាគចម្លើយរបស់អ្នក...,
quiz.loading_comparing,quiz,LOADING,Comparing against common patterns,កំពុងប្រៀបធៀបជាមួយលំនាំទូទៅ,
quiz.newsletter_opt,quiz,CAPTURE,"Monthly deliverability insights (no spam, just signal)","ការយល់ដឹងអំពី deliverability ប្រចាំខែ (គ្មាន spam, គ្រាន់តែ signal)",
quiz.notify_launch,quiz,CAPTURE,Notify me when self-serve launches,ជូនដំណឹងខ្ញុំនៅពេល self-serve ចាប់ផ្តើម,
quiz.pattern_line,quiz,RESULTS,This is one of the most common patterns I see.,នេះគឺជាលំនាំទូទៅបំផុតមួយដែលខ្ញុំឃើញ។,
quiz.q1_text,quiz,QUESTIONS,How did the majority of these emails get on your list?,តើអ៊ីមែលភាគច្រើនទាំងនេះបានមកក្នុងបញ្ជីរបស់អ្នកយ៉ាងដូចម្តេច?,
quiz.q2_text,quiz,QUESTIONS,Is your sending domain authenticated with DMARC?,តើ domain ផ្ញើរបស់អ្នកបានផ្ទៀងផ្ទាត់ជាមួយ DMARC ទេ?,DNT DMARC
quiz.q3_text,quiz,QUESTIONS,Have you run this list through a validation tool?,តើអ្នកបានដាក់បញ្ជីនេះតាមរយៈឧបករណ៍ validation ទេ?,
quiz.q4_text,quiz,QUESTIONS,What brought you here today?,តើអ្វីនាំអ្នកមកទីនេះថ្ងៃនេះ?,
quiz.ready_to_go,quiz,CAPTURE,Ready to go?,ត្រៀមខ្លួនរួចរាល់ហើយឬនៅ?,
quiz.request_contact,quiz,CAPTURE,Have someone reach out to discuss my situation (no sales pitch),ឱ្យនរណាម្នាក់ទាក់ទងមកពិភាក្សាអំពីស្ថានភាពរបស់ខ្ញុំ (គ្មានការលក់),
quiz.res_catchall_headline,quiz,RESULTS,Those ""Unknown"" addresses are not unknown to me.,អាសយដ្ឋាន ""Unknown"" ទាំងនោះមិនមែនមិនស្គាល់សម្រាប់ខ្ញុំទេ។,
quiz.res_catchall_reality,quiz,RESULTS,"A large percentage of business domains are catch-all. Validation marks them ""Unknown"" because it cannot verify.",ភាគរយដ៏ធំនៃ domain អាជីវកម្មគឺ catch-all។ Validation សម្គាល់ពួកវាថា ""Unknown"" ព្រោះវាមិនអាចផ្ទៀងផ្ទាត់បាន។,
quiz.res_catchall_subhead,quiz,RESULTS,Catch-all domains accept everything. Validation tools cannot tell you which addresses are real. I can.,Domain catch-all ទទួលយកអ្វីៗទាំងអស់។ ឧបករណ៍ validation មិនអាចប្រាប់អ្នកថាអាសយដ្ឋានណាពិតប្រាកដទេ។ ខ្ញុំអាច។,
quiz.res_crisis_headline,quiz,RESULTS,You need triage, not just cleaning.,អ្នកត្រូវការការសង្គ្រោះបន្ទាន់ មិនមែនគ្រាន់តែសម្អាតទេ។,
quiz.res_crisis_reality,quiz,RESULTS,You need a remediation strategy, not just a clean list. I help identify the root cause.,អ្នកត្រូវការយុទ្ធសាស្ត្រដោះស្រាយ មិនមែនគ្រាន់តែបញ្ជីស្អាតទេ។ ខ្ញុំជួយកំណត់មូលហេតុដើម។,
quiz.res_crisis_subhead,quiz,RESULTS,An ESP warning is the final straw. Your reputation is already damaged.,ការព្រមានពី ESP គឺជាចំបើងចុងក្រោយ។ កេរ្តិ៍ឈ្មោះរបស់អ្នកខូចខាតរួចទៅហើយ។,
quiz.res_decay_headline,quiz,RESULTS,Your list is slowly suffocating your delivery.,បញ្ជីរបស់អ្នកកំពុងបំផ្លាញការដឹកជញ្ជូនរបស់អ្នកយឺតៗ។,
quiz.res_decay_reality,quiz,RESULTS,This is the hardest problem to diagnose because there is no event.,នេះគឺជាបញ្ហាពិបាកបំផុតក្នុងការធ្វើរោគវិនិច្ឆ័យព្រោះមិនមានព្រឹត្តិការណ៍។,
quiz.res_decay_subhead,quiz,RESULTS,No bounce spike. No warning. Just a quiet decline as dead weight accumulates.,គ្មាន bounce spike។ គ្មានការព្រមាន។ គ្រាន់តែការធ្លាក់ចុះស្ងាត់ៗនៅពេលទម្ងន់ស្លាប់កើនឡើង។,
quiz.res_infra_headline,quiz,RESULTS,Your infrastructure may be the problem.,ហេដ្ឋារចនាសម្ព័ន្ធរបស់អ្នកអាចជាបញ្ហា។,
quiz.res_infra_reality,quiz,RESULTS,Domain authentication tells inbox providers you are who you say you are.,ការផ្ទៀងផ្ទាត់ Domain ប្រាប់អ្នកផ្តល់ inbox ថាអ្នកគឺជាអ្នកដែលអ្នកនិយាយ។,
quiz.res_infra_subhead,quiz,RESULTS,Without proper DMARC authentication, even a clean list can land in spam.,បើគ្មានការផ្ទៀងផ្ទាត់ DMARC ត្រឹមត្រូវ សូម្បីតែបញ្ជីស្អាតក៏អាចចូល spam បានដែរ។,DNT DMARC
quiz.res_noconsent_headline,quiz,RESULTS,We can absolutely help clean your list.,យើងពិតជាអាចជួយសម្អាតបញ្ជីរបស់អ្នកបាន។,
quiz.res_noconsent_reality,quiz,RESULTS,"We catch invalid addresses, spam traps, role accounts, and high-risk patterns that other validators miss.",យើងចាប់យកអាសយដ្ឋានមិនត្រឹមត្រូវ, spam traps, គណនី role, និងលំនាំហានិភ័យខ្ពស់ដែល validators ផ្សេងទៀតខកខាន។,
quiz.res_noconsent_subhead,quiz,RESULTS,Lists without explicit consent carry more risk—but that doesn't mean you can't send safely.,បញ្ជីដែលគ្មានការយល់ព្រមច្បាស់លាស់មានហានិភ័យច្រើនជាង—ប៉ុន្តែនោះមិនមានន័យថាអ្នកមិនអាចផ្ញើដោយសុវត្ថិភាពទេ។,
quiz.res_preventive_headline,quiz,RESULTS,You are in a good spot. Let's keep it that way.,អ្នកស្ថិតក្នុងស្ថានភាពល្អ។ តោះរក្សាវាឱ្យនៅដដែល។,
quiz.res_preventive_reality,quiz,RESULTS,You are doing the right things. A safety check ensures you do not accidentally hit a trap.,អ្នកកំពុងធ្វើរឿងត្រឹមត្រូវ។ ការពិនិត្យសុវត្ថិភាពធានាថាអ្នកមិនប៉ះអន្ទាក់ដោយចៃដន្យ។,
quiz.res_preventive_subhead,quiz,RESULTS,Healthy lists still decay by about 22% every year.,បញ្ជីដែលមានសុខភាពល្អនៅតែខូចប្រហែល 22% ជារៀងរាល់ឆ្នាំ។,
quiz.res_toolfail_headline,quiz,RESULTS,Your validation tool missed something.,ឧបករណ៍ validation របស់អ្នកបានខកខានអ្វីមួយ។,
quiz.res_toolfail_reality,quiz,RESULTS,Automated tools cannot see behavioral history. They check code, not context.,ឧបករណ៍ស្វ័យប្រវត្តិមិនអាចមើលឃើញប្រវត្តិអាកប្បកិរិយាទេ។ ពួកគេពិនិត្យកូដ មិនមែនបរិបទទេ។,
quiz.res_toolfail_subhead,quiz,RESULTS,You paid for syntax checking. You were punished for reputation.,អ្នកបានបង់ប្រាក់សម្រាប់ការពិនិត្យ syntax។ អ្នកត្រូវបានដាក់ទណ្ឌកម្មសម្រាប់កេរ្តិ៍ឈ្មោះ។,
quiz.save_diagnosis,quiz,CAPTURE,Save your diagnosis,រក្សាទុកការធ្វើរោគវិនិច្ឆ័យរបស់អ្នក,
quiz.send_results,quiz,CAPTURE,Send My Results,ផ្ញើលទ្ធផលរបស់ខ្ញុំ,
quiz.skip,quiz,CAPTURE,Skip,រំលង,
quiz.step_1_of_4,quiz,QUESTIONS,Question 1 of 4,សំណួរទី 1 នៃ 4,
quiz.what_this_means,quiz,RESULTS,What this means,អ្វីដែលនេះមានន័យ,
quiz.what_well_do,quiz,RESULTS,What we'll do,អ្វីដែលយើងនឹងធ្វើ,
sos.bridge_dfy_cta,sos-hotline,BRIDGE,See What You Get,មើលអ្វីដែលអ្នកទទួលបាន,
sos.bridge_dfy_desc,sos-hotline,BRIDGE,"Send us your list. We review every address and return it labeled: Keep, Monitor, or Suppress.","ផ្ញើបញ្ជីរបស់អ្នកមកយើង។ យើងពិនិត្យរាល់អាសយដ្ឋាន ហើយប្រគល់វាវិញដោយដាក់ស្លាក៖ Keep, Monitor, ឬ Suppress។",DNT Keep/Monitor/Suppress
sos.bridge_dfy_title,sos-hotline,BRIDGE,Done-For-You Review,ការត្រួតពិនិត្យពេញលេញ (Done-For-You),
sos.bridge_expert_cta,sos-hotline,BRIDGE,See the Process,មើលដំណើរការ,
sos.bridge_expert_desc,sos-hotline,BRIDGE,Every list review includes a walkthrough of your results. We explain what we found.,ការពិនិត្យបញ្ជីនីមួយៗរួមបញ្ចូលការពន្យល់លទ្ធផល។ យើងពន្យល់ពីអ្វីដែលយើងរកឃើញ។,
sos.bridge_expert_title,sos-hotline,BRIDGE,Expert Interpretation,ការបកស្រាយដោយអ្នកជំនាញ,
sos.bridge_intro,sos-hotline,BRIDGE,"SOS gives you guidance. If you need someone to actually touch your data, we offer:",SOS ផ្តល់ឱ្យអ្នកនូវការណែនាំ។ ប្រសិនបើអ្នកត្រូវការនរណាម្នាក់ឱ្យប៉ះទិន្នន័យរបស់អ្នក យើងផ្តល់ជូន៖,DNT SOS
sos.bridge_title,sos-hotline,BRIDGE,Need More Than Advice?,ត្រូវការច្រើនជាងដំបូន្មាន?,
sos.final_cta_subtext,sos-hotline,FINAL CTA,"Email us. Within 48 hours. Often sooner.","ផ្ញើអ៊ីមែលមកយើង។ ក្នុងរយៈពេល 48 ម៉ោង។ ជាញឹកញាប់លឿនជាងនេះ។",
sos.final_cta_title,sos-hotline,FINAL CTA,Ready to Ask Your Question?,ត្រៀមខ្លួនសួរសំណួររបស់អ្នកហើយឬនៅ?,
sos.how_step1,sos-hotline,HOW IT WORKS,You send an email to the SOS Hotline,អ្នកផ្ញើអ៊ីមែលទៅ SOS Hotline,DNT SOS Hotline
sos.how_step2,sos-hotline,HOW IT WORKS,You receive an automatic reply confirming we got it,អ្នកទទួលបានការឆ្លើយតបដោយស្វ័យប្រវត្តិបញ្ជាក់ថាយើងបានទទួលវា,
sos.how_step3,sos-hotline,HOW IT WORKS,YT personally reads and responds within 48 hours,Yanna-Torry អានផ្ទាល់ និងឆ្លើយតបក្នុងរយៈពេល 48 ម៉ោង,DNT YT
sos.topic_career_advice,sos-hotline,TOPICS,Career advice,ដំបូន្មានអាជីព,
sos.why_free_p1,sos-hotline,WHY FREE,We offer real help without charging because it is the right thing to do.,"យើងផ្តល់ជំនួយពិតប្រាកដដោយមិនគិតថ្លៃ ព្រោះវាជារឿងត្រឹមត្រូវ។ សំណួរភាគច្រើនស្ថិតនៅក្នុងលំនាំទូទៅដែលខ្ញុំឃើញរាល់សប្តាហ៍។ អ្នកខ្លះត្រូវការចម្លើយរហ័ស។ អ្នកខ្លះត្រូវការការគាំទ្រស៊ីជម្រៅ។ ទោះជាយ៉ាងណាក៏ដោយ ការសន្ទនាចាប់ផ្តើមដូចគ្នា។",
sos.why_free_p2,sos-hotline,WHY FREE,"If you need more than guidance, we offer done-for-you list reviews with expert interpretation included.","ប្រសិនបើអ្នកត្រូវការច្រើនជាងការណែនាំ យើងផ្តល់ជូនការត្រួតពិនិត្យបញ្ជីដែលធ្វើជូនអ្នក (Done-For-You) ជាមួយនឹងការបកស្រាយដោយអ្នកជំនាញ។ ប៉ុន្តែគ្មានសម្ពាធទេ។ SOS Hotline មានដើម្បីជួយ មិនមែនដើម្បីលក់ទេ។",
sos.why_free_tagline,sos-hotline,WHY FREE,Trust beats tactics.,ទំនុកចិត្តសំខាន់ជាងយុទ្ធសាស្ត្រ។,
sos.why_free_title,sos-hotline,WHY FREE,Why Is This Free?,ហេតុអ្វីបានជាវាឥតគិតថ្លៃ?,